id,country,income
1,Country B,5402.53
2,Country B,5290.71
3,Country B,14842.63
4,Country B,5876.7
5,Country B,7353.27
6,Country B,8842.62
7,Country B,6522.69
8,Country B,28584.81
9,Country B,7204.66
10,Country B,6775.55
11,Country B,9864.67
12,Country B,6660.31
13,Country B,5302.54
14,Country B,16382.78
15,Country B,9780.17
16,Country B,5276.32
17,Country B,5096.64
18,Country B,32186.47
19,Country B,9552.31
20,Country B,8273.94
21,Country B,5458.47
22,Country B,27858.82
23,Country B,5048.8
24,Country B,5244.06
25,Country B,43799.58
26,Country B,8915.61
27,Country B,11333.63
28,Country B,5449.53
29,Country B,10071.08
30,Country B,5842.72
31,Country B,6514.94
32,Country B,5998.69
33,Country B,11386.81
34,Country B,6946.31
35,Country B,615239.81
36,Country B,5861.55
37,Country B,359077.13
38,Country B,19614.54
39,Country B,5445.02
40,Country B,7665.49
41,Country B,11609.51
42,Country B,10295.75
43,Country B,87023.79
44,Country B,5117.96
45,Country B,10379.06
46,Country B,5192.07
47,Country B,5545.4
48,Country B,7370.92
49,Country B,5129.76
50,Country B,7589.4
51,Country B,12994.26
52,Country B,12559.07
53,Country B,11128.52
54,Country B,6173.56
55,Country B,84090.45
56,Country B,6430.13
57,Country B,7016.65
58,Country B,23192.45
59,Country B,16073.55
60,Country B,8912.57
61,Country B,7031.73
62,Country B,5075.93
63,Country B,6350.92
64,Country B,8195.71
65,Country B,5760.8
66,Country B,21241.63
67,Country B,15546.8
68,Country B,5890.82
69,Country B,6876.24
70,Country B,17260.79
71,Country B,77153.69
72,Country B,27553.53
73,Country B,18924.86
74,Country B,9476
75,Country B,20497.07
76,Country B,6658.35
77,Country B,337171.3
78,Country B,11718.84
79,Country B,8912.65
80,Country B,1371465.37
81,Country B,8010.17
82,Country B,24889.52
83,Country B,12184.69
84,Country B,7314.77
85,Country B,6234.88
86,Country B,8231.63
87,Country B,17699.33
88,Country B,40588.79
89,Country B,42383.86
90,Country B,14032.49
91,Country B,7106.61
92,Country B,7052655.51
93,Country B,19540.02
94,Country B,5310.63
95,Country B,5347.48
96,Country B,6541.95
97,Country B,13006.31
98,Country B,8902.79
99,Country B,6466.34
100,Country B,7585.98
101,Country B,7511.28
102,Country B,18866.32
103,Country B,18911.04
104,Country B,11365.51
105,Country B,5264.44
106,Country B,5168.47
107,Country B,6497.64
108,Country B,6548.54
109,Country B,8602.94
110,Country B,994454.29
111,Country B,7696.59
112,Country B,5837.88
113,Country B,6409.83
114,Country B,9959.53
115,Country B,8602.54
116,Country B,8580.45
117,Country B,1533913.56
118,Country B,12284.8
119,Country B,7661.63
120,Country B,5885.98
121,Country B,12253.17
122,Country B,10841.64
123,Country B,8108.8
124,Country B,7914.71
125,Country B,6655.93
126,Country B,11214.53
127,Country B,5380.04
128,Country B,5168.64
129,Country B,17711.19
130,Country B,6617.24
131,Country B,5460.56
132,Country B,7757.14
133,Country B,7456.83
134,Country B,5289.19
135,Country B,5756.13
136,Country B,8031.59
137,Country B,5932.92
138,Country B,33112.05
139,Country B,6315.05
140,Country B,7538.84
141,Country B,26262.96
142,Country B,44828.93
143,Country B,9747.6
144,Country B,6210.22
145,Country B,6546.35
146,Country B,5959.26
147,Country B,23322.98
148,Country B,5253.46
149,Country B,14513.1
150,Country B,26167.12
151,Country B,6658.17
152,Country B,13319.34
153,Country B,6214.09
154,Country B,11227.68
155,Country B,7004.82
156,Country B,6234.87
157,Country B,21399.33
158,Country B,108367.56
159,Country B,28392.92
160,Country B,6990.74
161,Country B,5301.79
162,Country B,8402.38
163,Country B,7776.28
164,Country B,20534.69
165,Country B,8610.28
166,Country B,22258.32
167,Country B,9975.73
168,Country B,13575.88
169,Country B,32502.49
170,Country B,21575.89
171,Country B,6575.96
172,Country B,10813.33
173,Country B,10763.86
174,Country B,9460.36
175,Country B,10468.87
176,Country B,28252.39
177,Country B,5912.42
178,Country B,7884.19
179,Country B,6107.93
180,Country B,6282.73
181,Country B,5385.89
182,Country B,5685.58
183,Country B,13578.79
184,Country B,16172.02
185,Country B,6479.28
186,Country B,6440.85
187,Country B,5386.67
188,Country B,6116
189,Country B,28833.9
190,Country B,14770.38
191,Country B,20747.17
192,Country B,6177.55
193,Country B,29699.2
194,Country B,29655.75
195,Country B,49121.16
196,Country B,64176.18
197,Country B,8657.59
198,Country B,33473.34
199,Country B,6472.29
200,Country B,6563.56
201,Country B,5559.76
202,Country B,8872.12
203,Country B,5747.62
204,Country B,10153.57
205,Country B,24892.96
206,Country B,10162.98
207,Country B,5144.65
208,Country B,9387.7
209,Country B,16550.26
210,Country B,16148.77
211,Country B,8516.55
212,Country B,7273.21
213,Country B,12893.72
214,Country B,56952.94
215,Country B,9986.79
216,Country B,5826.05
217,Country B,8094.55
218,Country B,12354.77
219,Country B,8443.32
220,Country B,5518.57
221,Country B,9297.62
222,Country B,23149.23
223,Country B,8502.71
224,Country B,5173.8
225,Country B,13702.6
226,Country B,5938.51
227,Country B,13959.5
228,Country B,21641.49
229,Country B,69662.37
230,Country B,16946.98
231,Country B,12423.39
232,Country B,24737.4
233,Country B,14077.43
234,Country B,168159.58
235,Country B,5015.04
236,Country B,6041.87
237,Country B,41971.27
238,Country B,5644.05
239,Country B,8348.45
240,Country B,10600.88
241,Country B,52023.79
242,Country B,8259.78
243,Country B,50044.68
244,Country B,19313
245,Country B,8414
246,Country B,9431.83
247,Country B,24677.03
248,Country B,26089.98
249,Country B,9147.13
250,Country B,5273.64
251,Country B,12967.08
252,Country B,21343.5
253,Country B,15625.48
254,Country B,8673.62
255,Country B,141220.83
256,Country B,6078.9
257,Country B,33993.26
258,Country B,8546.97
259,Country B,8136.47
260,Country B,7588.19
261,Country B,6694.8
262,Country B,30862.79
263,Country B,13803.45
264,Country B,5248.54
265,Country B,9135.16
266,Country B,28481.13
267,Country B,5647.86
268,Country B,19831.41
269,Country B,5350.49
270,Country B,5550.84
271,Country B,28287.45
272,Country B,6169.07
273,Country B,9948.6
274,Country B,28387.71
275,Country B,5559.2
276,Country B,12883.91
277,Country B,13493.73
278,Country B,11001.46
279,Country B,9481.52
280,Country B,11928.74
281,Country B,9718.09
282,Country B,67782.23
283,Country B,21450.21
284,Country B,5076.64
285,Country B,13171.46
286,Country B,23224.05
287,Country B,9326.36
288,Country B,159210.15
289,Country B,12792.4
290,Country B,106530.47
291,Country B,5659.35
292,Country B,6560.51
293,Country B,13642.98
294,Country B,11429.19
295,Country B,13027.61
296,Country B,40668.41
297,Country B,6369.07
298,Country B,7762.8
299,Country B,26740.83
300,Country B,98351.59
301,Country B,9401.53
302,Country B,10118.34
303,Country B,57415.35
304,Country B,13198.31
305,Country B,5596.55
306,Country B,5322.68
307,Country B,11283.98
308,Country B,24761.18
309,Country B,13469.03
310,Country B,13963.01
311,Country B,34684.2
312,Country B,5091.62
313,Country B,9185.05
314,Country B,39412.89
315,Country B,19282.72
316,Country B,5323.2
317,Country B,14376
318,Country B,7240.84
319,Country B,5474.07
320,Country B,5040.37
321,Country B,10408.8
322,Country B,11244.14
323,Country B,27311.96
324,Country B,15134.32
325,Country B,8216.73
326,Country B,5300.23
327,Country B,12203.26
328,Country B,5806.48
329,Country B,6633.87
330,Country B,6415.67
331,Country B,5355.81
332,Country B,956110.21
333,Country B,24548.57
334,Country B,11109.43
335,Country B,7034.33
336,Country B,9459.3
337,Country B,8630.02
338,Country B,13579.72
339,Country B,5974.98
340,Country B,14573.73
341,Country B,10876.27
342,Country B,40224.49
343,Country B,6079.99
344,Country B,12162.4
345,Country B,81282.03
346,Country B,80251
347,Country B,5206.94
348,Country B,11777.46
349,Country B,6028.67
350,Country B,5427.02
351,Country B,10208.12
352,Country B,8073.8
353,Country B,48299.87
354,Country B,24003.39
355,Country B,6497.37
356,Country B,9539.84
357,Country B,6943.22
358,Country B,5220.82
359,Country B,9176.04
360,Country B,9631.64
361,Country B,8275.75
362,Country B,7247.67
363,Country B,15145.3
364,Country B,5089.03
365,Country B,7332.23
366,Country B,7998.52
367,Country B,7621.18
368,Country B,5350.01
369,Country B,11338.19
370,Country B,14762.8
371,Country B,40294.77
372,Country B,13393.12
373,Country B,6360.2
374,Country B,35663.76
375,Country B,6732.29
376,Country B,5150.47
377,Country B,20135.6
378,Country B,34495.8
379,Country B,61880.72
380,Country B,5881.16
381,Country B,8015.04
382,Country B,9638.91
383,Country B,12010.75
384,Country B,15119.38
385,Country B,7799.39
386,Country B,5950.78
387,Country B,37740.84
388,Country B,5163.42
389,Country B,23494.29
390,Country B,42181.98
391,Country B,5693.73
392,Country B,8759.12
393,Country B,7206.39
394,Country B,17979.57
395,Country B,6643.34
396,Country B,9285.11
397,Country B,5156.14
398,Country B,5443.24
399,Country B,8392.36
400,Country B,47225.11
401,Country B,134435.06
402,Country B,8930.29
403,Country B,7464.86
404,Country B,10658.24
405,Country B,5591.92
406,Country B,34635.09
407,Country B,5087.36
408,Country B,15868.76
409,Country B,42966.87
410,Country B,11443.27
411,Country B,30519.72
412,Country B,8010.77
413,Country B,17285.48
414,Country B,6638.04
415,Country B,26656.57
416,Country B,25605.43
417,Country B,16174.08
418,Country B,6220.5
419,Country B,10490.82
420,Country B,57695.65
421,Country B,32832.57
422,Country B,9418.65
423,Country B,5092.35
424,Country B,5995.73
425,Country B,8504.32
426,Country B,49053.88
427,Country B,9703.69
428,Country B,12778.63
429,Country B,6904.72
430,Country B,8916.43
431,Country B,8904.9
432,Country B,8469.04
433,Country B,10061.53
434,Country B,43141.72
435,Country B,5325.03
436,Country B,177898.27
437,Country B,10762.89
438,Country B,18154.63
439,Country B,37144.54
440,Country B,9415.82
441,Country B,7270.75
442,Country B,5369.25
443,Country B,12080.21
444,Country B,5728.89
445,Country B,14207.19
446,Country B,9718.6
447,Country B,27175.18
448,Country B,6020.23
449,Country B,7121.64
450,Country B,56159.58
451,Country B,10396.35
452,Country B,11168.26
453,Country B,6844.04
454,Country B,7182.54
455,Country B,10917.62
456,Country B,13964.8
457,Country B,16400.73
458,Country B,7059.35
459,Country B,5509.59
460,Country B,5784.21
461,Country B,11265.91
462,Country B,45426.95
463,Country B,5889.18
464,Country B,48746.67
465,Country B,32849.94
466,Country B,7370.86
467,Country B,13446.42
468,Country B,21312.5
469,Country B,11242.83
470,Country B,5689.04
471,Country B,12522.55
472,Country B,1484440.18
473,Country B,5420.68
474,Country B,5219.83
475,Country B,9282.33
476,Country B,9755.24
477,Country B,7836.26
478,Country B,5447.89
479,Country B,22989.84
480,Country B,6165.44
481,Country B,17750.13
482,Country B,8065.14
483,Country B,5813.26
484,Country B,29047.3
485,Country B,5501.58
486,Country B,10009.42
487,Country B,5510.93
488,Country B,16776.62
489,Country B,43226.66
490,Country B,69295.72
491,Country B,5089.45
492,Country B,9394.78
493,Country B,5786.25
494,Country B,10713.39
495,Country B,9308.33
496,Country B,21863.69
497,Country B,6353.71
498,Country B,14035.49
499,Country B,23870.94
500,Country B,97590.88
501,Country B,28249.72
502,Country B,22522.44
503,Country B,8835.74
504,Country B,5998.27
505,Country B,32701.49
506,Country B,5514.8
507,Country B,8085.8
508,Country B,26554.74
509,Country B,5464.92
510,Country B,16519.31
511,Country B,25936.47
512,Country B,6286.18
513,Country B,17938.53
514,Country B,14025.26
515,Country B,8850.42
516,Country B,12954.66
517,Country B,25375.15
518,Country B,15796.05
519,Country B,12434.24
520,Country B,8048.04
521,Country B,6014.52
522,Country B,5309.46
523,Country B,5855.76
524,Country B,30078.96
525,Country B,7277.32
526,Country B,6900.95
527,Country B,99611.84
528,Country B,5373.51
529,Country B,9492.01
530,Country B,15788.27
531,Country B,5720.89
532,Country B,18005.01
533,Country B,6124.36
534,Country B,7303.52
535,Country B,10536.63
536,Country B,38693.21
537,Country B,688753.64
538,Country B,8668.09
539,Country B,8766.14
540,Country B,19171.62
541,Country B,6677.92
542,Country B,5174.38
543,Country B,8854.92
544,Country B,22814.85
545,Country B,8245.71
546,Country B,6353
547,Country B,7110.83
548,Country B,18302.18
549,Country B,12587.44
550,Country B,13473.27
551,Country B,5453.93
552,Country B,20336.99
553,Country B,6983.61
554,Country B,28068.76
555,Country B,34914.26
556,Country B,39492.33
557,Country B,5394.1
558,Country B,15264.68
559,Country B,5556.07
560,Country B,6255.63
561,Country B,6103.56
562,Country B,19779.08
563,Country B,69855.21
564,Country B,84317.52
565,Country B,14913.61
566,Country B,12494.5
567,Country B,6516.04
568,Country B,16595.71
569,Country B,8867.26
570,Country B,6351.65
571,Country B,7410.14
572,Country B,19925.14
573,Country B,5030.44
574,Country B,4456241.12
575,Country B,19704.42
576,Country B,7431.04
577,Country B,170326.54
578,Country B,116605.68
579,Country B,7708.66
580,Country B,8145.06
581,Country B,16936.23
582,Country B,5378.41
583,Country B,7062.56
584,Country B,7316.55
585,Country B,19563.23
586,Country B,9455.09
587,Country B,5059.36
588,Country B,5030.11
589,Country B,9997.13
590,Country B,6694.84
591,Country B,13594.22
592,Country B,5856.83
593,Country B,10332.79
594,Country B,5017.49
595,Country B,6032.62
596,Country B,9359.92
597,Country B,8561.13
598,Country B,12741.67
599,Country B,65369.55
600,Country B,9846.32
601,Country B,9164.95
602,Country B,14996.58
603,Country B,6230.54
604,Country B,14087.31
605,Country B,8895.46
606,Country B,9500.95
607,Country B,6284.01
608,Country B,24092.3
609,Country B,10173.99
610,Country B,8779.24
611,Country B,9518.82
612,Country B,8761.26
613,Country B,6945.79
614,Country B,12402.35
615,Country B,5820.76
616,Country B,5366.29
617,Country B,35109.82
618,Country B,19707.83
619,Country B,9353.22
620,Country B,13328.78
621,Country B,9610.09
622,Country B,7956.85
623,Country B,18367.75
624,Country B,6542.46
625,Country B,25953.48
626,Country B,6838.95
627,Country B,15913.61
628,Country B,10490.85
629,Country B,6642.47
630,Country B,9561.5
631,Country B,12821.9
632,Country B,17257.83
633,Country B,18934.43
634,Country B,17166.91
635,Country B,8215.68
636,Country B,6713.47
637,Country B,34604.57
638,Country B,8842.91
639,Country B,5746.1
640,Country B,6696.61
641,Country B,13691.29
642,Country B,32589.72
643,Country B,8090.06
644,Country B,5871.01
645,Country B,8824.23
646,Country B,6869.3
647,Country B,9137.09
648,Country B,12330.2
649,Country B,5158.24
650,Country B,5364.53
651,Country B,19869.91
652,Country B,5204.71
653,Country B,5621.25
654,Country B,6840.73
655,Country B,8940.07
656,Country B,9451.69
657,Country B,20108.73
658,Country B,36954.73
659,Country B,9594.62
660,Country B,13759.99
661,Country B,6258.91
662,Country B,5474.05
663,Country B,12933.5
664,Country B,5917.01
665,Country B,18651.77
666,Country B,6303.47
667,Country B,8269.13
668,Country B,10555.65
669,Country B,5827.17
670,Country B,14789.57
671,Country B,9627.72
672,Country B,6200.01
673,Country B,43670.95
674,Country B,11225.78
675,Country B,38484.5
676,Country B,28833.22
677,Country B,18571.55
678,Country B,15406.99
679,Country B,14283.46
680,Country B,11737.95
681,Country B,9273.57
682,Country B,5595.59
683,Country B,6430.61
684,Country B,5203.37
685,Country B,13045.55
686,Country B,5915.65
687,Country B,28959.39
688,Country B,30562.06
689,Country B,6588.69
690,Country B,8430
691,Country B,7701.21
692,Country B,30940.02
693,Country B,5607.63
694,Country B,5804.43
695,Country B,72417.23
696,Country B,6759.27
697,Country B,8616.51
698,Country B,5249.9
699,Country B,5416.82
700,Country B,9897.83
701,Country B,6307.79
702,Country B,9056.16
703,Country B,20044.18
704,Country B,6676.25
705,Country B,6289.53
706,Country B,6764.61
707,Country B,21034.22
708,Country B,14331.78
709,Country B,13282.1
710,Country B,8128.52
711,Country B,5574.14
712,Country B,5603.91
713,Country B,11444.68
714,Country B,6513.59
715,Country B,6095.1
716,Country B,6619.91
717,Country B,11455.37
718,Country B,14321.23
719,Country B,59938.96
720,Country B,7049.1
721,Country B,20444.71
722,Country B,7523.16
723,Country B,27951.25
724,Country B,11784.68
725,Country B,13687.2
726,Country B,5972.26
727,Country B,11917.01
728,Country B,10216.84
729,Country B,10228.7
730,Country B,7775.58
731,Country B,10998.52
732,Country B,5188.58
733,Country B,5130.67
734,Country B,5403.96
735,Country B,43599.06
736,Country B,9519.86
737,Country B,12803.87
738,Country B,7051.44
739,Country B,7406.08
740,Country B,5704.86
741,Country B,5236.29
742,Country B,8102.77
743,Country B,8609.82
744,Country B,5268.14
745,Country B,5520.53
746,Country B,10849.2
747,Country B,67618.93
748,Country B,6217.84
749,Country B,5345.89
750,Country B,11665.17
751,Country B,16992.28
752,Country B,41531.43
753,Country B,11310.82
754,Country B,21939.31
755,Country B,28778.51
756,Country B,16270.17
757,Country B,8366.01
758,Country B,26321.15
759,Country B,5167.12
760,Country B,5254.41
761,Country B,5033.78
762,Country B,6765.99
763,Country B,27502.59
764,Country B,301036.65
765,Country B,6934.64
766,Country B,6981.34
767,Country B,5388.67
768,Country B,10892.73
769,Country B,10577.72
770,Country B,8581.24
771,Country B,10772.98
772,Country B,37803.89
773,Country B,11590.7
774,Country B,20443.93
775,Country B,6613.06
776,Country B,252229.88
777,Country B,5381.81
778,Country B,5478.52
779,Country B,6390.38
780,Country B,5218.88
781,Country B,7518.15
782,Country B,7214.6
783,Country B,11561.41
784,Country B,53421.59
785,Country B,6896.35
786,Country B,29980.23
787,Country B,14612.92
788,Country B,7449.51
789,Country B,11338.16
790,Country B,50227.68
791,Country B,5680.18
792,Country B,11461.79
793,Country B,7075.89
794,Country B,142690.81
795,Country B,7850.49
796,Country B,15304.04
797,Country B,11112.97
798,Country B,26674.57
799,Country B,5916.15
800,Country B,27565.34
801,Country B,5432.27
802,Country B,5480.13
803,Country B,20965.25
804,Country B,8651.71
805,Country B,8797.99
806,Country B,24561.11
807,Country B,8835.64
808,Country B,18328.37
809,Country B,15054.57
810,Country B,9077.37
811,Country B,24745.76
812,Country B,5372.79
813,Country B,9151.01
814,Country B,7626.86
815,Country B,6466.67
816,Country B,7611.01
817,Country B,5324.99
818,Country B,44773.64
819,Country B,111592.84
820,Country B,8523.22
821,Country B,17219.84
822,Country B,7322.6
823,Country B,11658.2
824,Country B,71588.78
825,Country B,69921.86
826,Country B,5167.37
827,Country B,18190.13
828,Country B,244811.06
829,Country B,18767.32
830,Country B,61365.38
831,Country B,17616.2
832,Country B,11027.26
833,Country B,200866.95
834,Country B,12104.56
835,Country B,7975.65
836,Country B,7731.3
837,Country B,15934.04
838,Country B,7035.88
839,Country B,5296.95
840,Country B,668077.61
841,Country B,6158.01
842,Country B,6025.33
843,Country B,48661.6
844,Country B,8189.29
845,Country B,8555.34
846,Country B,28040.85
847,Country B,15299.64
848,Country B,12400.77
849,Country B,5987.46
850,Country B,23159.88
851,Country B,8812.12
852,Country B,6314.23
853,Country B,14725.63
854,Country B,10275.11
855,Country B,7087.92
856,Country B,88062.44
857,Country B,8269.92
858,Country B,5313.85
859,Country B,10319.41
860,Country B,5294.85
861,Country B,5096.29
862,Country B,7021.29
863,Country B,14316.36
864,Country B,19565.85
865,Country B,13507.63
866,Country B,5733.32
867,Country B,56863.58
868,Country B,21993.31
869,Country B,9400.37
870,Country B,12831.9
871,Country B,5983.89
872,Country B,5641.24
873,Country B,155780.8
874,Country B,5911.99
875,Country B,11061.37
876,Country B,7064
877,Country B,31906.85
878,Country B,9527.42
879,Country B,5349.01
880,Country B,8092.08
881,Country B,5413.1
882,Country B,6381.93
883,Country B,7462.04
884,Country B,6107.77
885,Country B,5358.04
886,Country B,24023.51
887,Country B,20914.7
888,Country B,37804.56
889,Country B,5884.94
890,Country B,6032.28
891,Country B,15159.61
892,Country B,10030.89
893,Country B,7515.11
894,Country B,11844.25
895,Country B,11536.6
896,Country B,5404.2
897,Country B,11331.25
898,Country B,50309.62
899,Country B,6755.21
900,Country B,6878.04
901,Country B,38315.33
902,Country B,88105.09
903,Country B,11069.25
904,Country B,242158.24
905,Country B,8178.1
906,Country B,5252.35
907,Country B,12668.63
908,Country B,17017.83
909,Country B,8521.19
910,Country B,32134.86
911,Country B,11734.64
912,Country B,13198.14
913,Country B,5241.47
914,Country B,5424.35
915,Country B,6329.91
916,Country B,6361.63
917,Country B,5006.57
918,Country B,8024.6
919,Country B,19163.91
920,Country B,28792.16
921,Country B,6122.1
922,Country B,5080.02
923,Country B,5079.38
924,Country B,30403.82
925,Country B,7595.3
926,Country B,5711.17
927,Country B,27741.06
928,Country B,11966.11
929,Country B,24996.23
930,Country B,10054.06
931,Country B,9366.08
932,Country B,5227.09
933,Country B,5454.68
934,Country B,5275.59
935,Country B,6251.21
936,Country B,39733.7
937,Country B,179846.67
938,Country B,12991.47
939,Country B,17179.56
940,Country B,6123.52
941,Country B,9193.35
942,Country B,8920.62
943,Country B,49033.39
944,Country B,12609.97
945,Country B,6374.42
946,Country B,11463.63
947,Country B,377643.38
948,Country B,6665.74
949,Country B,8317.37
950,Country B,50441.39
951,Country B,12525.52
952,Country B,10787.51
953,Country B,13780.12
954,Country B,6515.15
955,Country B,11380.9
956,Country B,7583.15
957,Country B,7539.6
958,Country B,6054.84
959,Country B,7232.66
960,Country B,6997.1
961,Country B,10838.9
962,Country B,7145.48
963,Country B,115174.87
964,Country B,5967.52
965,Country B,47529.39
966,Country B,5474.62
967,Country B,49979.95
968,Country B,21082.13
969,Country B,6227.17
970,Country B,19993.97
971,Country B,11001.89
972,Country B,10086.57
973,Country B,7725.74
974,Country B,8072.46
975,Country B,58151.98
976,Country B,21928.49
977,Country B,14406.59
978,Country B,11702.87
979,Country B,6709.15
980,Country B,30466.11
981,Country B,10431.98
982,Country B,104350.78
983,Country B,9932.12
984,Country B,6108.52
985,Country B,9617.85
986,Country B,17524.31
987,Country B,5549.31
988,Country B,30296.89
989,Country B,15645.9
990,Country B,5574.33
991,Country B,6417.28
992,Country B,37787.65
993,Country B,5969.83
994,Country B,5709.97
995,Country B,32265.31
996,Country B,28090.18
997,Country B,8432.19
998,Country B,58560.48
999,Country B,9207.29
1000,Country B,355564.82
1001,Country B,5769.04
1002,Country B,55532.26
1003,Country B,5942.73
1004,Country B,8553
1005,Country B,9151.16
1006,Country B,136917.66
1007,Country B,8354.9
1008,Country B,6653.99
1009,Country B,17567.9
1010,Country B,5993.39
1011,Country B,10598.79
1012,Country B,8215.61
1013,Country B,25773.86
1014,Country B,20736.4
1015,Country B,23733.38
1016,Country B,5848.16
1017,Country B,33795.38
1018,Country B,15708.88
1019,Country B,6080.75
1020,Country B,14288.85
1021,Country B,5657.42
1022,Country B,83186.89
1023,Country B,12781.32
1024,Country B,13859.79
1025,Country B,29583.15
1026,Country B,11763.95
1027,Country B,9731.26
1028,Country B,71916.57
1029,Country B,5054.92
1030,Country B,5435.37
1031,Country B,5091.37
1032,Country B,23286.13
1033,Country B,77552.96
1034,Country B,27158.35
1035,Country B,12139.06
1036,Country B,8483.83
1037,Country B,5289.13
1038,Country B,7415.58
1039,Country B,9385.03
1040,Country B,42261.9
1041,Country B,5252.53
1042,Country B,12560.16
1043,Country B,11888.16
1044,Country B,7533.21
1045,Country B,6594.23
1046,Country B,20450.44
1047,Country B,7925.97
1048,Country B,5801.15
1049,Country B,5002.7
1050,Country B,243979.31
1051,Country B,5933.37
1052,Country B,19783.24
1053,Country B,33090.23
1054,Country B,6920.71
1055,Country B,15463.82
1056,Country B,5921.85
1057,Country B,7326.96
1058,Country B,8714.21
1059,Country B,109796.38
1060,Country B,14796.31
1061,Country B,90939.69
1062,Country B,5491.04
1063,Country B,29285.3
1064,Country B,66000.59
1065,Country B,12041.39
1066,Country B,6856.67
1067,Country B,5520.78
1068,Country B,17031.28
1069,Country B,11289.29
1070,Country B,7575.38
1071,Country B,8220.84
1072,Country B,79719.41
1073,Country B,9565.51
1074,Country B,5231.87
1075,Country B,17274.11
1076,Country B,7008.87
1077,Country B,5409.59
1078,Country B,73323.06
1079,Country B,28263.78
1080,Country B,36914.74
1081,Country B,10864.21
1082,Country B,5134.44
1083,Country B,12040.29
1084,Country B,6614.04
1085,Country B,6795.53
1086,Country B,124416.14
1087,Country B,5247.29
1088,Country B,8634.76
1089,Country B,6849.58
1090,Country B,73779.33
1091,Country B,5393.48
1092,Country B,97500.24
1093,Country B,6224.6
1094,Country B,8739.56
1095,Country B,15808.84
1096,Country B,9057.85
1097,Country B,8648.81
1098,Country B,41849.56
1099,Country B,5398.45
1100,Country B,8227.04
1101,Country B,58387.74
1102,Country B,7057.91
1103,Country B,7500.06
1104,Country B,48767.85
1105,Country B,10256.19
1106,Country B,7355.31
1107,Country B,6005.68
1108,Country B,11294.64
1109,Country B,6251.71
1110,Country B,5624.59
1111,Country B,7595
1112,Country B,12223.01
1113,Country B,5314.48
1114,Country B,6460.64
1115,Country B,54907.57
1116,Country B,34574.84
1117,Country B,5949.46
1118,Country B,6116.77
1119,Country B,60271.15
1120,Country B,5439.7
1121,Country B,6640.03
1122,Country B,5465.44
1123,Country B,8603.6
1124,Country B,12502.93
1125,Country B,5859.24
1126,Country B,6135.26
1127,Country B,8664.18
1128,Country B,6214.72
1129,Country B,59145.27
1130,Country B,9857.77
1131,Country B,136364.51
1132,Country B,6497.38
1133,Country B,6769.94
1134,Country B,446623.45
1135,Country B,9627.15
1136,Country B,7839.69
1137,Country B,14940.11
1138,Country B,62058.9
1139,Country B,11654.51
1140,Country B,8681.02
1141,Country B,16635.12
1142,Country B,5256.53
1143,Country B,10260.61
1144,Country B,6809.14
1145,Country B,22665.87
1146,Country B,17172.05
1147,Country B,129568.78
1148,Country B,13154.14
1149,Country B,10785.56
1150,Country B,34422.45
1151,Country B,5746.91
1152,Country B,298801.54
1153,Country B,5135.29
1154,Country B,6040.22
1155,Country B,9119.07
1156,Country B,5304.97
1157,Country B,9679.03
1158,Country B,8964.67
1159,Country B,5865.8
1160,Country B,24519.38
1161,Country B,8809.19
1162,Country B,10341.26
1163,Country B,13049.04
1164,Country B,10050.47
1165,Country B,80113.65
1166,Country B,17086.77
1167,Country B,36037.19
1168,Country B,12064.9
1169,Country B,7197.51
1170,Country B,10521.43
1171,Country B,49156.97
1172,Country B,6928.98
1173,Country B,5742.61
1174,Country B,5659.42
1175,Country B,40944.61
1176,Country B,217727.71
1177,Country B,10559.97
1178,Country B,5119.25
1179,Country B,9150.39
1180,Country B,5023.37
1181,Country B,9217.66
1182,Country B,30920.58
1183,Country B,8273.26
1184,Country B,17339.3
1185,Country B,6611.27
1186,Country B,6164.44
1187,Country B,10016.3
1188,Country B,9657
1189,Country B,11047.21
1190,Country B,5467.18
1191,Country B,8231.1
1192,Country B,6895.35
1193,Country B,13033.46
1194,Country B,38765.61
1195,Country B,5286.65
1196,Country B,7073.52
1197,Country B,192808.59
1198,Country B,33265.96
1199,Country B,5772.02
1200,Country B,10074.02
1201,Country B,11046.73
1202,Country B,10369.4
1203,Country B,7142.19
1204,Country B,21959.41
1205,Country B,5828.57
1206,Country B,5389.38
1207,Country B,6081.94
1208,Country B,9087.28
1209,Country B,16437.03
1210,Country B,7108.29
1211,Country B,5271.03
1212,Country B,5085.18
1213,Country B,65063.29
1214,Country B,11534.36
1215,Country B,6030.24
1216,Country B,8437.13
1217,Country B,14062.69
1218,Country B,11036.59
1219,Country B,113438.09
1220,Country B,5764.91
1221,Country B,102428.08
1222,Country B,7249.78
1223,Country B,7832.05
1224,Country B,13743.48
1225,Country B,5057.62
1226,Country B,5886.07
1227,Country B,7710.01
1228,Country B,27963.6
1229,Country B,5638.45
1230,Country B,8064.65
1231,Country B,6076.18
1232,Country B,111334.63
1233,Country B,16331.14
1234,Country B,6371.19
1235,Country B,5879.77
1236,Country B,8774.8
1237,Country B,7391.42
1238,Country B,9332.16
1239,Country B,8007.36
1240,Country B,36909.69
1241,Country B,5808.84
1242,Country B,11032.08
1243,Country B,6257.47
1244,Country B,5221.1
1245,Country B,15842.64
1246,Country B,5883.78
1247,Country B,7236.57
1248,Country B,6080.53
1249,Country B,21570.92
1250,Country B,6386.3
1251,Country B,6527.84
1252,Country B,6407.88
1253,Country B,13021.87
1254,Country B,59868.79
1255,Country B,7042.53
1256,Country B,79438.18
1257,Country B,7335.21
1258,Country B,14260.85
1259,Country B,11252.74
1260,Country B,5358.25
1261,Country B,6999.21
1262,Country B,6672.95
1263,Country B,6676.27
1264,Country B,18071.85
1265,Country B,10884.56
1266,Country B,8137.96
1267,Country B,5590.9
1268,Country B,7856.82
1269,Country B,5385.44
1270,Country B,12414.88
1271,Country B,16463.54
1272,Country B,6700.85
1273,Country B,18767.7
1274,Country B,10142.23
1275,Country B,6850.4
1276,Country B,7050.82
1277,Country B,22152.85
1278,Country B,6560.21
1279,Country B,13231.45
1280,Country B,12382.99
1281,Country B,6144.29
1282,Country B,12024.42
1283,Country B,14978.31
1284,Country B,16098.67
1285,Country B,115911.16
1286,Country B,7211.33
1287,Country B,6445.21
1288,Country B,7460.54
1289,Country B,62752.39
1290,Country B,8723.08
1291,Country B,41475.23
1292,Country B,15596.76
1293,Country B,1646836.61
1294,Country B,6763.46
1295,Country B,6090.04
1296,Country B,28653.97
1297,Country B,7806.02
1298,Country B,12179.23
1299,Country B,7009.56
1300,Country B,11984.61
1301,Country B,6064.87
1302,Country B,5057.08
1303,Country B,9410.11
1304,Country B,45602.1
1305,Country B,28623.91
1306,Country B,5509.9
1307,Country B,6705.46
1308,Country B,5620.27
1309,Country B,5459.82
1310,Country B,9512.22
1311,Country B,52604.71
1312,Country B,6654.14
1313,Country B,15514.86
1314,Country B,13230.84
1315,Country B,11465.43
1316,Country B,13087.07
1317,Country B,37491.69
1318,Country B,8015.27
1319,Country B,6375.4
1320,Country B,8873.72
1321,Country B,15387.16
1322,Country B,10117.39
1323,Country B,5503.1
1324,Country B,5369.49
1325,Country B,8809.56
1326,Country B,6305.34
1327,Country B,6299.2
1328,Country B,5829.23
1329,Country B,5272.74
1330,Country B,10570.2
1331,Country B,7743.06
1332,Country B,18639.62
1333,Country B,5705.32
1334,Country B,5337.21
1335,Country B,7988.27
1336,Country B,7187.04
1337,Country B,53632.9
1338,Country B,17014.84
1339,Country B,8995.91
1340,Country B,8904.59
1341,Country B,6321.13
1342,Country B,15720.03
1343,Country B,6923.72
1344,Country B,8307.57
1345,Country B,10395.28
1346,Country B,5695.43
1347,Country B,33639.87
1348,Country B,13603.8
1349,Country B,6488.99
1350,Country B,8454.25
1351,Country B,22241.29
1352,Country B,6977.68
1353,Country B,35397.37
1354,Country B,14733.3
1355,Country B,6620.77
1356,Country B,73590.39
1357,Country B,34403.57
1358,Country B,10683.61
1359,Country B,7835.65
1360,Country B,20515.57
1361,Country B,9118.03
1362,Country B,5912.16
1363,Country B,39792.46
1364,Country B,9633.27
1365,Country B,5582.68
1366,Country B,10296.63
1367,Country B,15284.09
1368,Country B,60245.87
1369,Country B,5560.81
1370,Country B,26349.6
1371,Country B,13563.67
1372,Country B,6986.71
1373,Country B,15002.94
1374,Country B,10527.84
1375,Country B,9338.17
1376,Country B,17206.63
1377,Country B,12151.68
1378,Country B,51029.42
1379,Country B,12135.71
1380,Country B,5075.2
1381,Country B,21184.38
1382,Country B,5633.02
1383,Country B,33401.88
1384,Country B,20801.75
1385,Country B,6572.62
1386,Country B,15598.75
1387,Country B,19419.21
1388,Country B,7999.05
1389,Country B,42939.14
1390,Country B,9606.7
1391,Country B,14010.07
1392,Country B,5529.43
1393,Country B,19297.71
1394,Country B,8814.13
1395,Country B,202629.83
1396,Country B,8729.82
1397,Country B,11452.5
1398,Country B,1399960.03
1399,Country B,8197.03
1400,Country B,10054.33
1401,Country B,7621.03
1402,Country B,67405.18
1403,Country B,7245.41
1404,Country B,13357.82
1405,Country B,24814.93
1406,Country B,19274.76
1407,Country B,11805.68
1408,Country B,7049.14
1409,Country B,25063.76
1410,Country B,11001.84
1411,Country B,15994.45
1412,Country B,12469.96
1413,Country B,33251.58
1414,Country B,14524.02
1415,Country B,29064.88
1416,Country B,9856.1
1417,Country B,6530.2
1418,Country B,63429.71
1419,Country B,11273.18
1420,Country B,5809.2
1421,Country B,11143.27
1422,Country B,9890.45
1423,Country B,5189.39
1424,Country B,6234.39
1425,Country B,9522.31
1426,Country B,5068.07
1427,Country B,14428.19
1428,Country B,22067.82
1429,Country B,6257.82
1430,Country B,5639.6
1431,Country B,13727.19
1432,Country B,5405.31
1433,Country B,5400.97
1434,Country B,6021.66
1435,Country B,12370.4
1436,Country B,7032.03
1437,Country B,15666.87
1438,Country B,5191.35
1439,Country B,31287.4
1440,Country B,13359.19
1441,Country B,7484.88
1442,Country B,17174.84
1443,Country B,5331.95
1444,Country B,7878.44
1445,Country B,12129.24
1446,Country B,7702.96
1447,Country B,7760.94
1448,Country B,5582.33
1449,Country B,7466.6
1450,Country B,5667.06
1451,Country B,5363.25
1452,Country B,8167
1453,Country B,6446.45
1454,Country B,11289.37
1455,Country B,27382.49
1456,Country B,5251.53
1457,Country B,17113.19
1458,Country B,136819.4
1459,Country B,18097.91
1460,Country B,17519.28
1461,Country B,8326.19
1462,Country B,7150.61
1463,Country B,9160.65
1464,Country B,32649.5
1465,Country B,7335.44
1466,Country B,7501.85
1467,Country B,16379.91
1468,Country B,17565.34
1469,Country B,12355.4
1470,Country B,13953.56
1471,Country B,6270.47
1472,Country B,18056.12
1473,Country B,9816.45
1474,Country B,5830.45
1475,Country B,16325.34
1476,Country B,9815.6
1477,Country B,5853.3
1478,Country B,13102.22
1479,Country B,9050.87
1480,Country B,6264.08
1481,Country B,22243.5
1482,Country B,5031.73
1483,Country B,5197.92
1484,Country B,8869.54
1485,Country B,31286.32
1486,Country B,8239.13
1487,Country B,86978.87
1488,Country B,5208.64
1489,Country B,231911.02
1490,Country B,8070.18
1491,Country B,6477.37
1492,Country B,21320.59
1493,Country B,14366.39
1494,Country B,10070.75
1495,Country B,11302.41
1496,Country B,7204.17
1497,Country B,7641.92
1498,Country B,6583.2
1499,Country B,13451.23
1500,Country B,26934.77
1501,Country B,63366.43
1502,Country B,5203.8
1503,Country B,121086.38
1504,Country B,5372.12
1505,Country B,11963.72
1506,Country B,6831.81
1507,Country B,8159.85
1508,Country B,14939.31
1509,Country B,245253.82
1510,Country B,10601.02
1511,Country B,7638.21
1512,Country B,523370.91
1513,Country B,7142.24
1514,Country B,32629.9
1515,Country B,5467.61
1516,Country B,36709.8
1517,Country B,8209.23
1518,Country B,16609.02
1519,Country B,8015.06
1520,Country B,5216.02
1521,Country B,6595.23
1522,Country B,10982.78
1523,Country B,9258.63
1524,Country B,7063.25
1525,Country B,9672.2
1526,Country B,14422.67
1527,Country B,8460.23
1528,Country B,6534.75
1529,Country B,6264.45
1530,Country B,5977.31
1531,Country B,13004.39
1532,Country B,5526.51
1533,Country B,13894.63
1534,Country B,6828.61
1535,Country B,20859.14
1536,Country B,5103.53
1537,Country B,23451.25
1538,Country B,23291.54
1539,Country B,7492.09
1540,Country B,6541.17
1541,Country B,5280.72
1542,Country B,6287.97
1543,Country B,23792.37
1544,Country B,15111.39
1545,Country B,10516.57
1546,Country B,5834.89
1547,Country B,25801.38
1548,Country B,7121.21
1549,Country B,5953.85
1550,Country B,7049.78
1551,Country B,11719.19
1552,Country B,5564.03
1553,Country B,8138.96
1554,Country B,9641.49
1555,Country B,7410.08
1556,Country B,6491.97
1557,Country B,26664.68
1558,Country B,10939.75
1559,Country B,9854.42
1560,Country B,8300.85
1561,Country B,10863.39
1562,Country B,5008.19
1563,Country B,6419.1
1564,Country B,21342.06
1565,Country B,34425.84
1566,Country B,6467.55
1567,Country B,32771.87
1568,Country B,5009.5
1569,Country B,6218.86
1570,Country B,10898.26
1571,Country B,15208.71
1572,Country B,5196.23
1573,Country B,16432.96
1574,Country B,31575.33
1575,Country B,8476.12
1576,Country B,7050.59
1577,Country B,11750.33
1578,Country B,26469.41
1579,Country B,5138.78
1580,Country B,50976.81
1581,Country B,7769.31
1582,Country B,20729.38
1583,Country B,8224.94
1584,Country B,26393.57
1585,Country B,5916.08
1586,Country B,13127.94
1587,Country B,9533.08
1588,Country B,21211.49
1589,Country B,8837.57
1590,Country B,9214.27
1591,Country B,27353.1
1592,Country B,6396.82
1593,Country B,253919.7
1594,Country B,22431.56
1595,Country B,33122.78
1596,Country B,8589.82
1597,Country B,8470.25
1598,Country B,144318.58
1599,Country B,25916.29
1600,Country B,8325.59
1601,Country B,6387.62
1602,Country B,7163.43
1603,Country B,6305.79
1604,Country B,27156.75
1605,Country B,7957.38
1606,Country B,6757.19
1607,Country B,10629.09
1608,Country B,5039.92
1609,Country B,42209.81
1610,Country B,8420.73
1611,Country B,11632.83
1612,Country B,11396.72
1613,Country B,13275.78
1614,Country B,5015.46
1615,Country B,6448
1616,Country B,6207.3
1617,Country B,5455.12
1618,Country B,7113.11
1619,Country B,6888.14
1620,Country B,5246.95
1621,Country B,29554.3
1622,Country B,5225.35
1623,Country B,5215.47
1624,Country B,41442.31
1625,Country B,5795.53
1626,Country B,6368.58
1627,Country B,7929.25
1628,Country B,14041.12
1629,Country B,208882.23
1630,Country B,13351.36
1631,Country B,23355.07
1632,Country B,18746.02
1633,Country B,9593.28
1634,Country B,331868.97
1635,Country B,6228.33
1636,Country B,6127.89
1637,Country B,31825.95
1638,Country B,20845.04
1639,Country B,5002.88
1640,Country B,5462.68
1641,Country B,474151.73
1642,Country B,6622.87
1643,Country B,10931.82
1644,Country B,133320.21
1645,Country B,11150.05
1646,Country B,22478.31
1647,Country B,16488.41
1648,Country B,5408.5
1649,Country B,11735.78
1650,Country B,14254.2
1651,Country B,6268.25
1652,Country B,200717.72
1653,Country B,21095.95
1654,Country B,5003.02
1655,Country B,159606.18
1656,Country B,6670.24
1657,Country B,8580.78
1658,Country B,11301.83
1659,Country B,9147.11
1660,Country B,5044.21
1661,Country B,9219.41
1662,Country B,5103.66
1663,Country B,6436.65
1664,Country B,6952.18
1665,Country B,9219.85
1666,Country B,62753.19
1667,Country B,6197.97
1668,Country B,12573.53
1669,Country B,137189.33
1670,Country B,7547.67
1671,Country B,29549.77
1672,Country B,22226.84
1673,Country B,7407.15
1674,Country B,23494.78
1675,Country B,12095.28
1676,Country B,18586.29
1677,Country B,5894.2
1678,Country B,659883.47
1679,Country B,24943.01
1680,Country B,5290.08
1681,Country B,6308.38
1682,Country B,5931.48
1683,Country B,16587.83
1684,Country B,32170.19
1685,Country B,28925.23
1686,Country B,10645.23
1687,Country B,11986.25
1688,Country B,26841.44
1689,Country B,8831.45
1690,Country B,6452.65
1691,Country B,34141.82
1692,Country B,11880.99
1693,Country B,18476.72
1694,Country B,5495.8
1695,Country B,35098.58
1696,Country B,5824.57
1697,Country B,5786.39
1698,Country B,115923.35
1699,Country B,6309.02
1700,Country B,15372.58
1701,Country B,25889.38
1702,Country B,37452.89
1703,Country B,6723.43
1704,Country B,9893.32
1705,Country B,11112.72
1706,Country B,7620.3
1707,Country B,28939.53
1708,Country B,44646.57
1709,Country B,7146.03
1710,Country B,6113.66
1711,Country B,11776.77
1712,Country B,6078.06
1713,Country B,6001.5
1714,Country B,5674.22
1715,Country B,10570.97
1716,Country B,38410.92
1717,Country B,5573.58
1718,Country B,14729.44
1719,Country B,14036.89
1720,Country B,5966.4
1721,Country B,7947.42
1722,Country B,7150.31
1723,Country B,7326.74
1724,Country B,18065.13
1725,Country B,7685.81
1726,Country B,9358.22
1727,Country B,8029.2
1728,Country B,5988.31
1729,Country B,9218.74
1730,Country B,43987.24
1731,Country B,9752.53
1732,Country B,7814.63
1733,Country B,5407.3
1734,Country B,70068.35
1735,Country B,5953.78
1736,Country B,41527.75
1737,Country B,15562.7
1738,Country B,5774.26
1739,Country B,5382.57
1740,Country B,43983.4
1741,Country B,8309.65
1742,Country B,77561.18
1743,Country B,16084.21
1744,Country B,21389.91
1745,Country B,8184.04
1746,Country B,53367.93
1747,Country B,10259.38
1748,Country B,8367.92
1749,Country B,8541.43
1750,Country B,16435.16
1751,Country B,23933.7
1752,Country B,6591.27
1753,Country B,19738.67
1754,Country B,7952.4
1755,Country B,5409.01
1756,Country B,19671.58
1757,Country B,5868.28
1758,Country B,13886.6
1759,Country B,21344.67
1760,Country B,8844.86
1761,Country B,21786.41
1762,Country B,18344.38
1763,Country B,5192.03
1764,Country B,20893
1765,Country B,5125.6
1766,Country B,5322.1
1767,Country B,18762.68
1768,Country B,12178.1
1769,Country B,38225.9
1770,Country B,5658.91
1771,Country B,5019
1772,Country B,8125.58
1773,Country B,7901.53
1774,Country B,6815.35
1775,Country B,8101.49
1776,Country B,24175.35
1777,Country B,8679.3
1778,Country B,9148.23
1779,Country B,5376.15
1780,Country B,9963.47
1781,Country B,10544.3
1782,Country B,46452.92
1783,Country B,5336.82
1784,Country B,13725.21
1785,Country B,10794.91
1786,Country B,11219.15
1787,Country B,6875.67
1788,Country B,7885.48
1789,Country B,25923.28
1790,Country B,12696.87
1791,Country B,8180.73
1792,Country B,6348.05
1793,Country B,5560.08
1794,Country B,6506.44
1795,Country B,10309.58
1796,Country B,147096.03
1797,Country B,5478.87
1798,Country B,30489.48
1799,Country B,5013.93
1800,Country B,54127.36
1801,Country B,5898.71
1802,Country B,12274.7
1803,Country B,11047.94
1804,Country B,5147.65
1805,Country B,8565.86
1806,Country B,7467.59
1807,Country B,13037.04
1808,Country B,36112.7
1809,Country B,5064.71
1810,Country B,7088.32
1811,Country B,1391719.92
1812,Country B,11985.83
1813,Country B,8652.49
1814,Country B,8338.82
1815,Country B,8491.57
1816,Country B,8412.09
1817,Country B,7975.52
1818,Country B,55572.78
1819,Country B,58040.68
1820,Country B,5493.78
1821,Country B,7962.76
1822,Country B,5910.79
1823,Country B,8097.09
1824,Country B,12929.03
1825,Country B,5501.44
1826,Country B,51224.18
1827,Country B,6820.76
1828,Country B,62578.6
1829,Country B,5656.84
1830,Country B,5923.49
1831,Country B,23443.5
1832,Country B,5967.54
1833,Country B,10002.47
1834,Country B,16577
1835,Country B,8077.58
1836,Country B,6959.88
1837,Country B,7714.93
1838,Country B,7057.54
1839,Country B,17054.16
1840,Country B,5214.11
1841,Country B,5323.44
1842,Country B,6821.89
1843,Country B,15593.83
1844,Country B,5118.82
1845,Country B,64070.68
1846,Country B,7810.77
1847,Country B,7210.9
1848,Country B,6257.04
1849,Country B,6444.82
1850,Country B,5808.89
1851,Country B,5895.22
1852,Country B,9660.96
1853,Country B,23105.26
1854,Country B,5075.28
1855,Country B,11044.93
1856,Country B,6303.2
1857,Country B,39806.54
1858,Country B,5504.17
1859,Country B,6064.92
1860,Country B,7479.18
1861,Country B,7411.35
1862,Country B,5470.11
1863,Country B,5944.4
1864,Country B,9152.53
1865,Country B,6585.64
1866,Country B,6199.24
1867,Country B,15524.06
1868,Country B,6697.02
1869,Country B,8135.78
1870,Country B,5525.15
1871,Country B,111427.58
1872,Country B,7001.18
1873,Country B,6882.34
1874,Country B,8138.87
1875,Country B,5856.74
1876,Country B,14462.37
1877,Country B,21133.77
1878,Country B,23450.9
1879,Country B,178934.34
1880,Country B,32874.6
1881,Country B,54658.72
1882,Country B,6035.01
1883,Country B,28928.4
1884,Country B,40491.41
1885,Country B,5518.71
1886,Country B,6543.88
1887,Country B,9113.55
1888,Country B,15286.37
1889,Country B,34660.48
1890,Country B,5776.55
1891,Country B,6728.06
1892,Country B,6036.27
1893,Country B,198361.52
1894,Country B,16483.98
1895,Country B,11033.26
1896,Country B,13056.32
1897,Country B,5660
1898,Country B,22763.48
1899,Country B,11974.13
1900,Country B,112739.81
1901,Country B,5457.97
1902,Country B,5812.07
1903,Country B,5163.38
1904,Country B,7620.19
1905,Country B,31274.31
1906,Country B,5348.89
1907,Country B,30582.41
1908,Country B,8328.95
1909,Country B,22184.95
1910,Country B,5051.48
1911,Country B,6805.46
1912,Country B,16423.92
1913,Country B,6082.86
1914,Country B,11751.38
1915,Country B,5551.16
1916,Country B,28244.06
1917,Country B,5463.32
1918,Country B,5467.33
1919,Country B,5706.6
1920,Country B,8657.26
1921,Country B,5902.09
1922,Country B,5300.43
1923,Country B,8215.89
1924,Country B,11225.88
1925,Country B,21462.52
1926,Country B,5568.61
1927,Country B,17688.37
1928,Country B,5255.36
1929,Country B,7193.01
1930,Country B,24668.63
1931,Country B,5209.64
1932,Country B,25251.03
1933,Country B,5199.55
1934,Country B,7249.25
1935,Country B,115456.28
1936,Country B,10568.12
1937,Country B,20079.31
1938,Country B,7576.52
1939,Country B,5365.5
1940,Country B,8067.93
1941,Country B,27025.6
1942,Country B,12008.73
1943,Country B,63987.63
1944,Country B,32651.3
1945,Country B,6607.83
1946,Country B,23565.94
1947,Country B,5187.96
1948,Country B,57354.4
1949,Country B,5118.26
1950,Country B,9261.5
1951,Country B,6793.52
1952,Country B,6622.54
1953,Country B,6317.74
1954,Country B,5591.03
1955,Country B,6715.73
1956,Country B,16987.04
1957,Country B,9251.76
1958,Country B,6364.74
1959,Country B,4781989.24
1960,Country B,43164.69
1961,Country B,6229.58
1962,Country B,14517.45
1963,Country B,12525.58
1964,Country B,7280.6
1965,Country B,5796.17
1966,Country B,51080.82
1967,Country B,15849.42
1968,Country B,6731.94
1969,Country B,66422.11
1970,Country B,12925.07
1971,Country B,5514.49
1972,Country B,18081.65
1973,Country B,8127.44
1974,Country B,21089.63
1975,Country B,5001.03
1976,Country B,9106.28
1977,Country B,5941.38
1978,Country B,7399.89
1979,Country B,5742.54
1980,Country B,6929.29
1981,Country B,6223.09
1982,Country B,26542.48
1983,Country B,15455.74
1984,Country B,16109.34
1985,Country B,12288.85
1986,Country B,16081.98
1987,Country B,5727.41
1988,Country B,6536.03
1989,Country B,5733.68
1990,Country B,6540.32
1991,Country B,6652.82
1992,Country B,5073.58
1993,Country B,24351.05
1994,Country B,6303.07
1995,Country B,5209.14
1996,Country B,15819.94
1997,Country B,42287.02
1998,Country B,18020.1
1999,Country B,13028.17
2000,Country B,5219.47
2001,Country B,5044.04
2002,Country B,10240.15
2003,Country B,6818.98
2004,Country B,5538.22
2005,Country B,5853.95
2006,Country B,6539.42
2007,Country B,7302.26
2008,Country B,5801.26
2009,Country B,24653.99
2010,Country B,12048.3
2011,Country B,15359.6
2012,Country B,30541.26
2013,Country B,8206.56
2014,Country B,7053.22
2015,Country B,1278146.38
2016,Country B,6064.64
2017,Country B,20422.2
2018,Country B,7112.92
2019,Country B,6152.82
2020,Country B,5217.65
2021,Country B,11527.2
2022,Country B,8736.15
2023,Country B,11380.55
2024,Country B,29138.58
2025,Country B,6020.24
2026,Country B,6936.8
2027,Country B,14535.72
2028,Country B,10632.25
2029,Country B,6532.93
2030,Country B,5760.02
2031,Country B,46234.61
2032,Country B,14946.03
2033,Country B,34133.22
2034,Country B,18512.38
2035,Country B,71322.47
2036,Country B,57012
2037,Country B,8632.81
2038,Country B,37584.78
2039,Country B,10667.66
2040,Country B,31431.97
2041,Country B,5349.05
2042,Country B,283372.28
2043,Country B,9408.83
2044,Country B,6367.84
2045,Country B,5416.5
2046,Country B,6223.4
2047,Country B,5115.29
2048,Country B,24331
2049,Country B,13777.05
2050,Country B,10212.56
2051,Country B,7260.79
2052,Country B,6898.8
2053,Country B,20347.04
2054,Country B,6073.04
2055,Country B,6277.71
2056,Country B,7182.26
2057,Country B,27614.16
2058,Country B,7098.79
2059,Country B,25679.18
2060,Country B,8055.05
2061,Country B,7645.38
2062,Country B,25917.46
2063,Country B,8597.12
2064,Country B,8133.49
2065,Country B,7755.96
2066,Country B,5810.38
2067,Country B,8717.99
2068,Country B,16950.71
2069,Country B,14305.63
2070,Country B,5781.76
2071,Country B,10046.97
2072,Country B,6840.29
2073,Country B,5240.53
2074,Country B,8113.61
2075,Country B,9250.52
2076,Country B,9179.35
2077,Country B,39195
2078,Country B,5186.79
2079,Country B,20338.78
2080,Country B,8643.85
2081,Country B,28473.7
2082,Country B,17250.72
2083,Country B,21786.36
2084,Country B,7170.84
2085,Country B,35895.14
2086,Country B,15113.55
2087,Country B,568756.22
2088,Country B,18260.76
2089,Country B,6434.03
2090,Country B,110315.56
2091,Country B,6455.69
2092,Country B,7565.88
2093,Country B,11066.34
2094,Country B,12688.87
2095,Country B,17640.82
2096,Country B,6319.39
2097,Country B,19558.47
2098,Country B,18308.55
2099,Country B,7224.13
2100,Country B,9188.33
2101,Country B,7915.41
2102,Country B,10357.62
2103,Country B,7144.5
2104,Country B,7532.58
2105,Country B,9105.01
2106,Country B,14324.57
2107,Country B,6557.94
2108,Country B,5795.72
2109,Country B,7112.28
2110,Country B,9061.52
2111,Country B,6720.72
2112,Country B,5108.37
2113,Country B,6903.67
2114,Country B,5019.84
2115,Country B,5219.79
2116,Country B,6336.71
2117,Country B,26692.19
2118,Country B,22735.32
2119,Country B,5304.55
2120,Country B,9469.24
2121,Country B,11894.75
2122,Country B,13272.3
2123,Country B,9568.12
2124,Country B,5320.68
2125,Country B,8651.41
2126,Country B,5393.74
2127,Country B,13216.1
2128,Country B,14075.13
2129,Country B,474130.81
2130,Country B,9422.56
2131,Country B,11673.54
2132,Country B,28049.29
2133,Country B,8881.18
2134,Country B,6049.05
2135,Country B,80177.99
2136,Country B,6706.98
2137,Country B,6744.33
2138,Country B,5503.69
2139,Country B,15356.21
2140,Country B,28559.26
2141,Country B,5344.91
2142,Country B,7340.15
2143,Country B,7746.31
2144,Country B,14125.72
2145,Country B,19021.66
2146,Country B,5943.54
2147,Country B,8194.27
2148,Country B,5455.87
2149,Country B,7777.75
2150,Country B,20200.68
2151,Country B,5947.25
2152,Country B,7210.63
2153,Country B,10256.85
2154,Country B,28032.09
2155,Country B,143806.57
2156,Country B,6748.71
2157,Country B,38070.82
2158,Country B,42999.86
2159,Country B,20657.05
2160,Country B,5064.65
2161,Country B,7128.76
2162,Country B,5051.81
2163,Country B,11392.52
2164,Country B,5980.25
2165,Country B,15637.09
2166,Country B,9508.89
2167,Country B,20346.98
2168,Country B,6450.14
2169,Country B,8264.43
2170,Country B,18967.05
2171,Country B,20510.24
2172,Country B,59736.7
2173,Country B,12603.46
2174,Country B,7555.29
2175,Country B,22919.19
2176,Country B,434107.62
2177,Country B,43756.96
2178,Country B,21189.85
2179,Country B,5877.86
2180,Country B,11151.32
2181,Country B,39134.57
2182,Country B,5534.06
2183,Country B,8696.93
2184,Country B,5904.96
2185,Country B,14896.3
2186,Country B,6218.48
2187,Country B,26817.02
2188,Country B,18147.62
2189,Country B,7770.25
2190,Country B,5520.78
2191,Country B,7316.3
2192,Country B,10360.32
2193,Country B,5495.64
2194,Country B,5249.36
2195,Country B,7498.27
2196,Country B,43533.15
2197,Country B,10111.1
2198,Country B,12109.28
2199,Country B,5020.21
2200,Country B,9145.92
2201,Country B,16254.17
2202,Country B,6617.71
2203,Country B,24892.12
2204,Country B,13635.58
2205,Country B,14399.66
2206,Country B,6996.93
2207,Country B,9896.67
2208,Country B,154203.76
2209,Country B,6606.2
2210,Country B,13213.69
2211,Country B,7164.41
2212,Country B,12302.96
2213,Country B,9861.89
2214,Country B,7969.9
2215,Country B,20639.61
2216,Country B,16188.62
2217,Country B,5642.56
2218,Country B,31768.12
2219,Country B,5940.24
2220,Country B,8124.72
2221,Country B,17652.52
2222,Country B,8102.11
2223,Country B,6392.33
2224,Country B,36125.7
2225,Country B,7049.25
2226,Country B,33247.27
2227,Country B,5746.98
2228,Country B,11117.21
2229,Country B,8285.02
2230,Country B,9372.49
2231,Country B,30095.82
2232,Country B,5827.22
2233,Country B,6145.14
2234,Country B,7142.97
2235,Country B,17739.99
2236,Country B,5210.16
2237,Country B,6809.91
2238,Country B,7969.62
2239,Country B,5214.3
2240,Country B,5417.76
2241,Country B,45971.54
2242,Country B,52078.86
2243,Country B,5272.27
2244,Country B,23671.34
2245,Country B,5416.99
2246,Country B,23545.12
2247,Country B,14306.39
2248,Country B,84866.01
2249,Country B,11072.58
2250,Country B,7654.18
2251,Country B,16903.28
2252,Country B,132767.96
2253,Country B,14930.03
2254,Country B,5986.9
2255,Country B,6661.87
2256,Country B,8690.24
2257,Country B,21755.41
2258,Country B,7067.99
2259,Country B,10532.52
2260,Country B,8256.87
2261,Country B,10153.73
2262,Country B,5310.46
2263,Country B,9794.17
2264,Country B,7482.84
2265,Country B,8127.1
2266,Country B,6955.81
2267,Country B,5252.98
2268,Country B,95124.9
2269,Country B,13255.73
2270,Country B,6040.08
2271,Country B,19159.43
2272,Country B,11223.92
2273,Country B,6165.29
2274,Country B,138547.9
2275,Country B,7289.53
2276,Country B,8090.29
2277,Country B,7873.82
2278,Country B,7877.72
2279,Country B,6631.27
2280,Country B,6404.54
2281,Country B,45459.6
2282,Country B,6580.49
2283,Country B,5722.83
2284,Country B,6715.67
2285,Country B,7036.72
2286,Country B,5104.57
2287,Country B,5883.91
2288,Country B,5241.11
2289,Country B,15376.38
2290,Country B,8100.79
2291,Country B,97764.98
2292,Country B,10134.34
2293,Country B,13691.22
2294,Country B,18111.94
2295,Country B,21972.55
2296,Country B,5861.57
2297,Country B,5057.73
2298,Country B,21220.3
2299,Country B,12787.57
2300,Country B,9804.88
2301,Country B,10750.96
2302,Country B,5782.76
2303,Country B,5723.25
2304,Country B,9981.47
2305,Country B,6554.45
2306,Country B,7028.48
2307,Country B,6424.51
2308,Country B,5184.32
2309,Country B,5018.43
2310,Country B,5087.02
2311,Country B,8202.28
2312,Country B,5396.4
2313,Country B,5126.75
2314,Country B,5164.64
2315,Country B,7794.56
2316,Country B,20619.97
2317,Country B,49105.55
2318,Country B,10910.77
2319,Country B,218790.05
2320,Country B,5046.93
2321,Country B,6480.91
2322,Country B,6042.37
2323,Country B,24762.53
2324,Country B,5955.2
2325,Country B,8877.67
2326,Country B,5506.1
2327,Country B,5170.28
2328,Country B,6308.51
2329,Country B,7413.3
2330,Country B,5211.75
2331,Country B,11414.68
2332,Country B,16746.8
2333,Country B,115088.56
2334,Country B,12415.96
2335,Country B,19291.14
2336,Country B,13684.95
2337,Country B,15011.7
2338,Country B,14489.91
2339,Country B,6398.32
2340,Country B,10611.58
2341,Country B,6942.39
2342,Country B,5227.04
2343,Country B,9047.97
2344,Country B,21233.51
2345,Country B,8132.94
2346,Country B,7051.82
2347,Country B,11424.76
2348,Country B,5149.4
2349,Country B,8948.22
2350,Country B,88147.06
2351,Country B,7717.24
2352,Country B,5963.23
2353,Country B,7052.3
2354,Country B,25080.79
2355,Country B,5151.77
2356,Country B,5355.74
2357,Country B,28883.95
2358,Country B,6146.74
2359,Country B,5326.35
2360,Country B,7319.82
2361,Country B,6428.2
2362,Country B,9847.32
2363,Country B,56804.13
2364,Country B,96060.25
2365,Country B,11316.77
2366,Country B,21367.99
2367,Country B,15889.84
2368,Country B,20210.45
2369,Country B,22715.08
2370,Country B,5499.69
2371,Country B,56083.05
2372,Country B,10830.25
2373,Country B,13820.16
2374,Country B,10400.87
2375,Country B,13054.77
2376,Country B,17406.35
2377,Country B,11782.95
2378,Country B,9285.98
2379,Country B,152432.44
2380,Country B,107005.82
2381,Country B,7077.59
2382,Country B,5913.24
2383,Country B,6259.81
2384,Country B,6298.88
2385,Country B,6170.56
2386,Country B,5387.27
2387,Country B,6208.82
2388,Country B,10618.17
2389,Country B,8035.97
2390,Country B,6085.93
2391,Country B,5330.7
2392,Country B,33215.01
2393,Country B,21152.61
2394,Country B,6267.61
2395,Country B,34087.18
2396,Country B,7507.9
2397,Country B,7449.13
2398,Country B,5662.82
2399,Country B,7079.84
2400,Country B,5778.51
2401,Country B,18105.96
2402,Country B,28854.11
2403,Country B,8909.75
2404,Country B,6968.08
2405,Country B,7505.82
2406,Country B,5124.6
2407,Country B,7292.43
2408,Country B,14554.93
2409,Country B,6007.83
2410,Country B,6238.28
2411,Country B,5912.36
2412,Country B,8317.72
2413,Country B,349156.86
2414,Country B,9728.2
2415,Country B,5190.05
2416,Country B,6313.45
2417,Country B,7029.93
2418,Country B,5840.75
2419,Country B,14929.92
2420,Country B,13823.45
2421,Country B,28989.74
2422,Country B,7842.42
2423,Country B,5958.92
2424,Country B,6252.01
2425,Country B,7487.01
2426,Country B,34985.85
2427,Country B,5703.56
2428,Country B,5337.63
2429,Country B,9535.64
2430,Country B,22373.44
2431,Country B,11001.01
2432,Country B,5117.09
2433,Country B,5054.99
2434,Country B,8619.56
2435,Country B,144595.48
2436,Country B,15037.46
2437,Country B,7251.93
2438,Country B,5336.16
2439,Country B,7273.83
2440,Country B,8510.84
2441,Country B,7086.93
2442,Country B,5202.16
2443,Country B,6721.2
2444,Country B,12779.76
2445,Country B,11310.58
2446,Country B,14203.84
2447,Country B,5597.54
2448,Country B,10770.47
2449,Country B,371244.15
2450,Country B,44200.28
2451,Country B,19404.46
2452,Country B,7077.32
2453,Country B,9962.42
2454,Country B,10458.28
2455,Country B,8216.68
2456,Country B,72096.96
2457,Country B,7196.92
2458,Country B,6786.71
2459,Country B,6506.48
2460,Country B,8347.9
2461,Country B,53347.06
2462,Country B,8121.48
2463,Country B,9087.22
2464,Country B,9917.5
2465,Country B,6818.85
2466,Country B,10899.56
2467,Country B,5439.62
2468,Country B,17843.84
2469,Country B,9920.32
2470,Country B,6130.42
2471,Country B,5251.59
2472,Country B,6221.89
2473,Country B,11360.24
2474,Country B,5723.33
2475,Country B,9463.93
2476,Country B,26538.38
2477,Country B,8231.66
2478,Country B,24623.04
2479,Country B,13934.03
2480,Country B,6137.13
2481,Country B,6326.01
2482,Country B,5813.86
2483,Country B,40903.21
2484,Country B,13380.54
2485,Country B,9171.48
2486,Country B,21566.97
2487,Country B,14479.33
2488,Country B,7554.12
2489,Country B,14576.14
2490,Country B,34351.38
2491,Country B,5614.36
2492,Country B,6883.41
2493,Country B,5737.55
2494,Country B,5209.37
2495,Country B,5252.2
2496,Country B,150117.31
2497,Country B,11190.01
2498,Country B,15891.11
2499,Country B,8935.07
2500,Country B,6337.5
2501,Country B,57419.16
2502,Country B,5310.78
2503,Country B,12490.4
2504,Country B,10815.02
2505,Country B,5175.3
2506,Country B,8668.95
2507,Country B,12824.37
2508,Country B,7464.56
2509,Country B,31206.8
2510,Country B,5493.17
2511,Country B,8878.13
2512,Country B,6008.94
2513,Country B,5513.26
2514,Country B,11609.09
2515,Country B,60107.29
2516,Country B,12591.16
2517,Country B,11096.28
2518,Country B,7723.6
2519,Country B,6991.79
2520,Country B,19673.67
2521,Country B,5106.7
2522,Country B,113559.21
2523,Country B,15657.74
2524,Country B,14147.35
2525,Country B,5297.61
2526,Country B,7726.17
2527,Country B,13024.22
2528,Country B,8282.57
2529,Country B,25836.74
2530,Country B,9870.93
2531,Country B,29808.85
2532,Country B,56437.34
2533,Country B,10798.83
2534,Country B,8453.94
2535,Country B,9280.04
2536,Country B,7740.68
2537,Country B,11776.27
2538,Country B,5093.98
2539,Country B,5737.54
2540,Country B,333832.2
2541,Country B,8088.08
2542,Country B,25471.77
2543,Country B,9862.46
2544,Country B,7473.08
2545,Country B,15442.12
2546,Country B,35211.46
2547,Country B,37857.73
2548,Country B,5157.42
2549,Country B,123453.41
2550,Country B,5497.52
2551,Country B,7975.68
2552,Country B,7152.26
2553,Country B,8977.97
2554,Country B,16856.89
2555,Country B,5407.3
2556,Country B,8123.3
2557,Country B,7635.86
2558,Country B,8612.62
2559,Country B,6155.52
2560,Country B,6314.21
2561,Country B,8883.54
2562,Country B,14092.9
2563,Country B,19703.09
2564,Country B,10163.5
2565,Country B,7641.87
2566,Country B,7254.35
2567,Country B,7441.62
2568,Country B,6641.85
2569,Country B,19681.06
2570,Country B,11407.56
2571,Country B,9321.75
2572,Country B,13845.36
2573,Country B,5100.87
2574,Country B,5927.24
2575,Country B,29595.25
2576,Country B,9617.58
2577,Country B,5328.12
2578,Country B,26727.22
2579,Country B,10851.99
2580,Country B,43944
2581,Country B,5321.36
2582,Country B,5952.21
2583,Country B,20301.46
2584,Country B,7506.99
2585,Country B,9576.61
2586,Country B,7434.31
2587,Country B,7553.85
2588,Country B,5538.94
2589,Country B,9912.97
2590,Country B,5430.69
2591,Country B,6458.84
2592,Country B,6361.42
2593,Country B,10337.68
2594,Country B,92210.19
2595,Country B,5551.44
2596,Country B,12783.67
2597,Country B,8181
2598,Country B,86710.82
2599,Country B,6379.28
2600,Country B,5620.03
2601,Country B,32088.34
2602,Country B,16893.74
2603,Country B,16398.68
2604,Country B,324790.07
2605,Country B,5688.99
2606,Country B,10831.53
2607,Country B,6864.67
2608,Country B,13501.39
2609,Country B,10091.15
2610,Country B,6021.27
2611,Country B,9884.47
2612,Country B,12803.09
2613,Country B,6241.73
2614,Country B,5106.97
2615,Country B,10822.92
2616,Country B,7016.15
2617,Country B,8685.99
2618,Country B,29762.91
2619,Country B,67788.87
2620,Country B,87488.47
2621,Country B,5171.45
2622,Country B,12548.84
2623,Country B,6218.65
2624,Country B,18531.37
2625,Country B,6088.07
2626,Country B,12397.36
2627,Country B,110774.23
2628,Country B,7329.05
2629,Country B,9269.71
2630,Country B,15811.81
2631,Country B,12733.42
2632,Country B,51210.51
2633,Country B,42934.31
2634,Country B,5240.93
2635,Country B,6300.64
2636,Country B,5185.7
2637,Country B,5525.55
2638,Country B,5035.87
2639,Country B,14668.26
2640,Country B,6192.6
2641,Country B,10870.99
2642,Country B,11683.61
2643,Country B,5197.15
2644,Country B,9047.47
2645,Country B,68259.59
2646,Country B,28981.3
2647,Country B,6264.35
2648,Country B,5949.5
2649,Country B,11684.68
2650,Country B,76639.83
2651,Country B,9933.44
2652,Country B,38415.27
2653,Country B,15580.68
2654,Country B,5305.24
2655,Country B,5679.95
2656,Country B,5003.76
2657,Country B,29507.43
2658,Country B,8472.07
2659,Country B,5866.37
2660,Country B,5141.54
2661,Country B,5374.94
2662,Country B,25010.59
2663,Country B,67267.64
2664,Country B,5864.9
2665,Country B,29496.42
2666,Country B,11503.11
2667,Country B,6629.78
2668,Country B,59330.82
2669,Country B,23407.27
2670,Country B,11543.14
2671,Country B,17010.69
2672,Country B,10698.82
2673,Country B,13179.89
2674,Country B,29868.96
2675,Country B,12004.26
2676,Country B,7838.99
2677,Country B,6353.5
2678,Country B,8556.39
2679,Country B,15449.5
2680,Country B,5296.05
2681,Country B,8605.22
2682,Country B,5639.89
2683,Country B,6278.78
2684,Country B,6824.05
2685,Country B,56323.32
2686,Country B,6312.6
2687,Country B,16974.7
2688,Country B,32134.43
2689,Country B,6037.59
2690,Country B,5075.69
2691,Country B,12357.36
2692,Country B,42011.3
2693,Country B,452534.74
2694,Country B,10216.51
2695,Country B,20671.23
2696,Country B,59437.53
2697,Country B,6118.91
2698,Country B,13748.6
2699,Country B,12946.6
2700,Country B,5064.28
2701,Country B,12682.44
2702,Country B,6866.99
2703,Country B,10168.44
2704,Country B,12042.77
2705,Country B,6318.18
2706,Country B,6235.72
2707,Country B,13779.13
2708,Country B,16109.06
2709,Country B,6965.96
2710,Country B,6615.99
2711,Country B,6679.56
2712,Country B,10259.98
2713,Country B,25418.11
2714,Country B,34708.17
2715,Country B,9546.45
2716,Country B,5323.56
2717,Country B,14446.41
2718,Country B,9945.17
2719,Country B,7160.59
2720,Country B,10729.86
2721,Country B,53325.31
2722,Country B,35810.24
2723,Country B,5285.59
2724,Country B,5280.44
2725,Country B,5422.92
2726,Country B,26875.71
2727,Country B,20296.58
2728,Country B,7157.96
2729,Country B,16606.87
2730,Country B,5841.04
2731,Country B,22018.1
2732,Country B,5237.94
2733,Country B,10096.08
2734,Country B,5685.01
2735,Country B,13915.46
2736,Country B,5580.84
2737,Country B,8478.14
2738,Country B,7398.66
2739,Country B,104337.75
2740,Country B,10872.41
2741,Country B,8240.01
2742,Country B,27618.39
2743,Country B,9038.05
2744,Country B,8213.24
2745,Country B,62538.69
2746,Country B,6741.28
2747,Country B,7699.02
2748,Country B,25820.73
2749,Country B,8801.11
2750,Country B,6115.19
2751,Country B,10883.42
2752,Country B,13620.4
2753,Country B,9220.16
2754,Country B,7282.43
2755,Country B,7273.34
2756,Country B,9099.13
2757,Country B,7415.05
2758,Country B,12073.68
2759,Country B,13008.37
2760,Country B,80028.1
2761,Country B,5615.82
2762,Country B,8850.49
2763,Country B,9373.55
2764,Country B,29271.33
2765,Country B,10090.33
2766,Country B,18860.36
2767,Country B,5894.44
2768,Country B,6055.5
2769,Country B,5822.09
2770,Country B,5175.44
2771,Country B,17185.65
2772,Country B,6063.31
2773,Country B,24495.66
2774,Country B,14542.86
2775,Country B,17281.52
2776,Country B,7787.81
2777,Country B,31635.8
2778,Country B,7601.86
2779,Country B,87005.38
2780,Country B,7516.35
2781,Country B,7556.36
2782,Country B,9392.24
2783,Country B,10163.24
2784,Country B,30260.55
2785,Country B,6498.5
2786,Country B,6714.58
2787,Country B,9146.09
2788,Country B,15292.66
2789,Country B,7187.56
2790,Country B,31854.23
2791,Country B,13846.93
2792,Country B,7568.36
2793,Country B,23522.9
2794,Country B,10163.05
2795,Country B,6193.73
2796,Country B,12882.44
2797,Country B,6228.71
2798,Country B,31677.19
2799,Country B,79580.68
2800,Country B,13544.13
2801,Country B,6006.54
2802,Country B,5908.78
2803,Country B,85725.7
2804,Country B,5946.12
2805,Country B,9435.26
2806,Country B,18191.32
2807,Country B,12567.89
2808,Country B,27155.69
2809,Country B,10030.45
2810,Country B,44149.81
2811,Country B,5680.53
2812,Country B,8533.47
2813,Country B,35578.76
2814,Country B,5567.98
2815,Country B,11206.01
2816,Country B,30596.18
2817,Country B,5023.31
2818,Country B,5344.68
2819,Country B,50705.56
2820,Country B,5618.89
2821,Country B,15842.86
2822,Country B,7530.64
2823,Country B,9403.91
2824,Country B,8775.74
2825,Country B,8038.57
2826,Country B,5696.46
2827,Country B,14373.28
2828,Country B,14656.28
2829,Country B,11211.22
2830,Country B,13913.38
2831,Country B,5695.8
2832,Country B,10474.68
2833,Country B,10452.1
2834,Country B,10931.82
2835,Country B,7804.01
2836,Country B,8117.39
2837,Country B,7329.51
2838,Country B,5850.67
2839,Country B,7194.98
2840,Country B,8495.93
2841,Country B,6914.3
2842,Country B,70831.64
2843,Country B,8802.98
2844,Country B,6052.77
2845,Country B,17341.14
2846,Country B,5130.15
2847,Country B,9521.47
2848,Country B,408067.83
2849,Country B,23624.43
2850,Country B,5351.44
2851,Country B,8582.84
2852,Country B,6889.18
2853,Country B,12041.08
2854,Country B,6379.82
2855,Country B,9956.28
2856,Country B,14877.16
2857,Country B,28365.58
2858,Country B,5893.92
2859,Country B,11375.33
2860,Country B,6113.8
2861,Country B,27998.44
2862,Country B,9038.98
2863,Country B,12694.61
2864,Country B,5733.93
2865,Country B,6810.79
2866,Country B,6356.71
2867,Country B,7853.15
2868,Country B,9577.87
2869,Country B,5970.23
2870,Country B,5373.99
2871,Country B,6928.34
2872,Country B,6711.06
2873,Country B,8481.61
2874,Country B,10645.22
2875,Country B,5812.91
2876,Country B,53559.65
2877,Country B,5569.63
2878,Country B,6616.62
2879,Country B,44547.26
2880,Country B,36880.43
2881,Country B,5980.82
2882,Country B,31065.03
2883,Country B,6194.08
2884,Country B,20088.75
2885,Country B,5898.73
2886,Country B,140107.1
2887,Country B,22026.87
2888,Country B,9355.1
2889,Country B,5035.04
2890,Country B,21816.33
2891,Country B,524858.37
2892,Country B,32028
2893,Country B,9092.28
2894,Country B,13218.67
2895,Country B,8448.92
2896,Country B,6719.83
2897,Country B,10199.54
2898,Country B,8584.56
2899,Country B,6256.57
2900,Country B,6617.62
2901,Country B,8417.52
2902,Country B,16870.39
2903,Country B,18782.81
2904,Country B,7354.84
2905,Country B,5372.26
2906,Country B,5288.61
2907,Country B,11481.95
2908,Country B,26661.54
2909,Country B,6579.38
2910,Country B,9351.58
2911,Country B,16545.47
2912,Country B,5893.06
2913,Country B,26869.6
2914,Country B,7858.32
2915,Country B,15495.93
2916,Country B,5273.44
2917,Country B,26758.12
2918,Country B,5422.44
2919,Country B,6792.69
2920,Country B,15285.77
2921,Country B,57469.61
2922,Country B,6767.24
2923,Country B,24093.93
2924,Country B,22559.35
2925,Country B,8966.49
2926,Country B,12823.12
2927,Country B,76949.25
2928,Country B,5799.63
2929,Country B,13968.82
2930,Country B,9441.41
2931,Country B,11592.16
2932,Country B,7194.88
2933,Country B,5422.87
2934,Country B,6083.11
2935,Country B,11131.03
2936,Country B,27762.5
2937,Country B,14228.53
2938,Country B,15134.02
2939,Country B,16485.71
2940,Country B,6190.65
2941,Country B,7058.67
2942,Country B,9928
2943,Country B,11740.53
2944,Country B,15447.49
2945,Country B,14527.17
2946,Country B,9615.57
2947,Country B,11342.21
2948,Country B,124211.77
2949,Country B,5720.28
2950,Country B,27666.33
2951,Country B,5268.89
2952,Country B,8277.19
2953,Country B,16127.94
2954,Country B,82364.92
2955,Country B,9007.46
2956,Country B,9191.69
2957,Country B,11789.6
2958,Country B,8148.45
2959,Country B,5141.7
2960,Country B,44100.36
2961,Country B,6631.87
2962,Country B,6175.51
2963,Country B,86911.35
2964,Country B,20155.59
2965,Country B,13039.25
2966,Country B,8189.72
2967,Country B,253790.7
2968,Country B,42517.8
2969,Country B,9767.81
2970,Country B,10013.75
2971,Country B,6352.9
2972,Country B,5654.41
2973,Country B,21633.74
2974,Country B,6353.56
2975,Country B,37082.45
2976,Country B,18574.17
2977,Country B,5504.19
2978,Country B,6045.88
2979,Country B,23661.6
2980,Country B,5066.97
2981,Country B,5954.36
2982,Country B,10143.12
2983,Country B,7972.62
2984,Country B,5552.21
2985,Country B,6000.03
2986,Country B,6475.42
2987,Country B,5806.76
2988,Country B,10935.03
2989,Country B,5627.71
2990,Country B,5447.03
2991,Country B,5523.64
2992,Country B,322296.89
2993,Country B,7618.11
2994,Country B,9921.66
2995,Country B,8174.4
2996,Country B,5482.93
2997,Country B,23379.39
2998,Country B,6298.08
2999,Country B,33279.47
3000,Country B,6303.2
3001,Country B,15423
3002,Country B,5255.99
3003,Country B,10090.45
3004,Country B,8519.68
3005,Country B,24373.68
3006,Country B,6877.55
3007,Country B,6088.75
3008,Country B,6250.56
3009,Country B,19163.5
3010,Country B,19953.75
3011,Country B,7439.01
3012,Country B,6340.3
3013,Country B,6018.62
3014,Country B,5886.1
3015,Country B,31930.55
3016,Country B,15062.43
3017,Country B,5777.77
3018,Country B,34495.64
3019,Country B,168590.86
3020,Country B,10778.23
3021,Country B,7900.92
3022,Country B,8884
3023,Country B,5302.42
3024,Country B,16104.43
3025,Country B,6728.79
3026,Country B,23565.76
3027,Country B,5942.56
3028,Country B,6420.35
3029,Country B,14670.85
3030,Country B,22230.62
3031,Country B,7605.93
3032,Country B,7659.8
3033,Country B,5667.94
3034,Country B,7373.55
3035,Country B,39850.85
3036,Country B,5658.51
3037,Country B,5807.99
3038,Country B,9207.81
3039,Country B,45266.59
3040,Country B,140084.2
3041,Country B,13884.33
3042,Country B,6560.71
3043,Country B,5019.04
3044,Country B,9914.7
3045,Country B,6859.02
3046,Country B,5253.77
3047,Country B,9752.37
3048,Country B,6761.56
3049,Country B,5841.82
3050,Country B,69131.22
3051,Country B,11003.67
3052,Country B,8535.11
3053,Country B,6550.71
3054,Country B,26663.49
3055,Country B,12005.46
3056,Country B,150168.98
3057,Country B,293296.93
3058,Country B,6097.22
3059,Country B,6977.27
3060,Country B,119085.76
3061,Country B,14060.97
3062,Country B,5236.02
3063,Country B,14980.26
3064,Country B,12194.3
3065,Country B,9111.56
3066,Country B,15851.08
3067,Country B,5425.82
3068,Country B,22148.95
3069,Country B,7617.87
3070,Country B,70213.96
3071,Country B,6070.41
3072,Country B,7161.08
3073,Country B,6532.27
3074,Country B,76352.91
3075,Country B,8537.84
3076,Country B,7518.2
3077,Country B,6429.13
3078,Country B,26096.55
3079,Country B,10109.93
3080,Country B,6824.17
3081,Country B,35263.95
3082,Country B,6262.39
3083,Country B,7411.58
3084,Country B,7884.2
3085,Country B,245274.04
3086,Country B,150106.08
3087,Country B,24339.56
3088,Country B,51572.09
3089,Country B,9530.27
3090,Country B,5074.12
3091,Country B,10288.16
3092,Country B,5237.43
3093,Country B,12870.71
3094,Country B,9259.3
3095,Country B,5827.18
3096,Country B,5903.91
3097,Country B,27230.61
3098,Country B,32679.19
3099,Country B,551329.48
3100,Country B,6487.07
3101,Country B,6189.03
3102,Country B,19174.83
3103,Country B,8859.06
3104,Country B,21026.25
3105,Country B,9882.28
3106,Country B,8733.18
3107,Country B,12525.55
3108,Country B,6484.95
3109,Country B,73016.43
3110,Country B,14910.58
3111,Country B,23298.29
3112,Country B,15361.11
3113,Country B,6868.81
3114,Country B,5772.28
3115,Country B,9017.95
3116,Country B,5211.19
3117,Country B,45977.7
3118,Country B,8790.96
3119,Country B,6612.16
3120,Country B,36932.24
3121,Country B,6177.09
3122,Country B,10012.81
3123,Country B,10081.25
3124,Country B,6572.98
3125,Country B,9240.71
3126,Country B,34841.75
3127,Country B,5372.93
3128,Country B,17282.2
3129,Country B,7237.94
3130,Country B,5564.44
3131,Country B,5540.03
3132,Country B,5108.87
3133,Country B,9431.12
3134,Country B,38304.03
3135,Country B,5323.23
3136,Country B,13602.57
3137,Country B,9643.5
3138,Country B,8329.28
3139,Country B,5937.82
3140,Country B,7412.37
3141,Country B,12007.43
3142,Country B,9463.59
3143,Country B,27509.18
3144,Country B,17402.81
3145,Country B,5808.12
3146,Country B,5989.32
3147,Country B,5047.6
3148,Country B,6578.3
3149,Country B,11807.25
3150,Country B,8973.8
3151,Country B,5330.36
3152,Country B,8047.88
3153,Country B,10940.67
3154,Country B,19273.75
3155,Country B,5928.4
3156,Country B,9270.14
3157,Country B,24435.4
3158,Country B,6735.47
3159,Country B,7700.41
3160,Country B,33988.39
3161,Country B,18469.3
3162,Country B,8454.77
3163,Country B,41312.68
3164,Country B,29661.9
3165,Country B,6467.86
3166,Country B,5571.12
3167,Country B,5246.01
3168,Country B,16290.77
3169,Country B,19015.47
3170,Country B,19551.76
3171,Country B,21348.7
3172,Country B,20417.92
3173,Country B,27339.51
3174,Country B,6856.95
3175,Country B,13342.99
3176,Country B,11580.32
3177,Country B,6442.2
3178,Country B,15069.61
3179,Country B,6334.29
3180,Country B,48669.86
3181,Country B,7072.77
3182,Country B,5380.13
3183,Country B,6231.91
3184,Country B,6492.92
3185,Country B,13482.55
3186,Country B,7426.61
3187,Country B,10385.58
3188,Country B,13023.17
3189,Country B,6403.36
3190,Country B,144937.74
3191,Country B,11360.72
3192,Country B,14130.49
3193,Country B,23569.23
3194,Country B,7627.28
3195,Country B,43020.96
3196,Country B,18926.92
3197,Country B,5015.23
3198,Country B,30310.84
3199,Country B,74735.5
3200,Country B,5485.81
3201,Country B,8953.74
3202,Country B,66538.4
3203,Country B,5118.32
3204,Country B,24870.2
3205,Country B,6078.33
3206,Country B,25220.25
3207,Country B,10490.55
3208,Country B,20999.78
3209,Country B,6792.04
3210,Country B,6066.03
3211,Country B,5167.26
3212,Country B,70080.9
3213,Country B,8087.67
3214,Country B,10614.6
3215,Country B,14910.22
3216,Country B,12608.85
3217,Country B,5342.01
3218,Country B,5440.97
3219,Country B,5137.94
3220,Country B,6076.09
3221,Country B,24286.63
3222,Country B,15446.55
3223,Country B,6319.75
3224,Country B,5921.7
3225,Country B,8389.6
3226,Country B,26826.33
3227,Country B,6358.17
3228,Country B,41891.73
3229,Country B,6811.41
3230,Country B,5886.05
3231,Country B,9267.59
3232,Country B,8440.83
3233,Country B,7088.41
3234,Country B,92064.38
3235,Country B,33285.33
3236,Country B,6923.17
3237,Country B,44910.47
3238,Country B,13624.01
3239,Country B,6315.34
3240,Country B,12458.97
3241,Country B,8623.67
3242,Country B,5515.66
3243,Country B,10057.89
3244,Country B,13179.12
3245,Country B,71575.08
3246,Country B,11355.8
3247,Country B,14916.57
3248,Country B,15598.24
3249,Country B,8075.35
3250,Country B,7477.64
3251,Country B,13714.56
3252,Country B,6915.18
3253,Country B,8650.27
3254,Country B,6347.65
3255,Country B,7273.53
3256,Country B,9185.35
3257,Country B,10103.57
3258,Country B,13446.02
3259,Country B,7124.25
3260,Country B,344262.54
3261,Country B,10996.84
3262,Country B,5778.21
3263,Country B,11729.19
3264,Country B,5807.82
3265,Country B,11098.95
3266,Country B,6538.69
3267,Country B,6507.61
3268,Country B,13236.21
3269,Country B,6109.27
3270,Country B,5999.19
3271,Country B,5042.82
3272,Country B,5658.43
3273,Country B,24246.82
3274,Country B,7898.06
3275,Country B,17317.37
3276,Country B,9428.41
3277,Country B,6494.54
3278,Country B,113714.97
3279,Country B,5231.63
3280,Country B,5297.06
3281,Country B,5533.11
3282,Country B,7791.72
3283,Country B,13467.2
3284,Country B,7236.92
3285,Country B,16760.94
3286,Country B,5804.01
3287,Country B,5203.8
3288,Country B,9924.65
3289,Country B,5283.4
3290,Country B,21956.31
3291,Country B,7970.53
3292,Country B,11104
3293,Country B,5201.89
3294,Country B,25507.32
3295,Country B,9186.49
3296,Country B,6474.08
3297,Country B,19693.06
3298,Country B,10958.55
3299,Country B,9468.79
3300,Country B,10009.07
3301,Country B,8657.93
3302,Country B,11786.73
3303,Country B,58216.75
3304,Country B,5669
3305,Country B,10375.62
3306,Country B,35060.65
3307,Country B,12849.47
3308,Country B,10398.32
3309,Country B,6918.06
3310,Country B,55108.92
3311,Country B,14343.07
3312,Country B,9312.52
3313,Country B,6946.26
3314,Country B,9198.46
3315,Country B,6783.45
3316,Country B,7341.99
3317,Country B,11338.82
3318,Country B,9022.03
3319,Country B,9420.49
3320,Country B,6467.01
3321,Country B,5037.79
3322,Country B,9210.7
3323,Country B,5280.34
3324,Country B,8541.75
3325,Country B,5276.4
3326,Country B,5398.46
3327,Country B,8782.71
3328,Country B,6071.07
3329,Country B,20220.72
3330,Country B,5327.94
3331,Country B,6685.14
3332,Country B,6319.9
3333,Country B,8736.84
3334,Country B,13929.97
3335,Country B,5000.73
3336,Country B,8641.16
3337,Country B,116792.85
3338,Country B,72697.82
3339,Country B,10639.21
3340,Country B,7997.78
3341,Country B,5320.43
3342,Country B,10029.6
3343,Country B,165044.3
3344,Country B,5785.79
3345,Country B,11150.86
3346,Country B,6781.41
3347,Country B,7463.73
3348,Country B,5652.37
3349,Country B,10785.9
3350,Country B,5044.58
3351,Country B,22679.41
3352,Country B,20288.11
3353,Country B,9985.95
3354,Country B,9849.1
3355,Country B,5429.21
3356,Country B,9517.9
3357,Country B,41067.27
3358,Country B,15125.48
3359,Country B,5368.68
3360,Country B,5181.65
3361,Country B,5943.93
3362,Country B,22925.37
3363,Country B,34603.21
3364,Country B,10619.76
3365,Country B,52652.57
3366,Country B,7419.23
3367,Country B,8922.18
3368,Country B,8153.71
3369,Country B,7655.73
3370,Country B,9782.29
3371,Country B,5575.58
3372,Country B,10978.61
3373,Country B,9380.37
3374,Country B,9005.74
3375,Country B,7148.86
3376,Country B,14726.8
3377,Country B,5472.62
3378,Country B,13742.26
3379,Country B,5592.63
3380,Country B,5966.97
3381,Country B,6099.73
3382,Country B,5318.26
3383,Country B,7503.42
3384,Country B,23746.66
3385,Country B,7287.8
3386,Country B,9618.24
3387,Country B,5558.01
3388,Country B,6317.65
3389,Country B,5673.09
3390,Country B,7541.6
3391,Country B,9543.97
3392,Country B,5306.36
3393,Country B,7347.84
3394,Country B,15066.12
3395,Country B,5205.53
3396,Country B,13056.34
3397,Country B,5328.66
3398,Country B,6899.99
3399,Country B,24054.74
3400,Country B,12264.29
3401,Country B,5344.59
3402,Country B,5100.27
3403,Country B,9716.28
3404,Country B,13999.18
3405,Country B,59668.94
3406,Country B,7378.38
3407,Country B,5469.67
3408,Country B,5891.16
3409,Country B,8632.42
3410,Country B,26156.74
3411,Country B,5859.57
3412,Country B,5659.81
3413,Country B,5116.97
3414,Country B,45132.85
3415,Country B,5701.27
3416,Country B,22101.14
3417,Country B,12102.85
3418,Country B,5069.45
3419,Country B,10083.51
3420,Country B,5713.74
3421,Country B,24369.17
3422,Country B,21360.3
3423,Country B,19783.43
3424,Country B,133585.16
3425,Country B,6923.49
3426,Country B,524772.54
3427,Country B,11535.42
3428,Country B,5113.59
3429,Country B,6460.01
3430,Country B,5436.9
3431,Country B,6087.85
3432,Country B,19082.97
3433,Country B,7352.03
3434,Country B,41729.19
3435,Country B,12611.94
3436,Country B,5100.56
3437,Country B,52402.01
3438,Country B,5989.9
3439,Country B,8467.48
3440,Country B,16963.53
3441,Country B,26075.02
3442,Country B,10239.78
3443,Country B,6490.02
3444,Country B,5282.39
3445,Country B,6204.51
3446,Country B,5838.3
3447,Country B,7534.73
3448,Country B,29518.23
3449,Country B,26085.47
3450,Country B,7565.31
3451,Country B,18287.31
3452,Country B,5753.37
3453,Country B,13784.75
3454,Country B,6161.11
3455,Country B,8297.25
3456,Country B,6010.78
3457,Country B,5040.45
3458,Country B,15053.33
3459,Country B,22360.58
3460,Country B,6644.28
3461,Country B,187232.54
3462,Country B,5111.59
3463,Country B,9971.95
3464,Country B,69456.8
3465,Country B,20207.58
3466,Country B,35442.65
3467,Country B,193739.78
3468,Country B,5314.49
3469,Country B,21096.35
3470,Country B,5132.32
3471,Country B,12324.2
3472,Country B,5314.11
3473,Country B,28488.94
3474,Country B,5734.36
3475,Country B,6326.63
3476,Country B,7366.78
3477,Country B,5954.6
3478,Country B,9097.38
3479,Country B,11796.07
3480,Country B,5529.28
3481,Country B,50984.2
3482,Country B,48113.54
3483,Country B,6622.78
3484,Country B,5211.61
3485,Country B,20596.91
3486,Country B,10289
3487,Country B,19980.36
3488,Country B,5347.39
3489,Country B,8287.67
3490,Country B,11730.59
3491,Country B,24020.05
3492,Country B,5132.43
3493,Country B,11489.62
3494,Country B,9370.62
3495,Country B,18627.62
3496,Country B,12947.28
3497,Country B,7247.04
3498,Country B,6398.43
3499,Country B,20382.14
3500,Country B,14859.91
3501,Country B,20318.95
3502,Country B,8195.62
3503,Country B,23577.37
3504,Country B,5258.73
3505,Country B,9066.1
3506,Country B,71303.32
3507,Country B,5545.11
3508,Country B,20554.37
3509,Country B,21482.37
3510,Country B,8200.27
3511,Country B,7954.06
3512,Country B,5134.33
3513,Country B,16357.96
3514,Country B,6075.32
3515,Country B,27951.09
3516,Country B,16991.97
3517,Country B,5686.94
3518,Country B,7599.9
3519,Country B,14912.39
3520,Country B,7239.55
3521,Country B,5240.2
3522,Country B,9840.1
3523,Country B,16924.76
3524,Country B,8659.12
3525,Country B,6463.06
3526,Country B,25438.07
3527,Country B,5662.64
3528,Country B,7324.08
3529,Country B,5071.29
3530,Country B,24563.53
3531,Country B,20005.85
3532,Country B,5819.54
3533,Country B,8677.77
3534,Country B,32490.37
3535,Country B,5908.44
3536,Country B,5789.86
3537,Country B,13924.15
3538,Country B,5462.82
3539,Country B,6620.96
3540,Country B,5569.55
3541,Country B,12996.51
3542,Country B,5016.36
3543,Country B,29766.74
3544,Country B,112648.85
3545,Country B,223716.15
3546,Country B,18583.72
3547,Country B,6847.11
3548,Country B,98809.97
3549,Country B,11976.63
3550,Country B,8927.71
3551,Country B,5194.37
3552,Country B,35699.92
3553,Country B,29061.37
3554,Country B,7593.86
3555,Country B,13743.71
3556,Country B,9310.63
3557,Country B,6135.71
3558,Country B,189311.16
3559,Country B,11163.67
3560,Country B,7047.57
3561,Country B,6928.06
3562,Country B,5458.02
3563,Country B,5417.3
3564,Country B,15889.74
3565,Country B,5065.01
3566,Country B,51940.98
3567,Country B,8822
3568,Country B,5564.61
3569,Country B,20179.39
3570,Country B,7920.73
3571,Country B,27800.29
3572,Country B,5311.71
3573,Country B,14568.08
3574,Country B,15688.81
3575,Country B,12945.63
3576,Country B,18950.85
3577,Country B,33308.36
3578,Country B,5659.91
3579,Country B,6613.17
3580,Country B,5296.68
3581,Country B,5362
3582,Country B,34152.47
3583,Country B,13154.01
3584,Country B,6546.77
3585,Country B,26164
3586,Country B,6785.41
3587,Country B,36599.17
3588,Country B,7610.11
3589,Country B,6210.03
3590,Country B,8043.93
3591,Country B,8940.38
3592,Country B,14774.92
3593,Country B,110641.37
3594,Country B,13832.66
3595,Country B,9997.5
3596,Country B,41680.59
3597,Country B,9133.48
3598,Country B,5003.87
3599,Country B,20319.41
3600,Country B,5460.91
3601,Country B,33821.45
3602,Country B,7729.05
3603,Country B,13276.84
3604,Country B,5693.48
3605,Country B,17217.53
3606,Country B,14238.89
3607,Country B,16689.68
3608,Country B,6704.87
3609,Country B,259846.38
3610,Country B,10495.11
3611,Country B,10196.65
3612,Country B,7280.27
3613,Country B,5888.02
3614,Country B,8002.91
3615,Country B,5608.75
3616,Country B,14936.31
3617,Country B,5084.21
3618,Country B,6123.42
3619,Country B,7744.5
3620,Country B,5994.2
3621,Country B,26582.1
3622,Country B,16216.17
3623,Country B,6884.17
3624,Country B,13879.89
3625,Country B,5676.02
3626,Country B,6982.12
3627,Country B,5132.42
3628,Country B,30717.29
3629,Country B,6128.1
3630,Country B,8287.94
3631,Country B,5366.16
3632,Country B,14979.07
3633,Country B,7085.35
3634,Country B,21240.56
3635,Country B,36800.49
3636,Country B,18873.87
3637,Country B,20762
3638,Country B,57227.68
3639,Country B,5132.27
3640,Country B,16487.02
3641,Country B,6352.62
3642,Country B,11229.49
3643,Country B,16567.52
3644,Country B,6093.12
3645,Country B,17283.39
3646,Country B,26071.57
3647,Country B,22362
3648,Country B,5286.23
3649,Country B,8290.9
3650,Country B,6580.9
3651,Country B,11060.93
3652,Country B,18193.05
3653,Country B,22972.03
3654,Country B,5040.6
3655,Country B,5545.89
3656,Country B,45246.82
3657,Country B,9019.49
3658,Country B,5529.51
3659,Country B,6235.58
3660,Country B,37710.27
3661,Country B,12397.52
3662,Country B,6506.02
3663,Country B,8158.76
3664,Country B,8485.9
3665,Country B,5762.98
3666,Country B,15251.34
3667,Country B,6418.23
3668,Country B,21949.55
3669,Country B,5899.73
3670,Country B,7801.95
3671,Country B,94908.63
3672,Country B,9061.32
3673,Country B,8147.73
3674,Country B,6704.46
3675,Country B,10545.02
3676,Country B,6645.26
3677,Country B,16252.66
3678,Country B,5384.43
3679,Country B,14781.44
3680,Country B,5282.36
3681,Country B,5213.24
3682,Country B,27048.13
3683,Country B,7114.31
3684,Country B,5261.75
3685,Country B,10159.27
3686,Country B,9821.41
3687,Country B,5903.33
3688,Country B,6994.38
3689,Country B,14552.67
3690,Country B,7569.25
3691,Country B,8340.21
3692,Country B,8543.28
3693,Country B,5345.53
3694,Country B,13625.15
3695,Country B,11878.06
3696,Country B,12582.93
3697,Country B,19256.93
3698,Country B,5292.05
3699,Country B,14594.32
3700,Country B,5018.45
3701,Country B,26538.41
3702,Country B,5750.39
3703,Country B,7799.17
3704,Country B,5840.84
3705,Country B,7487.93
3706,Country B,9932.76
3707,Country B,6045.02
3708,Country B,31270.18
3709,Country B,5161.01
3710,Country B,8588.83
3711,Country B,5375.87
3712,Country B,8526.84
3713,Country B,35342.48
3714,Country B,8299.27
3715,Country B,5101.28
3716,Country B,9218.36
3717,Country B,8338
3718,Country B,5377.86
3719,Country B,12473.03
3720,Country B,5255.6
3721,Country B,5142.28
3722,Country B,5807
3723,Country B,7119.98
3724,Country B,17877.58
3725,Country B,5188.88
3726,Country B,8392.01
3727,Country B,9420.6
3728,Country B,5326.1
3729,Country B,17788.06
3730,Country B,6477.81
3731,Country B,125132.15
3732,Country B,17003.95
3733,Country B,5643.11
3734,Country B,11566.64
3735,Country B,21461.07
3736,Country B,25154.27
3737,Country B,6016.98
3738,Country B,5999.1
3739,Country B,8439.43
3740,Country B,14514.81
3741,Country B,6977.12
3742,Country B,5796.91
3743,Country B,5493.76
3744,Country B,5396.52
3745,Country B,13701
3746,Country B,5896.2
3747,Country B,13386.83
3748,Country B,12652.53
3749,Country B,10894.08
3750,Country B,27700.32
3751,Country B,5726.71
3752,Country B,18911.91
3753,Country B,13560.39
3754,Country B,8525
3755,Country B,10408.67
3756,Country B,12013.93
3757,Country B,6157.28
3758,Country B,5646.01
3759,Country B,6192.49
3760,Country B,9042.35
3761,Country B,6156.34
3762,Country B,187148.02
3763,Country B,8835.73
3764,Country B,5998.36
3765,Country B,6225.61
3766,Country B,5130.89
3767,Country B,7657.01
3768,Country B,13959.46
3769,Country B,15949.36
3770,Country B,7340.49
3771,Country B,5160.05
3772,Country B,11074.32
3773,Country B,101866.98
3774,Country B,30238.27
3775,Country B,6063.51
3776,Country B,13885.05
3777,Country B,7434.39
3778,Country B,10243.13
3779,Country B,8993.61
3780,Country B,12495.31
3781,Country B,15587.74
3782,Country B,7607.01
3783,Country B,11159.13
3784,Country B,42724.7
3785,Country B,5159.58
3786,Country B,5815.08
3787,Country B,9797.3
3788,Country B,22366.31
3789,Country B,12448
3790,Country B,10584.89
3791,Country B,21202.74
3792,Country B,6998.07
3793,Country B,13840.36
3794,Country B,6125.84
3795,Country B,9705.02
3796,Country B,56533.5
3797,Country B,41680.34
3798,Country B,22501.44
3799,Country B,5624.46
3800,Country B,10743.24
3801,Country B,8558.46
3802,Country B,39280.77
3803,Country B,5332.96
3804,Country B,8007.41
3805,Country B,5824.45
3806,Country B,10888.22
3807,Country B,5369.01
3808,Country B,5091.86
3809,Country B,40273.4
3810,Country B,58070.98
3811,Country B,6662
3812,Country B,11181.05
3813,Country B,12193.13
3814,Country B,36094.56
3815,Country B,9443.17
3816,Country B,20949.29
3817,Country B,15391.97
3818,Country B,5316.53
3819,Country B,7967.86
3820,Country B,47716.73
3821,Country B,8581.53
3822,Country B,5462.41
3823,Country B,172777.73
3824,Country B,12430.64
3825,Country B,6050.88
3826,Country B,6448.64
3827,Country B,8261
3828,Country B,28777.4
3829,Country B,23885.81
3830,Country B,5984.76
3831,Country B,28458.31
3832,Country B,5676.18
3833,Country B,16986.31
3834,Country B,47248.31
3835,Country B,60704.55
3836,Country B,5786.75
3837,Country B,8345.81
3838,Country B,11098.25
3839,Country B,5308.35
3840,Country B,5358.56
3841,Country B,8072.12
3842,Country B,14705.57
3843,Country B,6810.07
3844,Country B,7900.76
3845,Country B,51122.58
3846,Country B,16539.79
3847,Country B,56209.56
3848,Country B,7071.62
3849,Country B,21686.52
3850,Country B,5669.2
3851,Country B,6314.63
3852,Country B,6322.05
3853,Country B,21365.36
3854,Country B,26856.22
3855,Country B,6719.92
3856,Country B,5537.64
3857,Country B,10777.95
3858,Country B,13581.76
3859,Country B,7278.13
3860,Country B,7826.56
3861,Country B,26121.05
3862,Country B,5451.65
3863,Country B,23186.8
3864,Country B,7479.12
3865,Country B,9850.09
3866,Country B,13091.16
3867,Country B,10690.09
3868,Country B,7088.51
3869,Country B,88259.18
3870,Country B,12977.32
3871,Country B,6781.15
3872,Country B,11210.14
3873,Country B,121064.86
3874,Country B,5146.89
3875,Country B,12808.8
3876,Country B,5605.42
3877,Country B,8800.08
3878,Country B,8054.51
3879,Country B,17211.34
3880,Country B,39835.2
3881,Country B,44868.35
3882,Country B,5180.91
3883,Country B,12614.03
3884,Country B,5981.1
3885,Country B,9896.72
3886,Country B,39606.27
3887,Country B,22457.81
3888,Country B,5939.58
3889,Country B,41648.78
3890,Country B,6274.2
3891,Country B,32515.6
3892,Country B,6438.95
3893,Country B,14303.37
3894,Country B,6673.51
3895,Country B,13272.25
3896,Country B,6617.82
3897,Country B,5365.24
3898,Country B,6910.63
3899,Country B,37262.75
3900,Country B,5839.09
3901,Country B,7287.08
3902,Country B,15366.54
3903,Country B,12835.72
3904,Country B,8006.45
3905,Country B,8585.78
3906,Country B,8236.74
3907,Country B,16492.35
3908,Country B,8509.44
3909,Country B,6144.49
3910,Country B,21767.08
3911,Country B,75199.04
3912,Country B,7743.53
3913,Country B,8263.36
3914,Country B,10679.39
3915,Country B,8973.45
3916,Country B,6531.03
3917,Country B,5732.68
3918,Country B,8411.56
3919,Country B,10828.76
3920,Country B,17594.91
3921,Country B,6901.72
3922,Country B,6592.2
3923,Country B,7220.96
3924,Country B,6933.36
3925,Country B,16194.64
3926,Country B,13997.55
3927,Country B,9701.21
3928,Country B,12070.16
3929,Country B,10073.4
3930,Country B,5073.75
3931,Country B,5651.82
3932,Country B,8398.02
3933,Country B,7858.48
3934,Country B,13787.54
3935,Country B,7637.89
3936,Country B,15083.85
3937,Country B,5041.89
3938,Country B,6599.21
3939,Country B,7162.85
3940,Country B,7285.44
3941,Country B,7355.68
3942,Country B,6628.52
3943,Country B,6796.83
3944,Country B,11731.32
3945,Country B,5280.33
3946,Country B,15133.3
3947,Country B,5868.1
3948,Country B,59691.82
3949,Country B,7446.83
3950,Country B,6475.13
3951,Country B,15580.33
3952,Country B,5102.86
3953,Country B,7375.98
3954,Country B,89285.61
3955,Country B,8326.52
3956,Country B,6509.36
3957,Country B,96699.23
3958,Country B,42990.33
3959,Country B,56386.33
3960,Country B,12375.76
3961,Country B,89214.38
3962,Country B,10084.83
3963,Country B,5368.92
3964,Country B,7765.27
3965,Country B,6559.6
3966,Country B,12438.17
3967,Country B,290044.13
3968,Country B,6413.01
3969,Country B,6994.34
3970,Country B,12931.75
3971,Country B,8749.59
3972,Country B,8050.47
3973,Country B,11119.07
3974,Country B,5838.66
3975,Country B,18064.4
3976,Country B,5848.64
3977,Country B,36329.37
3978,Country B,8055.06
3979,Country B,6032.51
3980,Country B,6171.06
3981,Country B,15032.29
3982,Country B,5622.71
3983,Country B,10062.92
3984,Country B,12710.72
3985,Country B,6642.42
3986,Country B,26534.97
3987,Country B,6787.19
3988,Country B,21998.11
3989,Country B,12550.89
3990,Country B,10040.18
3991,Country B,14480.32
3992,Country B,5414.35
3993,Country B,7769.66
3994,Country B,10649.24
3995,Country B,31750.9
3996,Country B,17772.21
3997,Country B,7574.37
3998,Country B,6932.33
3999,Country B,8165.95
4000,Country B,12329.23
4001,Country B,7808.29
4002,Country B,5139.05
4003,Country B,11325.25
4004,Country B,5742.44
4005,Country B,78265.04
4006,Country B,10528.27
4007,Country B,136049.31
4008,Country B,99540.19
4009,Country B,37614.01
4010,Country B,5262.78
4011,Country B,7343.21
4012,Country B,26504.53
4013,Country B,10219.49
4014,Country B,10967.4
4015,Country B,17849.37
4016,Country B,6926.35
4017,Country B,18869.51
4018,Country B,5873.06
4019,Country B,6739.72
4020,Country B,8782.24
4021,Country B,63678.59
4022,Country B,7528.94
4023,Country B,6255.93
4024,Country B,11529.31
4025,Country B,7051.85
4026,Country B,109046.59
4027,Country B,20985.75
4028,Country B,6548.25
4029,Country B,9802.79
4030,Country B,10040.7
4031,Country B,5979.19
4032,Country B,5428.94
4033,Country B,5418.85
4034,Country B,5394.79
4035,Country B,5316.98
4036,Country B,8550.41
4037,Country B,7323.9
4038,Country B,57158.4
4039,Country B,10740.42
4040,Country B,8871.91
4041,Country B,7031.58
4042,Country B,12085.37
4043,Country B,11136.42
4044,Country B,16991.99
4045,Country B,24883.55
4046,Country B,8673.65
4047,Country B,6066.06
4048,Country B,10154.4
4049,Country B,6374.13
4050,Country B,7389.79
4051,Country B,5499.15
4052,Country B,11517.8
4053,Country B,5217.56
4054,Country B,6729.11
4055,Country B,5328.33
4056,Country B,11739.57
4057,Country B,6171.21
4058,Country B,18720.11
4059,Country B,9373.03
4060,Country B,6981.25
4061,Country B,9755.57
4062,Country B,5280.58
4063,Country B,12780.34
4064,Country B,4682971.49
4065,Country B,18849.3
4066,Country B,89881.01
4067,Country B,12512.47
4068,Country B,37700.18
4069,Country B,6571.2
4070,Country B,6528.75
4071,Country B,7274.32
4072,Country B,5556.79
4073,Country B,33047.28
4074,Country B,15614.04
4075,Country B,5563.07
4076,Country B,5127.26
4077,Country B,5470.89
4078,Country B,6850.22
4079,Country B,5320.86
4080,Country B,6435.05
4081,Country B,33935.14
4082,Country B,8566.67
4083,Country B,12784.07
4084,Country B,6612.39
4085,Country B,12741.12
4086,Country B,6415.93
4087,Country B,13253.6
4088,Country B,14759.56
4089,Country B,14842.65
4090,Country B,19795.53
4091,Country B,14770.99
4092,Country B,15848.7
4093,Country B,23845.17
4094,Country B,24037.33
4095,Country B,14813.92
4096,Country B,8952.45
4097,Country B,11871.82
4098,Country B,5268.86
4099,Country B,8068.46
4100,Country B,8583.87
4101,Country B,6592.51
4102,Country B,13581.72
4103,Country B,5873.69
4104,Country B,7165.04
4105,Country B,19295.02
4106,Country B,12517.59
4107,Country B,8874.24
4108,Country B,5447.72
4109,Country B,5042.8
4110,Country B,14573.77
4111,Country B,13391.15
4112,Country B,7481.6
4113,Country B,6272.46
4114,Country B,17999.42
4115,Country B,17140.88
4116,Country B,29317.2
4117,Country B,5720.1
4118,Country B,36988.32
4119,Country B,6756.92
4120,Country B,8483.8
4121,Country B,22290.83
4122,Country B,20804.88
4123,Country B,5774.55
4124,Country B,7050.39
4125,Country B,5644.45
4126,Country B,7515.99
4127,Country B,5996.94
4128,Country B,5304.86
4129,Country B,824566.35
4130,Country B,9564.39
4131,Country B,8314.62
4132,Country B,18814.69
4133,Country B,5297.32
4134,Country B,5098.6
4135,Country B,10374.13
4136,Country B,6018.83
4137,Country B,16394.29
4138,Country B,7923.56
4139,Country B,10236.19
4140,Country B,21412.73
4141,Country B,313119.14
4142,Country B,11560.15
4143,Country B,29977.3
4144,Country B,5176.35
4145,Country B,9726.38
4146,Country B,17721.64
4147,Country B,6082.39
4148,Country B,7079.55
4149,Country B,7981.71
4150,Country B,7109.18
4151,Country B,6501.49
4152,Country B,7072.47
4153,Country B,25874.51
4154,Country B,7725.39
4155,Country B,5319.08
4156,Country B,11565.54
4157,Country B,5570.97
4158,Country B,6818.01
4159,Country B,6562.46
4160,Country B,15051.14
4161,Country B,10387.46
4162,Country B,6604.06
4163,Country B,6034.39
4164,Country B,10310.62
4165,Country B,15732.85
4166,Country B,6180.47
4167,Country B,21198.82
4168,Country B,23943.56
4169,Country B,219451.16
4170,Country B,11760.19
4171,Country B,8070.3
4172,Country B,6049.2
4173,Country B,265675.93
4174,Country B,5586.95
4175,Country B,9292.63
4176,Country B,7815.8
4177,Country B,7078.12
4178,Country B,10689.49
4179,Country B,6170.69
4180,Country B,6524.68
4181,Country B,5779.27
4182,Country B,7162.01
4183,Country B,6567.52
4184,Country B,5498.27
4185,Country B,20716.2
4186,Country B,5078.88
4187,Country B,5983.22
4188,Country B,8014.78
4189,Country B,8752.8
4190,Country B,5347.88
4191,Country B,102196.87
4192,Country B,6626.9
4193,Country B,9917.08
4194,Country B,6371.44
4195,Country B,87367.55
4196,Country B,6874.51
4197,Country B,26636.02
4198,Country B,16785.69
4199,Country B,15720.55
4200,Country B,7944.88
4201,Country B,15190.24
4202,Country B,16964.71
4203,Country B,5922.72
4204,Country B,6372.17
4205,Country B,9571.09
4206,Country B,28234.08
4207,Country B,22835.05
4208,Country B,5397.32
4209,Country B,15967.34
4210,Country B,5566.25
4211,Country B,15005.55
4212,Country B,5510.36
4213,Country B,8094.42
4214,Country B,7000.46
4215,Country B,6773.73
4216,Country B,15926.38
4217,Country B,12877.05
4218,Country B,12140.98
4219,Country B,11950.56
4220,Country B,12656.81
4221,Country B,6836.86
4222,Country B,33673.76
4223,Country B,20968.25
4224,Country B,44281.4
4225,Country B,10287.44
4226,Country B,5376.4
4227,Country B,10143.61
4228,Country B,15602.51
4229,Country B,18502.68
4230,Country B,6126.86
4231,Country B,16424.04
4232,Country B,59410.72
4233,Country B,11617.28
4234,Country B,5445.39
4235,Country B,21296.95
4236,Country B,12401.7
4237,Country B,9785.19
4238,Country B,5197.49
4239,Country B,36714.74
4240,Country B,90559.79
4241,Country B,7307.33
4242,Country B,53637.2
4243,Country B,13487.18
4244,Country B,16016.14
4245,Country B,6152.14
4246,Country B,27818.31
4247,Country B,7128.68
4248,Country B,5439.92
4249,Country B,14070.14
4250,Country B,6625.08
4251,Country B,12036.91
4252,Country B,10361.02
4253,Country B,6582.73
4254,Country B,15982.57
4255,Country B,6283.16
4256,Country B,8976.12
4257,Country B,6963.59
4258,Country B,10116.96
4259,Country B,7486.27
4260,Country B,7175.14
4261,Country B,87017.03
4262,Country B,6191.8
4263,Country B,8442.07
4264,Country B,10275.56
4265,Country B,45931.75
4266,Country B,5852.01
4267,Country B,8679.88
4268,Country B,5252.49
4269,Country B,16442.64
4270,Country B,6351.11
4271,Country B,9860.07
4272,Country B,5508.55
4273,Country B,31834.36
4274,Country B,6430.48
4275,Country B,10317.31
4276,Country B,5872.66
4277,Country B,5297.6
4278,Country B,15731.59
4279,Country B,5152.63
4280,Country B,7019.02
4281,Country B,403602.02
4282,Country B,6785.28
4283,Country B,68816.23
4284,Country B,48092.2
4285,Country B,46123.4
4286,Country B,5121.91
4287,Country B,36733.03
4288,Country B,10787.78
4289,Country B,5083.22
4290,Country B,113893.64
4291,Country B,5788.15
4292,Country B,7334.24
4293,Country B,9890.67
4294,Country B,5759.35
4295,Country B,5837.69
4296,Country B,9644.19
4297,Country B,5052.18
4298,Country B,8459.52
4299,Country B,6512.09
4300,Country B,5712.6
4301,Country B,5170.86
4302,Country B,9217.33
4303,Country B,30373.57
4304,Country B,17110.44
4305,Country B,27597.46
4306,Country B,8896.79
4307,Country B,5716.72
4308,Country B,5452.35
4309,Country B,5981.5
4310,Country B,7856.65
4311,Country B,6019.21
4312,Country B,6656.02
4313,Country B,6935.2
4314,Country B,5030.1
4315,Country B,13511.66
4316,Country B,11674.97
4317,Country B,5886.55
4318,Country B,18407.67
4319,Country B,5144.91
4320,Country B,5524.14
4321,Country B,5519.28
4322,Country B,37262.28
4323,Country B,43238.91
4324,Country B,5243.03
4325,Country B,6970.01
4326,Country B,15097.29
4327,Country B,9058.02
4328,Country B,9054.03
4329,Country B,8617.74
4330,Country B,5072.95
4331,Country B,10465.63
4332,Country B,14573.31
4333,Country B,36145.08
4334,Country B,10742.42
4335,Country B,7474.56
4336,Country B,78309.61
4337,Country B,5418.17
4338,Country B,44671.93
4339,Country B,5232.18
4340,Country B,25869.05
4341,Country B,6953.44
4342,Country B,6656.04
4343,Country B,17894.86
4344,Country B,38376.99
4345,Country B,15128.01
4346,Country B,8634.78
4347,Country B,15588.27
4348,Country B,8040.32
4349,Country B,6598.52
4350,Country B,10994.89
4351,Country B,10930.28
4352,Country B,6193.26
4353,Country B,5008.02
4354,Country B,7326.68
4355,Country B,11232.72
4356,Country B,9394.1
4357,Country B,8292.83
4358,Country B,8295.27
4359,Country B,10673.46
4360,Country B,35480.18
4361,Country B,16118.29
4362,Country B,5221.32
4363,Country B,6059.77
4364,Country B,7594.57
4365,Country B,14290.15
4366,Country B,8946.64
4367,Country B,9120.56
4368,Country B,11861.75
4369,Country B,11363.66
4370,Country B,16185.86
4371,Country B,970169.33
4372,Country B,5627.82
4373,Country B,6477.85
4374,Country B,8240.75
4375,Country B,8243.96
4376,Country B,30833.53
4377,Country B,20560.65
4378,Country B,6038.17
4379,Country B,5408.86
4380,Country B,6191.07
4381,Country B,35993.63
4382,Country B,10461.49
4383,Country B,86471.06
4384,Country B,17444.43
4385,Country B,16923.47
4386,Country B,23713.11
4387,Country B,32031.77
4388,Country B,6980.63
4389,Country B,6170.49
4390,Country B,8013.26
4391,Country B,8624.07
4392,Country B,25418.91
4393,Country B,12284.73
4394,Country B,8448.49
4395,Country B,9076.79
4396,Country B,6891.03
4397,Country B,23248.8
4398,Country B,8279.67
4399,Country B,8125.79
4400,Country B,5365.41
4401,Country B,8084.26
4402,Country B,5131.72
4403,Country B,9615.57
4404,Country B,6151.6
4405,Country B,9153.67
4406,Country B,100775.88
4407,Country B,28730.12
4408,Country B,5607.48
4409,Country B,5909.46
4410,Country B,19152
4411,Country B,51348.47
4412,Country B,67233.5
4413,Country B,5056.87
4414,Country B,7425.19
4415,Country B,5238.49
4416,Country B,8016.24
4417,Country B,6831.86
4418,Country B,9241.41
4419,Country B,41307.25
4420,Country B,15197.84
4421,Country B,7129.24
4422,Country B,6311.63
4423,Country B,69925.72
4424,Country B,7465.32
4425,Country B,11248.49
4426,Country B,25952.17
4427,Country B,6168.27
4428,Country B,41976.17
4429,Country B,6072.58
4430,Country B,47259.81
4431,Country B,8931.64
4432,Country B,9663.56
4433,Country B,10952.08
4434,Country B,6570.31
4435,Country B,7751.96
4436,Country B,5636.26
4437,Country B,61577.06
4438,Country B,5641.12
4439,Country B,12354.14
4440,Country B,8055.65
4441,Country B,5157.1
4442,Country B,10203.61
4443,Country B,80233.55
4444,Country B,6889.85
4445,Country B,5235.95
4446,Country B,7918.68
4447,Country B,6807.28
4448,Country B,9771.14
4449,Country B,12177.93
4450,Country B,7686.88
4451,Country B,5055.54
4452,Country B,13378.19
4453,Country B,9398.17
4454,Country B,5004.35
4455,Country B,5130.08
4456,Country B,564287.23
4457,Country B,8981.21
4458,Country B,5307.86
4459,Country B,6734.47
4460,Country B,5025.35
4461,Country B,14991.93
4462,Country B,8988.88
4463,Country B,22580.09
4464,Country B,5836.43
4465,Country B,134295.35
4466,Country B,12343.99
4467,Country B,15766.27
4468,Country B,5619.87
4469,Country B,6301.27
4470,Country B,5739.53
4471,Country B,28488.37
4472,Country B,26234.53
4473,Country B,30899.13
4474,Country B,39597.41
4475,Country B,13098.94
4476,Country B,7036.98
4477,Country B,8237.07
4478,Country B,27131.8
4479,Country B,13826.98
4480,Country B,5379.89
4481,Country B,5547.79
4482,Country B,6809.28
4483,Country B,7629.51
4484,Country B,6675.1
4485,Country B,9370.27
4486,Country B,7514.5
4487,Country B,28505.61
4488,Country B,7212.59
4489,Country B,22792.01
4490,Country B,5523.53
4491,Country B,7014.26
4492,Country B,8532.57
4493,Country B,11875.27
4494,Country B,7099.07
4495,Country B,5668.2
4496,Country B,8285.08
4497,Country B,66317.37
4498,Country B,5832.57
4499,Country B,7459.36
4500,Country B,14391.54
4501,Country B,14248.19
4502,Country B,47980.2
4503,Country B,5334.09
4504,Country B,11064.24
4505,Country B,7125.66
4506,Country B,123753.34
4507,Country B,25632.82
4508,Country B,26328.16
4509,Country B,38566.77
4510,Country B,9226.04
4511,Country B,7901.65
4512,Country B,26044.91
4513,Country B,11613.38
4514,Country B,6146.39
4515,Country B,9701.72
4516,Country B,9477.27
4517,Country B,10328.48
4518,Country B,23748.86
4519,Country B,6467.89
4520,Country B,5981.77
4521,Country B,27427.04
4522,Country B,12360.55
4523,Country B,5001.13
4524,Country B,6595.09
4525,Country B,7623.54
4526,Country B,8401.01
4527,Country B,14418.09
4528,Country B,9952.37
4529,Country B,10160.58
4530,Country B,25120.87
4531,Country B,6766.62
4532,Country B,588892.57
4533,Country B,6519.39
4534,Country B,129632.69
4535,Country B,85966.7
4536,Country B,56101.31
4537,Country B,154058.53
4538,Country B,18219.32
4539,Country B,9745.57
4540,Country B,5634.01
4541,Country B,6079.65
4542,Country B,15567.17
4543,Country B,8201.65
4544,Country B,107461.71
4545,Country B,5774.08
4546,Country B,22871.59
4547,Country B,7208.44
4548,Country B,7357.44
4549,Country B,7179.12
4550,Country B,7607.96
4551,Country B,5211.18
4552,Country B,23025.73
4553,Country B,26951.55
4554,Country B,14823.44
4555,Country B,19076.91
4556,Country B,8484.32
4557,Country B,7260.53
4558,Country B,14890.54
4559,Country B,7793.34
4560,Country B,8738.1
4561,Country B,200128.91
4562,Country B,5988.58
4563,Country B,6779.08
4564,Country B,7563.8
4565,Country B,37503.36
4566,Country B,7052.21
4567,Country B,34033.49
4568,Country B,6358.49
4569,Country B,5190.43
4570,Country B,24233.75
4571,Country B,5604.21
4572,Country B,13293.53
4573,Country B,18140.36
4574,Country B,7561.5
4575,Country B,5217.51
4576,Country B,75436.63
4577,Country B,14320.87
4578,Country B,27804.09
4579,Country B,5769.73
4580,Country B,10319.96
4581,Country B,5397.94
4582,Country B,24763.31
4583,Country B,5435.61
4584,Country B,5468.48
4585,Country B,5505.28
4586,Country B,5376.85
4587,Country B,11417.01
4588,Country B,14209
4589,Country B,14571.1
4590,Country B,7156.44
4591,Country B,5505.99
4592,Country B,23442.97
4593,Country B,9615.46
4594,Country B,13429.23
4595,Country B,16839.31
4596,Country B,12945.63
4597,Country B,25628.23
4598,Country B,6203.62
4599,Country B,5461.43
4600,Country B,8703.19
4601,Country B,6235.1
4602,Country B,7931.03
4603,Country B,5323.15
4604,Country B,21267.01
4605,Country B,15724.04
4606,Country B,8380.22
4607,Country B,7768.63
4608,Country B,7691.57
4609,Country B,27873.83
4610,Country B,6002.1
4611,Country B,8622.62
4612,Country B,14061.12
4613,Country B,20379.56
4614,Country B,8317.18
4615,Country B,7259.12
4616,Country B,7483.17
4617,Country B,9380.95
4618,Country B,26118.14
4619,Country B,5346.42
4620,Country B,40970.18
4621,Country B,7529.91
4622,Country B,6293.55
4623,Country B,12674.68
4624,Country B,6018.78
4625,Country B,80553.98
4626,Country B,7488.77
4627,Country B,13274.74
4628,Country B,5957.17
4629,Country B,15176.7
4630,Country B,5887.39
4631,Country B,5618.42
4632,Country B,5533.08
4633,Country B,7025.51
4634,Country B,8621.76
4635,Country B,15204.07
4636,Country B,6150.55
4637,Country B,7909.28
4638,Country B,18799.07
4639,Country B,8364.57
4640,Country B,19635.59
4641,Country B,7482.19
4642,Country B,5153.01
4643,Country B,11517.78
4644,Country B,8802.23
4645,Country B,5576.91
4646,Country B,28792.65
4647,Country B,5454.32
4648,Country B,10140.69
4649,Country B,31392.97
4650,Country B,14357.23
4651,Country B,5816.11
4652,Country B,106807.08
4653,Country B,18116
4654,Country B,9712.63
4655,Country B,7936.8
4656,Country B,6456.45
4657,Country B,5809.08
4658,Country B,5936.84
4659,Country B,6909.25
4660,Country B,8682.41
4661,Country B,9189.42
4662,Country B,5139.89
4663,Country B,8567.73
4664,Country B,7443.84
4665,Country B,5053.66
4666,Country B,354347.21
4667,Country B,5352.78
4668,Country B,5302.27
4669,Country B,9070.1
4670,Country B,19868.89
4671,Country B,11754.39
4672,Country B,12447.75
4673,Country B,5146.94
4674,Country B,8828.66
4675,Country B,8602.03
4676,Country B,18150.06
4677,Country B,7209.83
4678,Country B,15976.38
4679,Country B,5454.45
4680,Country B,7244.17
4681,Country B,15618.54
4682,Country B,262349.79
4683,Country B,13056.27
4684,Country B,8391.1
4685,Country B,12420.79
4686,Country B,6963.23
4687,Country B,8176.52
4688,Country B,8430.3
4689,Country B,339072.5
4690,Country B,6120.43
4691,Country B,12844.21
4692,Country B,6172.85
4693,Country B,6345.6
4694,Country B,6315.8
4695,Country B,7551.55
4696,Country B,5251.62
4697,Country B,7400.17
4698,Country B,14069.19
4699,Country B,61048.53
4700,Country B,7794.25
4701,Country B,7961.33
4702,Country B,10434.04
4703,Country B,9929.21
4704,Country B,6403
4705,Country B,9008.58
4706,Country B,13872.78
4707,Country B,5979.72
4708,Country B,16042.13
4709,Country B,5344.67
4710,Country B,7336.58
4711,Country B,11079.62
4712,Country B,10410.79
4713,Country B,15359.41
4714,Country B,17773.22
4715,Country B,11039.87
4716,Country B,9121.08
4717,Country B,6201.4
4718,Country B,6832.36
4719,Country B,9958.2
4720,Country B,10592.76
4721,Country B,12837.08
4722,Country B,17428.48
4723,Country B,9481.23
4724,Country B,6948.18
4725,Country B,5416.34
4726,Country B,30401.75
4727,Country B,22360.09
4728,Country B,10097.85
4729,Country B,11651.48
4730,Country B,10670.73
4731,Country B,26720.2
4732,Country B,5129.98
4733,Country B,5055.37
4734,Country B,202692.99
4735,Country B,13537.6
4736,Country B,7714.71
4737,Country B,5957.25
4738,Country B,7796.78
4739,Country B,8901.89
4740,Country B,8842.13
4741,Country B,10407.45
4742,Country B,5397.42
4743,Country B,12190.78
4744,Country B,13769.64
4745,Country B,19359.52
4746,Country B,9297.23
4747,Country B,5426.64
4748,Country B,5982.44
4749,Country B,6540.21
4750,Country B,11714.54
4751,Country B,8942.75
4752,Country B,9160.05
4753,Country B,28200.85
4754,Country B,9998.28
4755,Country B,13715.79
4756,Country B,6544.13
4757,Country B,5881.12
4758,Country B,8481.36
4759,Country B,24607.72
4760,Country B,18140
4761,Country B,14953.33
4762,Country B,21433.59
4763,Country B,6183.53
4764,Country B,9720.45
4765,Country B,7286.29
4766,Country B,90667.71
4767,Country B,15401.41
4768,Country B,7831.17
4769,Country B,5224.26
4770,Country B,32865.26
4771,Country B,32333.65
4772,Country B,7449.07
4773,Country B,5368.06
4774,Country B,5063.71
4775,Country B,6122.47
4776,Country B,5040.93
4777,Country B,164710.84
4778,Country B,8044.07
4779,Country B,7518.24
4780,Country B,31430.09
4781,Country B,6148.03
4782,Country B,5706
4783,Country B,19086.95
4784,Country B,5028.01
4785,Country B,9203.71
4786,Country B,10735.04
4787,Country B,65126.01
4788,Country B,5070.94
4789,Country B,21992.53
4790,Country B,6656.6
4791,Country B,8350.98
4792,Country B,26274.89
4793,Country B,7719.31
4794,Country B,18913.18
4795,Country B,9629.16
4796,Country B,5654.25
4797,Country B,18703.12
4798,Country B,6031.85
4799,Country B,6623.72
4800,Country B,8847.65
4801,Country B,5438.61
4802,Country B,132890.98
4803,Country B,15414.08
4804,Country B,9955.07
4805,Country B,8792.05
4806,Country B,9619.39
4807,Country B,14340.86
4808,Country B,25438.91
4809,Country B,9680.67
4810,Country B,7308.97
4811,Country B,8228.96
4812,Country B,6768.24
4813,Country B,9835.14
4814,Country B,13850.47
4815,Country B,12115.47
4816,Country B,9342.72
4817,Country B,13513.42
4818,Country B,6877.61
4819,Country B,8925.16
4820,Country B,6664.48
4821,Country B,10621.05
4822,Country B,27348.02
4823,Country B,14537.1
4824,Country B,6898.8
4825,Country B,7300.85
4826,Country B,9547.48
4827,Country B,7206.55
4828,Country B,18410.73
4829,Country B,8181.9
4830,Country B,5121.05
4831,Country B,28444.48
4832,Country B,6573.82
4833,Country B,7210.97
4834,Country B,5595.87
4835,Country B,7130.28
4836,Country B,13246.84
4837,Country B,11375.84
4838,Country B,61690.1
4839,Country B,6733.88
4840,Country B,14734.14
4841,Country B,5495.93
4842,Country B,5775.35
4843,Country B,7488.16
4844,Country B,6465.32
4845,Country B,6220.44
4846,Country B,5093.69
4847,Country B,5478.78
4848,Country B,30694.52
4849,Country B,5221.23
4850,Country B,11689.06
4851,Country B,13639.46
4852,Country B,7904.39
4853,Country B,12720.34
4854,Country B,6982.49
4855,Country B,11839.05
4856,Country B,10642.15
4857,Country B,5674.49
4858,Country B,5380.58
4859,Country B,6656.21
4860,Country B,6111.93
4861,Country B,5873.83
4862,Country B,6427.92
4863,Country B,7593.5
4864,Country B,11140.03
4865,Country B,11428.08
4866,Country B,5562.89
4867,Country B,48872.9
4868,Country B,7308.38
4869,Country B,75416.2
4870,Country B,15796.87
4871,Country B,5098.35
4872,Country B,9066.4
4873,Country B,9110.53
4874,Country B,9256.99
4875,Country B,6720.97
4876,Country B,74825.14
4877,Country B,6374.51
4878,Country B,9379.04
4879,Country B,5345.91
4880,Country B,9565.33
4881,Country B,6521.17
4882,Country B,6634.42
4883,Country B,8971.66
4884,Country B,11213.72
4885,Country B,6267.22
4886,Country B,26738.27
4887,Country B,7412.84
4888,Country B,9675.21
4889,Country B,15878.09
4890,Country B,21058.03
4891,Country B,5872.73
4892,Country B,24176.36
4893,Country B,8210.59
4894,Country B,8025.25
4895,Country B,9361.34
4896,Country B,28346.11
4897,Country B,22362.72
4898,Country B,8481.31
4899,Country B,5618.26
4900,Country B,7881.69
4901,Country B,12510.01
4902,Country B,5185.57
4903,Country B,9813.93
4904,Country B,8801.28
4905,Country B,9316.57
4906,Country B,5923.95
4907,Country B,9512.62
4908,Country B,5599.86
4909,Country B,6728.17
4910,Country B,6622.67
4911,Country B,5964.2
4912,Country B,10601.54
4913,Country B,6782.49
4914,Country B,11245.12
4915,Country B,50107.22
4916,Country B,7540.48
4917,Country B,333295.36
4918,Country B,6982.86
4919,Country B,12228.51
4920,Country B,8062.39
4921,Country B,10456.46
4922,Country B,56568.98
4923,Country B,10194.51
4924,Country B,5998.63
4925,Country B,44071.43
4926,Country B,14704.41
4927,Country B,16781.91
4928,Country B,9058.25
4929,Country B,93543.86
4930,Country B,34025.86
4931,Country B,5018.15
4932,Country B,5259.03
4933,Country B,6753.81
4934,Country B,5509.63
4935,Country B,9174.75
4936,Country B,7355.69
4937,Country B,107456.29
4938,Country B,12363.8
4939,Country B,11218.36
4940,Country B,29037.54
4941,Country B,6110.48
4942,Country B,8555.53
4943,Country B,6193.61
4944,Country B,5906.59
4945,Country B,7036.15
4946,Country B,10225.35
4947,Country B,5372.25
4948,Country B,6144.52
4949,Country B,92106.9
4950,Country B,5080.72
4951,Country B,28499.06
4952,Country B,29113.85
4953,Country B,9258.81
4954,Country B,6418.26
4955,Country B,8286.67
4956,Country B,5203.06
4957,Country B,14360.56
4958,Country B,33221.34
4959,Country B,5563.07
4960,Country B,5657.34
4961,Country B,146608.56
4962,Country B,1665148.75
4963,Country B,25263.91
4964,Country B,6782.23
4965,Country B,5249.05
4966,Country B,7333.22
4967,Country B,5980.47
4968,Country B,19999.36
4969,Country B,54184.62
4970,Country B,45432.68
4971,Country B,6104.59
4972,Country B,5027.72
4973,Country B,7344.23
4974,Country B,8216.94
4975,Country B,39961.25
4976,Country B,20317.54
4977,Country B,7366.52
4978,Country B,5072.84
4979,Country B,5979.37
4980,Country B,5675.23
4981,Country B,24626.79
4982,Country B,9167.68
4983,Country B,6832.14
4984,Country B,6100.57
4985,Country B,34553.92
4986,Country B,8263.63
4987,Country B,6802.54
4988,Country B,12905.03
4989,Country B,24238.35
4990,Country B,12371.37
4991,Country B,12348.61
4992,Country B,10250.29
4993,Country B,26213.74
4994,Country B,23112.25
4995,Country B,6367.23
4996,Country B,9311.03
4997,Country B,10158.02
4998,Country B,5039.86
4999,Country B,6895.76
5000,Country B,63479.03
5001,Country B,6562.17
5002,Country B,8265.99
5003,Country B,9164.44
5004,Country B,5812.17
5005,Country B,9755.37
5006,Country B,20362.57
5007,Country B,7219.81
5008,Country B,5055.89
5009,Country B,6636.85
5010,Country B,125658.19
5011,Country B,9243.9
5012,Country B,25708.5
5013,Country B,7154.57
5014,Country B,114376.78
5015,Country B,6148.61
5016,Country B,129539.59
5017,Country B,6408.41
5018,Country B,18679.53
5019,Country B,5454.21
5020,Country B,57882.95
5021,Country B,107685.23
5022,Country B,24585.37
5023,Country B,7421.98
5024,Country B,5049.9
5025,Country B,8259.04
5026,Country B,11035.35
5027,Country B,18529.25
5028,Country B,5379.73
5029,Country B,18240.3
5030,Country B,87609.49
5031,Country B,6818.55
5032,Country B,12419.74
5033,Country B,12122.85
5034,Country B,15333.51
5035,Country B,11156.68
5036,Country B,5043.71
5037,Country B,6869.43
5038,Country B,13241.24
5039,Country B,5623.88
5040,Country B,6648.48
5041,Country B,5085.8
5042,Country B,6201.54
5043,Country B,6210.62
5044,Country B,7868.24
5045,Country B,5100.58
5046,Country B,15023.44
5047,Country B,5489.03
5048,Country B,6315.88
5049,Country B,7465.85
5050,Country B,6073.81
5051,Country B,7793.02
5052,Country B,19324.18
5053,Country B,5119.27
5054,Country B,7934.7
5055,Country B,25217.35
5056,Country B,21527.33
5057,Country B,8746.06
5058,Country B,6819.17
5059,Country B,8074.54
5060,Country B,12351.51
5061,Country B,283072.6
5062,Country B,32494.35
5063,Country B,12082.96
5064,Country B,6584.82
5065,Country B,7415.56
5066,Country B,12869.51
5067,Country B,971398.91
5068,Country B,5910.26
5069,Country B,7335.68
5070,Country B,45565.9
5071,Country B,11398.86
5072,Country B,29300.27
5073,Country B,7073.5
5074,Country B,13968.75
5075,Country B,6322.16
5076,Country B,6321.48
5077,Country B,5362
5078,Country B,9904.91
5079,Country B,72802.46
5080,Country B,7169.83
5081,Country B,8879.12
5082,Country B,19347.76
5083,Country B,15951.58
5084,Country B,103866.09
5085,Country B,8949
5086,Country B,7392.71
5087,Country B,10038.82
5088,Country B,11399.18
5089,Country B,31641.46
5090,Country B,5138.83
5091,Country B,91360.25
5092,Country B,10886.33
5093,Country B,5075.06
5094,Country B,5785.84
5095,Country B,39557.24
5096,Country B,16036.26
5097,Country B,7703.05
5098,Country B,11038.8
5099,Country B,28756.09
5100,Country B,5411.91
5101,Country B,5304.92
5102,Country B,15664.6
5103,Country B,84748.33
5104,Country B,7752.39
5105,Country B,21474.69
5106,Country B,6528.24
5107,Country B,33707.27
5108,Country B,6245.56
5109,Country B,8828.49
5110,Country B,42635.57
5111,Country B,13775.35
5112,Country B,15516.93
5113,Country B,5037.42
5114,Country B,12175.77
5115,Country B,9163.47
5116,Country B,5274.42
5117,Country B,5435.02
5118,Country B,6625.33
5119,Country B,6109.76
5120,Country B,15769.61
5121,Country B,6394.89
5122,Country B,8517.69
5123,Country B,6843.41
5124,Country B,7823.11
5125,Country B,7708.21
5126,Country B,15817.28
5127,Country B,17432.69
5128,Country B,7601.07
5129,Country B,11988.81
5130,Country B,5679.99
5131,Country B,6988.12
5132,Country B,5406.92
5133,Country B,391182.06
5134,Country B,6530.14
5135,Country B,100369.99
5136,Country B,14578.6
5137,Country B,12872.49
5138,Country B,6789.81
5139,Country B,102473.03
5140,Country B,5756.59
5141,Country B,8473.49
5142,Country B,6454.54
5143,Country B,6984.8
5144,Country B,10386.24
5145,Country B,5993.83
5146,Country B,5483.54
5147,Country B,5659.08
5148,Country B,10788.43
5149,Country B,6696.93
5150,Country B,6346.99
5151,Country B,6755.48
5152,Country B,13639.08
5153,Country B,7855.72
5154,Country B,11251.05
5155,Country B,8924.61
5156,Country B,11027.36
5157,Country B,19463.03
5158,Country B,5066.97
5159,Country B,5057.01
5160,Country B,5146.25
5161,Country B,19106.02
5162,Country B,11184.36
5163,Country B,5203.41
5164,Country B,10522.91
5165,Country B,5903.49
5166,Country B,5549.84
5167,Country B,5092.73
5168,Country B,8226.97
5169,Country B,6291.49
5170,Country B,25324.96
5171,Country B,12864.48
5172,Country B,5440.38
5173,Country B,11641.02
5174,Country B,9247.18
5175,Country B,41875.66
5176,Country B,13091.41
5177,Country B,5757.21
5178,Country B,11506.72
5179,Country B,8852.47
5180,Country B,7307.63
5181,Country B,9518.03
5182,Country B,10928.88
5183,Country B,8675.89
5184,Country B,5487.9
5185,Country B,15963.58
5186,Country B,6233.89
5187,Country B,12907.81
5188,Country B,6344.53
5189,Country B,6196.66
5190,Country B,241726.7
5191,Country B,5453.1
5192,Country B,5884.97
5193,Country B,8781.6
5194,Country B,18262.92
5195,Country B,7831.08
5196,Country B,10069.37
5197,Country B,7889.37
5198,Country B,16769.76
5199,Country B,8091.75
5200,Country B,9865.36
5201,Country B,10985.4
5202,Country B,297421.87
5203,Country B,6682.35
5204,Country B,33256.93
5205,Country B,6348.77
5206,Country B,5392.34
5207,Country B,8015.32
5208,Country B,22289.92
5209,Country B,6738.2
5210,Country B,40228.51
5211,Country B,14906.88
5212,Country B,5968.11
5213,Country B,8072.9
5214,Country B,10117.65
5215,Country B,6551.89
5216,Country B,9433.52
5217,Country B,9872.79
5218,Country B,13775.78
5219,Country B,9999.95
5220,Country B,16997.02
5221,Country B,13432.15
5222,Country B,5462.6
5223,Country B,6678.86
5224,Country B,16349.05
5225,Country B,7789.25
5226,Country B,35339.55
5227,Country B,5016.44
5228,Country B,18943.22
5229,Country B,10080.18
5230,Country B,5713.12
5231,Country B,8483.85
5232,Country B,126440.86
5233,Country B,25119.06
5234,Country B,8849.61
5235,Country B,5988.15
5236,Country B,10465.78
5237,Country B,11615.37
5238,Country B,96011.94
5239,Country B,8369.68
5240,Country B,6808.57
5241,Country B,5893.32
5242,Country B,10187.09
5243,Country B,5293.75
5244,Country B,12718.83
5245,Country B,11037.19
5246,Country B,5249.03
5247,Country B,12135.74
5248,Country B,24172.68
5249,Country B,8000.97
5250,Country B,11211.45
5251,Country B,5551.04
5252,Country B,6140.36
5253,Country B,8457.17
5254,Country B,55208.31
5255,Country B,8076.01
5256,Country B,19240.16
5257,Country B,6176.61
5258,Country B,8843.33
5259,Country B,6273.73
5260,Country B,7653.46
5261,Country B,5692.56
5262,Country B,45682.21
5263,Country B,121830.45
5264,Country B,5283.45
5265,Country B,31942.9
5266,Country B,9918.54
5267,Country B,31861.79
5268,Country B,45614.85
5269,Country B,7302.24
5270,Country B,38242.68
5271,Country B,41619.03
5272,Country B,5942.8
5273,Country B,10865.77
5274,Country B,5210.22
5275,Country B,7139
5276,Country B,19808.19
5277,Country B,5116.48
5278,Country B,8508.75
5279,Country B,10978.12
5280,Country B,5609.55
5281,Country B,9270.58
5282,Country B,11921.31
5283,Country B,7874.45
5284,Country B,10938.81
5285,Country B,15325.01
5286,Country B,29121
5287,Country B,2810541.76
5288,Country B,9328.39
5289,Country B,5302.69
5290,Country B,5194.13
5291,Country B,11994.63
5292,Country B,5146.17
5293,Country B,17503.75
5294,Country B,24563.05
5295,Country B,7649.05
5296,Country B,6551.64
5297,Country B,15688.97
5298,Country B,5300.42
5299,Country B,5933.84
5300,Country B,6700.14
5301,Country B,13291.1
5302,Country B,23390.5
5303,Country B,6044.86
5304,Country B,6180.13
5305,Country B,10910.18
5306,Country B,37919.93
5307,Country B,24090.2
5308,Country B,7463.74
5309,Country B,6279.38
5310,Country B,5728.55
5311,Country B,5032.01
5312,Country B,12216.91
5313,Country B,24542.09
5314,Country B,15536.68
5315,Country B,13121.84
5316,Country B,28447.1
5317,Country B,31344.54
5318,Country B,7848.11
5319,Country B,5255.46
5320,Country B,5460.8
5321,Country B,8400.47
5322,Country B,11420.13
5323,Country B,274698.45
5324,Country B,5295.47
5325,Country B,204427.89
5326,Country B,12076.88
5327,Country B,5903.1
5328,Country B,8134.06
5329,Country B,7602.71
5330,Country B,11532.9
5331,Country B,131422.14
5332,Country B,6679.17
5333,Country B,32973.39
5334,Country B,6479.49
5335,Country B,7225.51
5336,Country B,8742.79
5337,Country B,8861.12
5338,Country B,19551.87
5339,Country B,102497.8
5340,Country B,5484.78
5341,Country B,6246.73
5342,Country B,23801.4
5343,Country B,12935.53
5344,Country B,8147.33
5345,Country B,5515.55
5346,Country B,82591.09
5347,Country B,7048.39
5348,Country B,6090.37
5349,Country B,5579.28
5350,Country B,16317.15
5351,Country B,124627.05
5352,Country B,8334.05
5353,Country B,6259.25
5354,Country B,5607.86
5355,Country B,5738.75
5356,Country B,5138.95
5357,Country B,6818.84
5358,Country B,11928.19
5359,Country B,29028.92
5360,Country B,6414.44
5361,Country B,9449.39
5362,Country B,5582.82
5363,Country B,113361.84
5364,Country B,37274.22
5365,Country B,14951.16
5366,Country B,6063.26
5367,Country B,18141.1
5368,Country B,78382.98
5369,Country B,7420.94
5370,Country B,9038.31
5371,Country B,5067.19
5372,Country B,15442.44
5373,Country B,7453.74
5374,Country B,6875.57
5375,Country B,12840.49
5376,Country B,33831.98
5377,Country B,5928.07
5378,Country B,5739.6
5379,Country B,6217
5380,Country B,5011.67
5381,Country B,7816.32
5382,Country B,12237.27
5383,Country B,16377.67
5384,Country B,5479.54
5385,Country B,6652.41
5386,Country B,829320.66
5387,Country B,6383.29
5388,Country B,6458.38
5389,Country B,7632.67
5390,Country B,16408.87
5391,Country B,5121.51
5392,Country B,6187.47
5393,Country B,5046.33
5394,Country B,5448.91
5395,Country B,24435.52
5396,Country B,41158.52
5397,Country B,7214.64
5398,Country B,11841.62
5399,Country B,34381.9
5400,Country B,5796.16
5401,Country B,14540.67
5402,Country B,5962.27
5403,Country B,13044.51
5404,Country B,19395.95
5405,Country B,10129.71
5406,Country B,8755.16
5407,Country B,5177.68
5408,Country B,243763.47
5409,Country B,19985.77
5410,Country B,11286.78
5411,Country B,6847.75
5412,Country B,8994.11
5413,Country B,6175.58
5414,Country B,5156.6
5415,Country B,7846.06
5416,Country B,6566.26
5417,Country B,6716.23
5418,Country B,9766.2
5419,Country B,16256.55
5420,Country B,5775.11
5421,Country B,13346.23
5422,Country B,7615.63
5423,Country B,16802.9
5424,Country B,6121.73
5425,Country B,202473.72
5426,Country B,14078.54
5427,Country B,6540.06
5428,Country B,6024.61
5429,Country B,12811.54
5430,Country B,6435.54
5431,Country B,10415.23
5432,Country B,5911.62
5433,Country B,6443.13
5434,Country B,9980.99
5435,Country B,8830.84
5436,Country B,5754.19
5437,Country B,9904.42
5438,Country B,31041.53
5439,Country B,14312.97
5440,Country B,26581.19
5441,Country B,5242.76
5442,Country B,13216.42
5443,Country B,8336.81
5444,Country B,5527.72
5445,Country B,8441.07
5446,Country B,5905.47
5447,Country B,5840.17
5448,Country B,5832.88
5449,Country B,7293.49
5450,Country B,13743.85
5451,Country B,21251.57
5452,Country B,5600.88
5453,Country B,12703.94
5454,Country B,9162.33
5455,Country B,18762.33
5456,Country B,18762.58
5457,Country B,72552.11
5458,Country B,19726.71
5459,Country B,10338.67
5460,Country B,8509.28
5461,Country B,6623.37
5462,Country B,5120.67
5463,Country B,14155.36
5464,Country B,6514.88
5465,Country B,7078.6
5466,Country B,10684.8
5467,Country B,6240.25
5468,Country B,12559.14
5469,Country B,9915.76
5470,Country B,22273.22
5471,Country B,13558.27
5472,Country B,150702.43
5473,Country B,17213.7
5474,Country B,7683.23
5475,Country B,11339.28
5476,Country B,72533.97
5477,Country B,5270.95
5478,Country B,5299.28
5479,Country B,8595.56
5480,Country B,10012.84
5481,Country B,13395.31
5482,Country B,8599.2
5483,Country B,13244.36
5484,Country B,9568.96
5485,Country B,8696.54
5486,Country B,5783.67
5487,Country B,8379.12
5488,Country B,6766.38
5489,Country B,5423.24
5490,Country B,10217.42
5491,Country B,12907.17
5492,Country B,5373.88
5493,Country B,5844.56
5494,Country B,5791.71
5495,Country B,15917.87
5496,Country B,8271.76
5497,Country B,7946.49
5498,Country B,26868.25
5499,Country B,12017.04
5500,Country B,5502.95
5501,Country B,5801.91
5502,Country B,6282.55
5503,Country B,5381.89
5504,Country B,12283.03
5505,Country B,5287.88
5506,Country B,7888.48
5507,Country B,6397.57
5508,Country B,44915.68
5509,Country B,13975.28
5510,Country B,6050.1
5511,Country B,10001.16
5512,Country B,98092.8
5513,Country B,7593.86
5514,Country B,6256.51
5515,Country B,161161.2
5516,Country B,9938.43
5517,Country B,5364.57
5518,Country B,7412.85
5519,Country B,27206.87
5520,Country B,19796.44
5521,Country B,13358.61
5522,Country B,7163.3
5523,Country B,5435.04
5524,Country B,5952
5525,Country B,7185.42
5526,Country B,12434.25
5527,Country B,6977.43
5528,Country B,13578.01
5529,Country B,18172.59
5530,Country B,8985.37
5531,Country B,62658.63
5532,Country B,16281.46
5533,Country B,19081.69
5534,Country B,13489.14
5535,Country B,6885.18
5536,Country B,5102.76
5537,Country B,6323.21
5538,Country B,11818.97
5539,Country B,8869.44
5540,Country B,35127.59
5541,Country B,12559.42
5542,Country B,235764.42
5543,Country B,7291.23
5544,Country B,16650.17
5545,Country B,15772.34
5546,Country B,16797.07
5547,Country B,6856.85
5548,Country B,12493.28
5549,Country B,28456.13
5550,Country B,30917.11
5551,Country B,5140.39
5552,Country B,6993.71
5553,Country B,697927.44
5554,Country B,313924.33
5555,Country B,5366.38
5556,Country B,6051.54
5557,Country B,16343.53
5558,Country B,8389.77
5559,Country B,5507.59
5560,Country B,5444.86
5561,Country B,49208.57
5562,Country B,6517.41
5563,Country B,11858.12
5564,Country B,5236.55
5565,Country B,7987.71
5566,Country B,8406.52
5567,Country B,25102.21
5568,Country B,7271.71
5569,Country B,14394.73
5570,Country B,45783.25
5571,Country B,6906.44
5572,Country B,10634.15
5573,Country B,6748.44
5574,Country B,54281.83
5575,Country B,34144.9
5576,Country B,5715.48
5577,Country B,25005.89
5578,Country B,9139.2
5579,Country B,8004.71
5580,Country B,215522.35
5581,Country B,5366.78
5582,Country B,7122.77
5583,Country B,6258.24
5584,Country B,7634.49
5585,Country B,54343.94
5586,Country B,6434.24
5587,Country B,17566.25
5588,Country B,5048.38
5589,Country B,97060.04
5590,Country B,7616.64
5591,Country B,6181.07
5592,Country B,5508.69
5593,Country B,21011.46
5594,Country B,10371.76
5595,Country B,9205
5596,Country B,12607.08
5597,Country B,6583.38
5598,Country B,6555.36
5599,Country B,10068.99
5600,Country B,5936.25
5601,Country B,20462.59
5602,Country B,19126.37
5603,Country B,8464.75
5604,Country B,5504.26
5605,Country B,39987.2
5606,Country B,20793.94
5607,Country B,5038.52
5608,Country B,13041.41
5609,Country B,410776.7
5610,Country B,8023.01
5611,Country B,5060.67
5612,Country B,8050.67
5613,Country B,6684.39
5614,Country B,7857.53
5615,Country B,15139.54
5616,Country B,12886.78
5617,Country B,7703.73
5618,Country B,17340.41
5619,Country B,9452.95
5620,Country B,10341.6
5621,Country B,5053.42
5622,Country B,12035.92
5623,Country B,5059.99
5624,Country B,7692.32
5625,Country B,6216.84
5626,Country B,8742.19
5627,Country B,11386.22
5628,Country B,6252.38
5629,Country B,8274.79
5630,Country B,14832.76
5631,Country B,18850.29
5632,Country B,11003.74
5633,Country B,23440.34
5634,Country B,5339.81
5635,Country B,11586.29
5636,Country B,7465
5637,Country B,5290.59
5638,Country B,31330.66
5639,Country B,13607.13
5640,Country B,6606.4
5641,Country B,7699.06
5642,Country B,8732.7
5643,Country B,5469.39
5644,Country B,28672.91
5645,Country B,7136.43
5646,Country B,23382.17
5647,Country B,6808.28
5648,Country B,7936.61
5649,Country B,16317.14
5650,Country B,7459.63
5651,Country B,8429.98
5652,Country B,9643.44
5653,Country B,24360.53
5654,Country B,9529.51
5655,Country B,18297
5656,Country B,12355.52
5657,Country B,30967.11
5658,Country B,5641.43
5659,Country B,13147.76
5660,Country B,5956.53
5661,Country B,7460.31
5662,Country B,86299.89
5663,Country B,9824.2
5664,Country B,41264.56
5665,Country B,24000.9
5666,Country B,7366.76
5667,Country B,23928.15
5668,Country B,25778.26
5669,Country B,40583.15
5670,Country B,30002.84
5671,Country B,7170.43
5672,Country B,7867.62
5673,Country B,7706.68
5674,Country B,9617.23
5675,Country B,45609.71
5676,Country B,8300.16
5677,Country B,72344.67
5678,Country B,19847.18
5679,Country B,9603.92
5680,Country B,19503.06
5681,Country B,13370.98
5682,Country B,8516.79
5683,Country B,33119.8
5684,Country B,9020.37
5685,Country B,5753.48
5686,Country B,9308.28
5687,Country B,9576.68
5688,Country B,20383.24
5689,Country B,9263.31
5690,Country B,7643.73
5691,Country B,6566.76
5692,Country B,8716.76
5693,Country B,7148.82
5694,Country B,5464.09
5695,Country B,11828.96
5696,Country B,13881.58
5697,Country B,29814.01
5698,Country B,5913.29
5699,Country B,5579.87
5700,Country B,22961.84
5701,Country B,76272.68
5702,Country B,7705.51
5703,Country B,5395.78
5704,Country B,26583.89
5705,Country B,14486.16
5706,Country B,5893.6
5707,Country B,5083.98
5708,Country B,7030.23
5709,Country B,10655.85
5710,Country B,11536.92
5711,Country B,14641.09
5712,Country B,10120.66
5713,Country B,8882.29
5714,Country B,7428.99
5715,Country B,5447.7
5716,Country B,6793.83
5717,Country B,91857.37
5718,Country B,5520.2
5719,Country B,11623.19
5720,Country B,12721.66
5721,Country B,7621.57
5722,Country B,15690.5
5723,Country B,8294.47
5724,Country B,5008.77
5725,Country B,8460.41
5726,Country B,22034.21
5727,Country B,11780.74
5728,Country B,7539.18
5729,Country B,30065.79
5730,Country B,5722
5731,Country B,5009.19
5732,Country B,547930.04
5733,Country B,48489.79
5734,Country B,5501.66
5735,Country B,5834.37
5736,Country B,6073.21
5737,Country B,28714.91
5738,Country B,13515.14
5739,Country B,133871.26
5740,Country B,13311.45
5741,Country B,8279.47
5742,Country B,8372.82
5743,Country B,5077.23
5744,Country B,5054.02
5745,Country B,6531.95
5746,Country B,5890.43
5747,Country B,66787.31
5748,Country B,17647.79
5749,Country B,16400.23
5750,Country B,14790.97
5751,Country B,18185.39
5752,Country B,14538.37
5753,Country B,30270.88
5754,Country B,6732.94
5755,Country B,5771.17
5756,Country B,5060.77
5757,Country B,5028.9
5758,Country B,10063.64
5759,Country B,48644.47
5760,Country B,7355.88
5761,Country B,6106.99
5762,Country B,7747.78
5763,Country B,27112.43
5764,Country B,5077.89
5765,Country B,5682.95
5766,Country B,44540.4
5767,Country B,7942.62
5768,Country B,12310.06
5769,Country B,11376.92
5770,Country B,6437.65
5771,Country B,6339.17
5772,Country B,21314.08
5773,Country B,5059.61
5774,Country B,22585.47
5775,Country B,5370.74
5776,Country B,5001.9
5777,Country B,10585.75
5778,Country B,8018.37
5779,Country B,6240.71
5780,Country B,20160.73
5781,Country B,28168.96
5782,Country B,7223.77
5783,Country B,7115.5
5784,Country B,13510.02
5785,Country B,5869.55
5786,Country B,36216.96
5787,Country B,7020.01
5788,Country B,6817.77
5789,Country B,15342.96
5790,Country B,5161.75
5791,Country B,9431.18
5792,Country B,5084.66
5793,Country B,15104.34
5794,Country B,27074.64
5795,Country B,7073.07
5796,Country B,197855.8
5797,Country B,11645.98
5798,Country B,5265.34
5799,Country B,10814.19
5800,Country B,6687.94
5801,Country B,15945.44
5802,Country B,25694.01
5803,Country B,5717.71
5804,Country B,23644.73
5805,Country B,7450.84
5806,Country B,31643.25
5807,Country B,23326.67
5808,Country B,7654.29
5809,Country B,7805.68
5810,Country B,7350.62
5811,Country B,14592.17
5812,Country B,7938.27
5813,Country B,8528.92
5814,Country B,10947.94
5815,Country B,5138.9
5816,Country B,10945.13
5817,Country B,26187.41
5818,Country B,7837.75
5819,Country B,7945.42
5820,Country B,7451.79
5821,Country B,46344.74
5822,Country B,32693.43
5823,Country B,6565.57
5824,Country B,5276.04
5825,Country B,47711.86
5826,Country B,45577.51
5827,Country B,75017.22
5828,Country B,36402.62
5829,Country B,6723.8
5830,Country B,45382.93
5831,Country B,18189.66
5832,Country B,5107.76
5833,Country B,126406.64
5834,Country B,6807.34
5835,Country B,39560.8
5836,Country B,9237.17
5837,Country B,5706.86
5838,Country B,19007.65
5839,Country B,8154.42
5840,Country B,9274.42
5841,Country B,8001.17
5842,Country B,13209.82
5843,Country B,5979.01
5844,Country B,5230.65
5845,Country B,8044.92
5846,Country B,7070.66
5847,Country B,2660112.36
5848,Country B,54185.1
5849,Country B,9012.61
5850,Country B,37153.43
5851,Country B,44174.74
5852,Country B,6223.33
5853,Country B,22721.93
5854,Country B,23921.99
5855,Country B,65769.32
5856,Country B,8124.57
5857,Country B,7331.15
5858,Country B,14577.13
5859,Country B,5048.93
5860,Country B,10654.65
5861,Country B,6932.76
5862,Country B,8282.58
5863,Country B,5118.92
5864,Country B,5787.79
5865,Country B,10897.42
5866,Country B,8765.76
5867,Country B,14433.78
5868,Country B,8610.53
5869,Country B,6177.64
5870,Country B,6116.2
5871,Country B,35426.65
5872,Country B,8587.73
5873,Country B,39542.42
5874,Country B,8682.24
5875,Country B,1429390.5
5876,Country B,9608.13
5877,Country B,218041.56
5878,Country B,11577.33
5879,Country B,13133.35
5880,Country B,5217.54
5881,Country B,8414.3
5882,Country B,19038.28
5883,Country B,12063.76
5884,Country B,16599.33
5885,Country B,110343.29
5886,Country B,139364.97
5887,Country B,30659.55
5888,Country B,44359.7
5889,Country B,19030.67
5890,Country B,16710.83
5891,Country B,5968.46
5892,Country B,6301.28
5893,Country B,7534.63
5894,Country B,11369.31
5895,Country B,19909.74
5896,Country B,9891.63
5897,Country B,64100.25
5898,Country B,12167.38
5899,Country B,10334.18
5900,Country B,20056.66
5901,Country B,86216.91
5902,Country B,10047.44
5903,Country B,16552.28
5904,Country B,9911.9
5905,Country B,11622.95
5906,Country B,5693.63
5907,Country B,5537.31
5908,Country B,6626.84
5909,Country B,5974.48
5910,Country B,7825.27
5911,Country B,8019.98
5912,Country B,15097.29
5913,Country B,10753.81
5914,Country B,53109.95
5915,Country B,13737.3
5916,Country B,6809.67
5917,Country B,6601.93
5918,Country B,39043.15
5919,Country B,44169.69
5920,Country B,19398.96
5921,Country B,12109.07
5922,Country B,9803.73
5923,Country B,5528.65
5924,Country B,5316.58
5925,Country B,19587.17
5926,Country B,5429.64
5927,Country B,55018
5928,Country B,13747.97
5929,Country B,9129.78
5930,Country B,5273.22
5931,Country B,7619.11
5932,Country B,5033.51
5933,Country B,5199.3
5934,Country B,10726.22
5935,Country B,21990.56
5936,Country B,8003.45
5937,Country B,14276.33
5938,Country B,8812.79
5939,Country B,5519.67
5940,Country B,5626.44
5941,Country B,11229
5942,Country B,74031.67
5943,Country B,7582.07
5944,Country B,13630.69
5945,Country B,6983.9
5946,Country B,11539.17
5947,Country B,5475.43
5948,Country B,5516.67
5949,Country B,5939.09
5950,Country B,6614.39
5951,Country B,9403.38
5952,Country B,23315.14
5953,Country B,37461.81
5954,Country B,11813.02
5955,Country B,9669.23
5956,Country B,5230.47
5957,Country B,6273.61
5958,Country B,14006.94
5959,Country B,5484.2
5960,Country B,7995.53
5961,Country B,6443.43
5962,Country B,5155.24
5963,Country B,54645.95
5964,Country B,7380.24
5965,Country B,8405.99
5966,Country B,8308.42
5967,Country B,29684.18
5968,Country B,26922.66
5969,Country B,13595.41
5970,Country B,6945.77
5971,Country B,28341.13
5972,Country B,5506.95
5973,Country B,5198.9
5974,Country B,8145.94
5975,Country B,10480.13
5976,Country B,10962.25
5977,Country B,5140.39
5978,Country B,16288.53
5979,Country B,80826.5
5980,Country B,10367.23
5981,Country B,18902.54
5982,Country B,5742.25
5983,Country B,6159.37
5984,Country B,8369.85
5985,Country B,14358.2
5986,Country B,5460.11
5987,Country B,5104.6
5988,Country B,5928.66
5989,Country B,16281.05
5990,Country B,12888.79
5991,Country B,187279.19
5992,Country B,15786.72
5993,Country B,9760.98
5994,Country B,7780.76
5995,Country B,12597.37
5996,Country B,7104.98
5997,Country B,10110.01
5998,Country B,29732.34
5999,Country B,19880.39
6000,Country B,21087.1
6001,Country B,16899.78
6002,Country B,8679.86
6003,Country B,19110.33
6004,Country B,120075.15
6005,Country B,12710.48
6006,Country B,11235.25
6007,Country B,30424.4
6008,Country B,5914.07
6009,Country B,5656.47
6010,Country B,21792.88
6011,Country B,21231.61
6012,Country B,14576.48
6013,Country B,5481.8
6014,Country B,5472.1
6015,Country B,48721.73
6016,Country B,12807.14
6017,Country B,6069.59
6018,Country B,17787.4
6019,Country B,15452.92
6020,Country B,34324.42
6021,Country B,8378.07
6022,Country B,6463.58
6023,Country B,6221.81
6024,Country B,12081.4
6025,Country B,22260.46
6026,Country B,7619.56
6027,Country B,7866.63
6028,Country B,11797.31
6029,Country B,9428.49
6030,Country B,8930.26
6031,Country B,29150.44
6032,Country B,6715.21
6033,Country B,6669.84
6034,Country B,36369.11
6035,Country B,259082.21
6036,Country B,48996.93
6037,Country B,5282.71
6038,Country B,12926.86
6039,Country B,5564.7
6040,Country B,16778.77
6041,Country B,10629.26
6042,Country B,5661.17
6043,Country B,13016.51
6044,Country B,9251.04
6045,Country B,7414.19
6046,Country B,63269.43
6047,Country B,13701.83
6048,Country B,46081.79
6049,Country B,10574.74
6050,Country B,11647.51
6051,Country B,7900.77
6052,Country B,5073.3
6053,Country B,9780.13
6054,Country B,10751.05
6055,Country B,5197.7
6056,Country B,20275.91
6057,Country B,11911.05
6058,Country B,10151.96
6059,Country B,21122.96
6060,Country B,20479.48
6061,Country B,29733.6
6062,Country B,6152.55
6063,Country B,14862.95
6064,Country B,16874.04
6065,Country B,23964.73
6066,Country B,32140.38
6067,Country B,5893.71
6068,Country B,12603.07
6069,Country B,7820.75
6070,Country B,14745.78
6071,Country B,9853.9
6072,Country B,8700.63
6073,Country B,8963.19
6074,Country B,6497.94
6075,Country B,21984.46
6076,Country B,8210.77
6077,Country B,5041.07
6078,Country B,6460.52
6079,Country B,6132.91
6080,Country B,18702.89
6081,Country B,6181.58
6082,Country B,22020.56
6083,Country B,8181.9
6084,Country B,11193.48
6085,Country B,8236.75
6086,Country B,8530.21
6087,Country B,6412.82
6088,Country B,13960.46
6089,Country B,7101.39
6090,Country B,11870.44
6091,Country B,6188.82
6092,Country B,6365.74
6093,Country B,13169.99
6094,Country B,6270.92
6095,Country B,5489.13
6096,Country B,6253.99
6097,Country B,50291.65
6098,Country B,7404.35
6099,Country B,5152.33
6100,Country B,5623.99
6101,Country B,9689.71
6102,Country B,6575.09
6103,Country B,8005.18
6104,Country B,11418.35
6105,Country B,9520.7
6106,Country B,5470.46
6107,Country B,20301.43
6108,Country B,12426.1
6109,Country B,13451.27
6110,Country B,7662.56
6111,Country B,5299.46
6112,Country B,10181.93
6113,Country B,5084.29
6114,Country B,42022.76
6115,Country B,26754.66
6116,Country B,7555.01
6117,Country B,7382.76
6118,Country B,58313.39
6119,Country B,14436.45
6120,Country B,5561.56
6121,Country B,8599.86
6122,Country B,6914.14
6123,Country B,7408.14
6124,Country B,7629.75
6125,Country B,14146.27
6126,Country B,10563.17
6127,Country B,7651.57
6128,Country B,17138.45
6129,Country B,5216.84
6130,Country B,5502.37
6131,Country B,27659.1
6132,Country B,9010.45
6133,Country B,12602.64
6134,Country B,5177.33
6135,Country B,7610.7
6136,Country B,7487.11
6137,Country B,7315.22
6138,Country B,5088.68
6139,Country B,8728.02
6140,Country B,8096.29
6141,Country B,7415.39
6142,Country B,23180.52
6143,Country B,10319.04
6144,Country B,5423.92
6145,Country B,8085.97
6146,Country B,5435.42
6147,Country B,9594.16
6148,Country B,15330.45
6149,Country B,5939.96
6150,Country B,8734.34
6151,Country B,6338.05
6152,Country B,23284.11
6153,Country B,9258.3
6154,Country B,10620.75
6155,Country B,5451.14
6156,Country B,72978.84
6157,Country B,8181.16
6158,Country B,5806.43
6159,Country B,6664.09
6160,Country B,5912.7
6161,Country B,7909.33
6162,Country B,52711.4
6163,Country B,15605.33
6164,Country B,10448.18
6165,Country B,6286.27
6166,Country B,8477.14
6167,Country B,99407.39
6168,Country B,14292.23
6169,Country B,23782.6
6170,Country B,9762.19
6171,Country B,6535.91
6172,Country B,9805.46
6173,Country B,5519.41
6174,Country B,7766.37
6175,Country B,53201.57
6176,Country B,24781.04
6177,Country B,5579.51
6178,Country B,12387.36
6179,Country B,40165.83
6180,Country B,15605.45
6181,Country B,15340.78
6182,Country B,12251.42
6183,Country B,39872.16
6184,Country B,17509.92
6185,Country B,10463.5
6186,Country B,7868.97
6187,Country B,8835.22
6188,Country B,32010.53
6189,Country B,7177.44
6190,Country B,7338.26
6191,Country B,12894.9
6192,Country B,6574.44
6193,Country B,9261.98
6194,Country B,69824.3
6195,Country B,7587.02
6196,Country B,5329.06
6197,Country B,23903.32
6198,Country B,5876.15
6199,Country B,17195.02
6200,Country B,5362.03
6201,Country B,5396.58
6202,Country B,8021.32
6203,Country B,1369757.32
6204,Country B,5050.59
6205,Country B,5876.85
6206,Country B,6087.26
6207,Country B,5727.14
6208,Country B,7839.51
6209,Country B,5418.81
6210,Country B,9241.77
6211,Country B,12646.1
6212,Country B,27068.26
6213,Country B,6073.73
6214,Country B,6718.82
6215,Country B,7966.32
6216,Country B,8870.65
6217,Country B,16038.5
6218,Country B,5264.88
6219,Country B,6736.1
6220,Country B,6493.52
6221,Country B,7326.53
6222,Country B,18741.86
6223,Country B,12500.13
6224,Country B,21794.61
6225,Country B,13368.18
6226,Country B,5585.83
6227,Country B,11209.83
6228,Country B,7109.63
6229,Country B,6886.91
6230,Country B,13513.7
6231,Country B,9480.72
6232,Country B,16178.38
6233,Country B,41316.55
6234,Country B,89081.39
6235,Country B,7564.52
6236,Country B,7072.08
6237,Country B,12250.51
6238,Country B,7323.85
6239,Country B,6229.35
6240,Country B,5288.37
6241,Country B,33199.55
6242,Country B,5163.76
6243,Country B,111460.29
6244,Country B,32947.93
6245,Country B,13870.14
6246,Country B,11047.15
6247,Country B,16022.34
6248,Country B,20935.32
6249,Country B,6417.03
6250,Country B,8359.03
6251,Country B,103153.6
6252,Country B,5426.96
6253,Country B,27190.91
6254,Country B,10217.78
6255,Country B,10014.72
6256,Country B,7186.66
6257,Country B,17894.22
6258,Country B,5008.87
6259,Country B,10540.23
6260,Country B,16479.3
6261,Country B,32692.11
6262,Country B,9430.23
6263,Country B,19844.21
6264,Country B,32904.85
6265,Country B,22328.32
6266,Country B,53583.97
6267,Country B,81101.86
6268,Country B,28279.92
6269,Country B,7280.24
6270,Country B,5245.72
6271,Country B,14487.1
6272,Country B,23199.23
6273,Country B,14709.25
6274,Country B,5501.59
6275,Country B,5664.77
6276,Country B,6623.58
6277,Country B,6437.18
6278,Country B,7587.03
6279,Country B,17051.58
6280,Country B,9124.01
6281,Country B,6001.83
6282,Country B,8594.84
6283,Country B,12385.15
6284,Country B,6416.01
6285,Country B,13003.88
6286,Country B,7194.21
6287,Country B,8200.64
6288,Country B,34561.52
6289,Country B,8331.61
6290,Country B,8680.67
6291,Country B,9875.25
6292,Country B,6013.46
6293,Country B,11079.22
6294,Country B,8602.86
6295,Country B,7219.59
6296,Country B,7719.33
6297,Country B,5818.96
6298,Country B,11946.62
6299,Country B,12556.27
6300,Country B,5296.3
6301,Country B,5342.1
6302,Country B,97513.21
6303,Country B,20103.64
6304,Country B,16962.38
6305,Country B,5100.71
6306,Country B,5325.81
6307,Country B,6110.75
6308,Country B,22377
6309,Country B,12189.86
6310,Country B,6018.17
6311,Country B,174961.11
6312,Country B,5130.27
6313,Country B,12604.96
6314,Country B,19987.03
6315,Country B,12037.8
6316,Country B,7755.74
6317,Country B,5346.88
6318,Country B,5305.21
6319,Country B,7304.95
6320,Country B,8270.8
6321,Country B,93904.46
6322,Country B,6162.18
6323,Country B,7712.94
6324,Country B,196683.57
6325,Country B,23002.74
6326,Country B,5056.9
6327,Country B,74897.25
6328,Country B,88077.19
6329,Country B,5935.7
6330,Country B,11887.17
6331,Country B,6602.84
6332,Country B,32549.06
6333,Country B,12628.09
6334,Country B,6474.99
6335,Country B,5352.19
6336,Country B,5567.13
6337,Country B,11666.11
6338,Country B,5168.02
6339,Country B,72801.56
6340,Country B,26359.52
6341,Country B,5949.07
6342,Country B,5122.31
6343,Country B,16701.13
6344,Country B,7513.39
6345,Country B,8348.16
6346,Country B,16956.44
6347,Country B,22433.9
6348,Country B,5975.61
6349,Country B,38353.09
6350,Country B,5623.64
6351,Country B,7077.82
6352,Country B,41021.96
6353,Country B,21747.98
6354,Country B,42056.11
6355,Country B,14494.52
6356,Country B,8227.92
6357,Country B,6307.99
6358,Country B,7000.35
6359,Country B,484403.32
6360,Country B,11949.02
6361,Country B,22838.15
6362,Country B,15958.64
6363,Country B,5291.39
6364,Country B,5583.61
6365,Country B,9169.84
6366,Country B,5231.82
6367,Country B,72510.03
6368,Country B,10236
6369,Country B,9460.66
6370,Country B,5754.56
6371,Country B,8856.76
6372,Country B,14712.7
6373,Country B,18734.72
6374,Country B,12750.54
6375,Country B,16893.7
6376,Country B,6344.56
6377,Country B,9390.27
6378,Country B,8109.89
6379,Country B,6074.19
6380,Country B,8800.57
6381,Country B,20260.83
6382,Country B,33615.37
6383,Country B,6325.36
6384,Country B,8430.6
6385,Country B,102760.45
6386,Country B,17338.18
6387,Country B,5103.33
6388,Country B,19783.16
6389,Country B,6208.11
6390,Country B,5237.58
6391,Country B,15775.21
6392,Country B,33166.6
6393,Country B,9845.9
6394,Country B,14444.82
6395,Country B,34389.6
6396,Country B,144909.85
6397,Country B,22712.39
6398,Country B,22099.96
6399,Country B,7609.43
6400,Country B,16482.89
6401,Country B,153535.1
6402,Country B,5879.65
6403,Country B,6414.63
6404,Country B,13064.97
6405,Country B,6080.43
6406,Country B,5583.14
6407,Country B,8426.97
6408,Country B,5172.17
6409,Country B,19009.69
6410,Country B,11825.99
6411,Country B,6520.74
6412,Country B,9209.08
6413,Country B,10643.19
6414,Country B,13816.6
6415,Country B,5170.77
6416,Country B,5749.57
6417,Country B,6881.1
6418,Country B,10478.11
6419,Country B,5140.87
6420,Country B,26454.14
6421,Country B,15556.16
6422,Country B,10331.3
6423,Country B,5612.52
6424,Country B,7115.6
6425,Country B,5856.06
6426,Country B,61678.09
6427,Country B,6511.56
6428,Country B,6752.54
6429,Country B,5172.16
6430,Country B,5768.99
6431,Country B,5584.2
6432,Country B,12617.58
6433,Country B,5674.96
6434,Country B,10828.32
6435,Country B,5397.76
6436,Country B,35353.23
6437,Country B,17510.43
6438,Country B,15735.69
6439,Country B,6388.31
6440,Country B,5727.16
6441,Country B,5492.37
6442,Country B,9327.79
6443,Country B,103697.68
6444,Country B,10067.21
6445,Country B,5511.7
6446,Country B,65852.1
6447,Country B,27520.49
6448,Country B,6188.22
6449,Country B,50356.84
6450,Country B,8938.87
6451,Country B,9839.73
6452,Country B,10092.61
6453,Country B,76848.97
6454,Country B,21825.11
6455,Country B,18702.49
6456,Country B,53489.1
6457,Country B,6059.8
6458,Country B,134336.05
6459,Country B,8639.32
6460,Country B,11755.15
6461,Country B,5476.46
6462,Country B,28609.65
6463,Country B,7698.72
6464,Country B,9320.72
6465,Country B,76322.88
6466,Country B,11608.14
6467,Country B,30462.72
6468,Country B,6106.26
6469,Country B,8233.8
6470,Country B,9367.91
6471,Country B,12954.24
6472,Country B,6940.64
6473,Country B,5955.67
6474,Country B,175441.62
6475,Country B,8278.58
6476,Country B,7833.61
6477,Country B,28782.89
6478,Country B,6974.01
6479,Country B,14602.03
6480,Country B,6927.58
6481,Country B,5783.54
6482,Country B,8654.01
6483,Country B,23080
6484,Country B,86901.09
6485,Country B,52613.12
6486,Country B,10657.35
6487,Country B,6701.61
6488,Country B,292433.77
6489,Country B,8120.84
6490,Country B,16402.33
6491,Country B,19201.47
6492,Country B,8354.68
6493,Country B,9438.65
6494,Country B,6155.83
6495,Country B,8264.77
6496,Country B,7354.22
6497,Country B,18533.2
6498,Country B,16644.71
6499,Country B,7347.23
6500,Country B,7462.58
6501,Country B,17048.53
6502,Country B,5554.22
6503,Country B,11990.01
6504,Country B,16678.5
6505,Country B,6267.28
6506,Country B,10577.72
6507,Country B,11399.39
6508,Country B,7955.63
6509,Country B,70778.33
6510,Country B,13636.93
6511,Country B,11195.63
6512,Country B,12028.96
6513,Country B,74768.33
6514,Country B,5822.89
6515,Country B,14279.49
6516,Country B,5661.85
6517,Country B,16021.84
6518,Country B,13192.2
6519,Country B,5003.26
6520,Country B,5531.2
6521,Country B,6918.31
6522,Country B,52511.41
6523,Country B,7075.88
6524,Country B,28964.15
6525,Country B,8037.42
6526,Country B,8588.75
6527,Country B,14313.6
6528,Country B,10568.29
6529,Country B,649108.76
6530,Country B,8207.81
6531,Country B,5157.04
6532,Country B,12455.86
6533,Country B,14128.28
6534,Country B,54562.85
6535,Country B,20779.1
6536,Country B,7248.62
6537,Country B,15900.55
6538,Country B,11201.33
6539,Country B,5707.6
6540,Country B,5558.18
6541,Country B,6261.21
6542,Country B,5361.13
6543,Country B,5443.73
6544,Country B,11526.01
6545,Country B,7684.3
6546,Country B,5445.62
6547,Country B,9931.14
6548,Country B,5314.57
6549,Country B,11062.94
6550,Country B,121703.69
6551,Country B,57975.98
6552,Country B,6103.32
6553,Country B,7769.03
6554,Country B,56738.84
6555,Country B,11928.3
6556,Country B,7462.83
6557,Country B,12430.6
6558,Country B,13868.4
6559,Country B,5736.92
6560,Country B,10535.51
6561,Country B,5548.99
6562,Country B,5991.4
6563,Country B,5030.94
6564,Country B,10125.79
6565,Country B,7001.09
6566,Country B,57715.31
6567,Country B,9781.56
6568,Country B,5488.69
6569,Country B,22013.76
6570,Country B,34821.17
6571,Country B,9352.21
6572,Country B,5336.03
6573,Country B,5193.2
6574,Country B,6409.55
6575,Country B,10934.71
6576,Country B,7467.87
6577,Country B,5198.35
6578,Country B,579334.79
6579,Country B,10813.55
6580,Country B,67257.03
6581,Country B,7989.98
6582,Country B,91101.93
6583,Country B,5028.66
6584,Country B,127084.95
6585,Country B,8966.82
6586,Country B,68278.68
6587,Country B,48595.4
6588,Country B,7530.67
6589,Country B,16676.08
6590,Country B,9409.99
6591,Country B,26760.85
6592,Country B,21396.85
6593,Country B,8602.52
6594,Country B,5717.7
6595,Country B,14959.84
6596,Country B,18882.9
6597,Country B,7298.38
6598,Country B,12900.3
6599,Country B,5238.65
6600,Country B,14504.04
6601,Country B,24024.69
6602,Country B,51070.24
6603,Country B,25064.61
6604,Country B,5100.55
6605,Country B,11120.37
6606,Country B,5229.86
6607,Country B,5996.91
6608,Country B,77294.75
6609,Country B,7305.72
6610,Country B,11803.78
6611,Country B,8522.32
6612,Country B,123836.52
6613,Country B,5266.67
6614,Country B,7163.25
6615,Country B,11236.05
6616,Country B,8426.41
6617,Country B,5144.64
6618,Country B,14160.13
6619,Country B,53535.13
6620,Country B,88438.29
6621,Country B,7677.61
6622,Country B,17393.61
6623,Country B,5960.21
6624,Country B,5564.43
6625,Country B,5629.18
6626,Country B,104545.63
6627,Country B,48565.97
6628,Country B,26207.12
6629,Country B,15838.87
6630,Country B,8605.1
6631,Country B,116835.19
6632,Country B,5653.62
6633,Country B,10960.25
6634,Country B,16099.67
6635,Country B,13904.87
6636,Country B,3180171.04
6637,Country B,5828.83
6638,Country B,5019.59
6639,Country B,7165.87
6640,Country B,26877.14
6641,Country B,11503.86
6642,Country B,5334.37
6643,Country B,5409.57
6644,Country B,25364.52
6645,Country B,10156.82
6646,Country B,8074
6647,Country B,5448.85
6648,Country B,17350.17
6649,Country B,6439.89
6650,Country B,9567.87
6651,Country B,6452.5
6652,Country B,10438.97
6653,Country B,5956.14
6654,Country B,49570.15
6655,Country B,15741.49
6656,Country B,10069.58
6657,Country B,45433.53
6658,Country B,9413.25
6659,Country B,6130.06
6660,Country B,6075.83
6661,Country B,38148.99
6662,Country B,18486.84
6663,Country B,21883.12
6664,Country B,5128.86
6665,Country B,10778
6666,Country B,6478.21
6667,Country B,6703.21
6668,Country B,24341.49
6669,Country B,6583.08
6670,Country B,28004.09
6671,Country B,96648.55
6672,Country B,5862.44
6673,Country B,7836.61
6674,Country B,8481.68
6675,Country B,85400.74
6676,Country B,47176.17
6677,Country B,5053.68
6678,Country B,98379.38
6679,Country B,23008.7
6680,Country B,6147.68
6681,Country B,5208.11
6682,Country B,8872.76
6683,Country B,11943.59
6684,Country B,5701.08
6685,Country B,6553.51
6686,Country B,30143.32
6687,Country B,19338.77
6688,Country B,5649.09
6689,Country B,8456.98
6690,Country B,17004.94
6691,Country B,6586.18
6692,Country B,21684.54
6693,Country B,5292.37
6694,Country B,33239.12
6695,Country B,15851.17
6696,Country B,8321.8
6697,Country B,58692.07
6698,Country B,29686.37
6699,Country B,34035.41
6700,Country B,5667.05
6701,Country B,8407.34
6702,Country B,11430.19
6703,Country B,7770.18
6704,Country B,6856.84
6705,Country B,11299.78
6706,Country B,7876.62
6707,Country B,8831.52
6708,Country B,17157.86
6709,Country B,11650.73
6710,Country B,36440.1
6711,Country B,12883.74
6712,Country B,11697.83
6713,Country B,5054.3
6714,Country B,39571.73
6715,Country B,8620.2
6716,Country B,42225.84
6717,Country B,5536.3
6718,Country B,7578.23
6719,Country B,5019.29
6720,Country B,11311.27
6721,Country B,39617.38
6722,Country B,5659.73
6723,Country B,10105.58
6724,Country B,5843.58
6725,Country B,9152.51
6726,Country B,60591.48
6727,Country B,5554.54
6728,Country B,5792.83
6729,Country B,11834.13
6730,Country B,5513.95
6731,Country B,7541.63
6732,Country B,7277.68
6733,Country B,8127.01
6734,Country B,38776.27
6735,Country B,7310.26
6736,Country B,6987.29
6737,Country B,16117.68
6738,Country B,5465.29
6739,Country B,5021.87
6740,Country B,13751.32
6741,Country B,30079.67
6742,Country B,7335
6743,Country B,11641.06
6744,Country B,5301.65
6745,Country B,7163.04
6746,Country B,5590.08
6747,Country B,7110.95
6748,Country B,10491.32
6749,Country B,31333.18
6750,Country B,5190.03
6751,Country B,10203.32
6752,Country B,10104.27
6753,Country B,44528.2
6754,Country B,25595.78
6755,Country B,5938.49
6756,Country B,12538.82
6757,Country B,22330.96
6758,Country B,6312.84
6759,Country B,29466.78
6760,Country B,5967.5
6761,Country B,9172.71
6762,Country B,5592.76
6763,Country B,35627.88
6764,Country B,5620.33
6765,Country B,7978.56
6766,Country B,8233.65
6767,Country B,14704.39
6768,Country B,7844.06
6769,Country B,15872.21
6770,Country B,10555.9
6771,Country B,61925.65
6772,Country B,8235.73
6773,Country B,391771.71
6774,Country B,5193.11
6775,Country B,5663.13
6776,Country B,67844.02
6777,Country B,5176.74
6778,Country B,5300.67
6779,Country B,5503.49
6780,Country B,11421.27
6781,Country B,9685.22
6782,Country B,11619.29
6783,Country B,8297.02
6784,Country B,5889.16
6785,Country B,7385.21
6786,Country B,23662.88
6787,Country B,11925.82
6788,Country B,6169.92
6789,Country B,6913.84
6790,Country B,8070.24
6791,Country B,6092.62
6792,Country B,8050.47
6793,Country B,5889.72
6794,Country B,13663.49
6795,Country B,5598.5
6796,Country B,6236.84
6797,Country B,12880.48
6798,Country B,6001.6
6799,Country B,7461.65
6800,Country B,15052.89
6801,Country B,9865.4
6802,Country B,11200.72
6803,Country B,37342.93
6804,Country B,6221.64
6805,Country B,22006.22
6806,Country B,6430.61
6807,Country B,11383.72
6808,Country B,89760.42
6809,Country B,7738.92
6810,Country B,8348.36
6811,Country B,5535.48
6812,Country B,58153.47
6813,Country B,6108.4
6814,Country B,6130.22
6815,Country B,35182.18
6816,Country B,8511.81
6817,Country B,6603.98
6818,Country B,12037.19
6819,Country B,22025.47
6820,Country B,7627
6821,Country B,5966.87
6822,Country B,12507.5
6823,Country B,23333.49
6824,Country B,6098
6825,Country B,34821.4
6826,Country B,6710.01
6827,Country B,8648.77
6828,Country B,62806.35
6829,Country B,19579.45
6830,Country B,5528.96
6831,Country B,5720.87
6832,Country B,5675.53
6833,Country B,26474.3
6834,Country B,6409.81
6835,Country B,6843.03
6836,Country B,5346.89
6837,Country B,5831.39
6838,Country B,5984.78
6839,Country B,12081.77
6840,Country B,18230.26
6841,Country B,7043.8
6842,Country B,49007.83
6843,Country B,15296.44
6844,Country B,9054.95
6845,Country B,29900.55
6846,Country B,5020.6
6847,Country B,279764.91
6848,Country B,6850.61
6849,Country B,22530.02
6850,Country B,50517.51
6851,Country B,7236.76
6852,Country B,10450.11
6853,Country B,8690.44
6854,Country B,8478.91
6855,Country B,26745.4
6856,Country B,6631.45
6857,Country B,9656.8
6858,Country B,11402.19
6859,Country B,338642.01
6860,Country B,5230.29
6861,Country B,6131.46
6862,Country B,6833.85
6863,Country B,20977.64
6864,Country B,9114.55
6865,Country B,10007.61
6866,Country B,30600.42
6867,Country B,7180.65
6868,Country B,8036.19
6869,Country B,20485.23
6870,Country B,534668.83
6871,Country B,5331.92
6872,Country B,10363.31
6873,Country B,7571.38
6874,Country B,24230.33
6875,Country B,7117.19
6876,Country B,7181.44
6877,Country B,6129.8
6878,Country B,6403.65
6879,Country B,5932.19
6880,Country B,16449.39
6881,Country B,6758.95
6882,Country B,23129
6883,Country B,5039.04
6884,Country B,7405.06
6885,Country B,15450.94
6886,Country B,19180.59
6887,Country B,5272.88
6888,Country B,78385.74
6889,Country B,41425.23
6890,Country B,24169.83
6891,Country B,14012.26
6892,Country B,6729.63
6893,Country B,13607.19
6894,Country B,7923.92
6895,Country B,21733.87
6896,Country B,1694008.88
6897,Country B,8501.62
6898,Country B,34281.35
6899,Country B,6480.43
6900,Country B,5846.29
6901,Country B,19754.06
6902,Country B,7411.39
6903,Country B,7365.83
6904,Country B,23234.83
6905,Country B,6521.53
6906,Country B,6282.45
6907,Country B,8558.52
6908,Country B,7920.12
6909,Country B,19303.41
6910,Country B,8196.33
6911,Country B,28492.74
6912,Country B,45607.71
6913,Country B,20515.88
6914,Country B,113907.32
6915,Country B,6832.89
6916,Country B,27667.02
6917,Country B,5168.27
6918,Country B,5108.98
6919,Country B,15400.91
6920,Country B,12498.58
6921,Country B,5328.22
6922,Country B,12439.01
6923,Country B,26065.52
6924,Country B,10326.28
6925,Country B,14946.8
6926,Country B,8873.46
6927,Country B,9651.35
6928,Country B,7791.56
6929,Country B,12988.15
6930,Country B,5751.28
6931,Country B,8142.17
6932,Country B,6335.21
6933,Country B,6083.15
6934,Country B,5035.39
6935,Country B,5745.05
6936,Country B,5100.73
6937,Country B,6225.85
6938,Country B,5619.28
6939,Country B,53077.21
6940,Country B,136971.58
6941,Country B,15250.46
6942,Country B,5254.32
6943,Country B,12100.57
6944,Country B,7785.44
6945,Country B,6377.3
6946,Country B,6100.64
6947,Country B,58855.76
6948,Country B,17612.51
6949,Country B,16754.75
6950,Country B,6272.83
6951,Country B,6443.23
6952,Country B,5188.01
6953,Country B,5877.77
6954,Country B,8012.89
6955,Country B,7636.23
6956,Country B,13437.21
6957,Country B,5209.19
6958,Country B,6614.48
6959,Country B,337136.95
6960,Country B,7108.21
6961,Country B,7900.31
6962,Country B,9452.21
6963,Country B,9589.57
6964,Country B,123532.42
6965,Country B,24844.3
6966,Country B,7090.68
6967,Country B,14771.07
6968,Country B,8998.76
6969,Country B,7852.49
6970,Country B,7524.19
6971,Country B,5546.16
6972,Country B,6699.97
6973,Country B,7800.5
6974,Country B,8092.93
6975,Country B,6474.22
6976,Country B,6288.32
6977,Country B,22596.11
6978,Country B,8363.54
6979,Country B,13171.58
6980,Country B,6443.25
6981,Country B,9392.4
6982,Country B,272842.28
6983,Country B,8318.45
6984,Country B,6028.17
6985,Country B,6804.08
6986,Country B,9587.36
6987,Country B,10492.33
6988,Country B,5556.26
6989,Country B,6217.19
6990,Country B,447342.2
6991,Country B,7748.65
6992,Country B,5061.16
6993,Country B,41555.36
6994,Country B,8956.53
6995,Country B,7368.41
6996,Country B,5241.42
6997,Country B,75917.59
6998,Country B,7033.83
6999,Country B,16003.03
7000,Country B,6072.93
7001,Country B,7638.59
7002,Country B,5609.14
7003,Country B,38313.74
7004,Country B,22716
7005,Country B,9924.32
7006,Country B,6499.74
7007,Country B,9767.79
7008,Country B,8120.16
7009,Country B,9988.39
7010,Country B,20251.56
7011,Country B,21333.67
7012,Country B,228409.21
7013,Country B,6606.89
7014,Country B,6711.5
7015,Country B,6323.35
7016,Country B,6778.75
7017,Country B,12521.51
7018,Country B,7858.68
7019,Country B,7123.24
7020,Country B,14225.55
7021,Country B,20155.13
7022,Country B,10305.37
7023,Country B,8994.95
7024,Country B,9094.68
7025,Country B,6230.92
7026,Country B,7098.23
7027,Country B,7829.69
7028,Country B,5319.25
7029,Country B,8327.12
7030,Country B,7130.3
7031,Country B,5427.48
7032,Country B,6437.82
7033,Country B,18160.14
7034,Country B,6130.76
7035,Country B,6196.88
7036,Country B,12588.17
7037,Country B,7908.07
7038,Country B,11408.8
7039,Country B,17896.6
7040,Country B,6170.45
7041,Country B,9606.33
7042,Country B,6686.18
7043,Country B,12352.92
7044,Country B,13476.32
7045,Country B,6448.02
7046,Country B,7048.8
7047,Country B,7182.23
7048,Country B,5503.05
7049,Country B,95870.89
7050,Country B,7866.54
7051,Country B,5226.31
7052,Country B,8364.81
7053,Country B,177733.47
7054,Country B,6111.64
7055,Country B,6391.8
7056,Country B,5520.07
7057,Country B,18152.93
7058,Country B,13504.77
7059,Country B,5715.2
7060,Country B,5537.62
7061,Country B,7230.88
7062,Country B,6156.19
7063,Country B,5391.14
7064,Country B,6454.83
7065,Country B,10429.94
7066,Country B,5496.57
7067,Country B,350056.96
7068,Country B,9172.52
7069,Country B,10896.37
7070,Country B,15214.94
7071,Country B,8514.26
7072,Country B,7660.88
7073,Country B,5542.4
7074,Country B,9763.49
7075,Country B,31452.45
7076,Country B,6651.4
7077,Country B,11215.43
7078,Country B,6677.71
7079,Country B,13298.59
7080,Country B,191552.24
7081,Country B,5306.7
7082,Country B,28181.71
7083,Country B,65012.71
7084,Country B,8695.84
7085,Country B,5728.44
7086,Country B,543398.77
7087,Country B,5608.04
7088,Country B,11015.2
7089,Country B,9923.26
7090,Country B,56821.19
7091,Country B,6045.9
7092,Country B,6676.7
7093,Country B,6857.59
7094,Country B,6775.42
7095,Country B,17454.06
7096,Country B,105144.2
7097,Country B,17076.25
7098,Country B,7529.74
7099,Country B,140587.76
7100,Country B,15464.92
7101,Country B,5261.24
7102,Country B,5005
7103,Country B,5465.71
7104,Country B,26109.62
7105,Country B,5490.23
7106,Country B,8982.38
7107,Country B,9238.7
7108,Country B,7570.81
7109,Country B,15108.2
7110,Country B,37287.15
7111,Country B,68723.77
7112,Country B,7668.28
7113,Country B,14992.83
7114,Country B,123533.36
7115,Country B,21994.06
7116,Country B,7336.84
7117,Country B,42199.74
7118,Country B,5213.14
7119,Country B,7565.65
7120,Country B,5980.19
7121,Country B,13531.87
7122,Country B,6065.4
7123,Country B,7061.96
7124,Country B,30587.65
7125,Country B,18719.08
7126,Country B,7683
7127,Country B,5087.11
7128,Country B,616753.09
7129,Country B,5021.24
7130,Country B,9151.11
7131,Country B,5309.97
7132,Country B,12776.11
7133,Country B,9820.77
7134,Country B,9177.88
7135,Country B,6487.05
7136,Country B,13747.03
7137,Country B,44922.79
7138,Country B,50691.98
7139,Country B,40161.37
7140,Country B,8469.53
7141,Country B,13197.29
7142,Country B,8978.05
7143,Country B,5206.41
7144,Country B,9229.49
7145,Country B,10818.95
7146,Country B,9814.32
7147,Country B,5928.48
7148,Country B,8154.31
7149,Country B,9461.39
7150,Country B,27955.66
7151,Country B,12030.17
7152,Country B,50853.01
7153,Country B,8041.89
7154,Country B,14525.25
7155,Country B,10063.39
7156,Country B,10120.03
7157,Country B,5340.38
7158,Country B,5954.81
7159,Country B,39326.13
7160,Country B,7882.73
7161,Country B,8496.59
7162,Country B,79715.89
7163,Country B,9300.12
7164,Country B,12533.83
7165,Country B,10085.33
7166,Country B,14848.17
7167,Country B,16082.79
7168,Country B,5957.45
7169,Country B,6322.58
7170,Country B,9808.78
7171,Country B,50587.5
7172,Country B,5894.99
7173,Country B,6243.4
7174,Country B,6535.52
7175,Country B,201300.16
7176,Country B,52601.23
7177,Country B,5277.37
7178,Country B,5350.02
7179,Country B,6357.22
7180,Country B,12595.26
7181,Country B,8821.19
7182,Country B,5530.46
7183,Country B,348459.48
7184,Country B,7093.55
7185,Country B,9717.83
7186,Country B,6593.95
7187,Country B,17936.81
7188,Country B,7168.28
7189,Country B,5595.93
7190,Country B,30380.19
7191,Country B,66193.91
7192,Country B,6365.94
7193,Country B,63936.88
7194,Country B,6198.58
7195,Country B,10830.48
7196,Country B,25550.92
7197,Country B,9500.06
7198,Country B,26069.22
7199,Country B,15856.11
7200,Country B,5600.86
7201,Country B,10482.2
7202,Country B,6131.02
7203,Country B,11182.89
7204,Country B,5196.12
7205,Country B,14262.4
7206,Country B,7885.02
7207,Country B,16705.31
7208,Country B,5107.86
7209,Country B,10256.18
7210,Country B,19743.62
7211,Country B,5856.22
7212,Country B,5266.62
7213,Country B,5139.79
7214,Country B,11286.31
7215,Country B,5783.45
7216,Country B,13058.91
7217,Country B,8855.58
7218,Country B,13054.76
7219,Country B,32860.04
7220,Country B,26180.68
7221,Country B,5951.74
7222,Country B,13041.11
7223,Country B,5335.05
7224,Country B,12448.81
7225,Country B,10484.52
7226,Country B,11055.72
7227,Country B,10531.15
7228,Country B,14450.7
7229,Country B,5516.42
7230,Country B,7160.61
7231,Country B,8107.08
7232,Country B,5307.33
7233,Country B,5050.87
7234,Country B,33373.89
7235,Country B,9475.26
7236,Country B,7054.94
7237,Country B,64211.42
7238,Country B,10203.97
7239,Country B,5729.89
7240,Country B,7305.6
7241,Country B,7357.87
7242,Country B,25434.65
7243,Country B,11209.74
7244,Country B,80641.97
7245,Country B,35609
7246,Country B,7077.09
7247,Country B,6007.96
7248,Country B,17395.69
7249,Country B,6626.87
7250,Country B,6451.44
7251,Country B,7717.87
7252,Country B,100741.64
7253,Country B,5277.27
7254,Country B,6473.07
7255,Country B,27014.38
7256,Country B,11490.41
7257,Country B,8006.32
7258,Country B,5036.29
7259,Country B,11050.89
7260,Country B,20715.75
7261,Country B,6844.88
7262,Country B,5311.17
7263,Country B,7073.33
7264,Country B,5743.07
7265,Country B,9947.07
7266,Country B,15457.84
7267,Country B,52394.2
7268,Country B,10354.71
7269,Country B,8846.66
7270,Country B,15152.16
7271,Country B,5322.72
7272,Country B,8477.73
7273,Country B,124773.5
7274,Country B,8240.36
7275,Country B,14450.09
7276,Country B,24418.98
7277,Country B,6882.82
7278,Country B,6820.81
7279,Country B,28138.08
7280,Country B,5523.34
7281,Country B,25663.72
7282,Country B,5369.82
7283,Country B,25187.28
7284,Country B,28453.5
7285,Country B,18884.22
7286,Country B,9585.08
7287,Country B,7366.57
7288,Country B,14887.39
7289,Country B,5101.4
7290,Country B,8723.88
7291,Country B,6733.03
7292,Country B,8427.11
7293,Country B,19467.96
7294,Country B,20061.32
7295,Country B,14725.55
7296,Country B,9514.52
7297,Country B,27838.4
7298,Country B,5742.68
7299,Country B,17560.73
7300,Country B,10312.18
7301,Country B,17030.4
7302,Country B,12516.58
7303,Country B,5369.67
7304,Country B,6668.46
7305,Country B,6502.44
7306,Country B,8062.15
7307,Country B,77226.74
7308,Country B,7076.41
7309,Country B,6099.55
7310,Country B,6351.3
7311,Country B,5480.45
7312,Country B,11646.31
7313,Country B,10890.35
7314,Country B,12053.58
7315,Country B,5412.34
7316,Country B,27700.57
7317,Country B,7436.04
7318,Country B,24830.47
7319,Country B,6499.28
7320,Country B,6082
7321,Country B,11758.73
7322,Country B,11206.51
7323,Country B,5350.24
7324,Country B,9362.51
7325,Country B,8808.24
7326,Country B,13042.65
7327,Country B,11246.29
7328,Country B,14268.15
7329,Country B,6995.23
7330,Country B,6360.77
7331,Country B,9898.89
7332,Country B,11618.13
7333,Country B,11117.25
7334,Country B,21577.42
7335,Country B,6303.58
7336,Country B,20666.41
7337,Country B,10623.29
7338,Country B,7336.68
7339,Country B,12898.78
7340,Country B,73843.01
7341,Country B,14503.35
7342,Country B,7626.45
7343,Country B,43892.24
7344,Country B,46387.34
7345,Country B,5247.34
7346,Country B,13525.35
7347,Country B,16299.49
7348,Country B,37777.12
7349,Country B,12401
7350,Country B,5155.43
7351,Country B,8619.72
7352,Country B,6460.32
7353,Country B,16232.48
7354,Country B,7701.59
7355,Country B,138836.86
7356,Country B,5978.93
7357,Country B,7054.21
7358,Country B,5458.88
7359,Country B,6821.15
7360,Country B,59936.6
7361,Country B,11024.94
7362,Country B,19597.74
7363,Country B,14538.54
7364,Country B,6222.62
7365,Country B,19360.94
7366,Country B,13640.47
7367,Country B,5112.77
7368,Country B,7155.97
7369,Country B,11511.54
7370,Country B,7112.71
7371,Country B,9366.01
7372,Country B,8802.33
7373,Country B,8507.48
7374,Country B,5150.2
7375,Country B,10883.84
7376,Country B,9088.71
7377,Country B,5036.91
7378,Country B,10009.63
7379,Country B,9209.93
7380,Country B,6574.81
7381,Country B,27972.2
7382,Country B,8454.16
7383,Country B,7543.69
7384,Country B,66294.89
7385,Country B,5681.17
7386,Country B,9196.81
7387,Country B,25419.3
7388,Country B,33245.56
7389,Country B,5215.52
7390,Country B,8041.51
7391,Country B,7702.36
7392,Country B,14876.87
7393,Country B,10461.44
7394,Country B,154558.35
7395,Country B,6024.08
7396,Country B,13957.9
7397,Country B,44792.91
7398,Country B,10123.27
7399,Country B,5321.36
7400,Country B,5476.91
7401,Country B,15267.89
7402,Country B,6692.41
7403,Country B,21378.67
7404,Country B,6418.75
7405,Country B,14288.19
7406,Country B,7114.82
7407,Country B,8943.31
7408,Country B,438512.91
7409,Country B,23112.84
7410,Country B,7733.3
7411,Country B,413946.1
7412,Country B,6176.2
7413,Country B,8304.98
7414,Country B,46314.71
7415,Country B,6039.55
7416,Country B,17268.02
7417,Country B,10700.77
7418,Country B,39574.83
7419,Country B,7223.82
7420,Country B,7385.92
7421,Country B,6228.7
7422,Country B,9434.06
7423,Country B,23685.53
7424,Country B,5756.03
7425,Country B,5200.31
7426,Country B,10422.02
7427,Country B,19643.75
7428,Country B,6476.33
7429,Country B,8827.19
7430,Country B,13801.02
7431,Country B,5155.03
7432,Country B,7706.5
7433,Country B,7883.01
7434,Country B,38335.62
7435,Country B,9322.02
7436,Country B,38876.16
7437,Country B,29852.24
7438,Country B,13935.52
7439,Country B,30806.65
7440,Country B,7372.71
7441,Country B,14580.12
7442,Country B,5676.1
7443,Country B,13032.61
7444,Country B,19275.79
7445,Country B,5219.5
7446,Country B,14993.09
7447,Country B,14818.62
7448,Country B,14428.51
7449,Country B,30289.06
7450,Country B,5773.9
7451,Country B,6340.88
7452,Country B,6467.6
7453,Country B,8231.56
7454,Country B,14198.06
7455,Country B,8474.31
7456,Country B,11413.96
7457,Country B,5312.93
7458,Country B,5798.96
7459,Country B,5777.28
7460,Country B,7254.51
7461,Country B,5588.45
7462,Country B,5137.06
7463,Country B,11010.05
7464,Country B,13743.8
7465,Country B,10338.26
7466,Country B,11049.39
7467,Country B,9703.75
7468,Country B,13809.92
7469,Country B,19897.99
7470,Country B,11029.66
7471,Country B,32273.74
7472,Country B,5199.47
7473,Country B,7243.23
7474,Country B,11041.5
7475,Country B,10452.42
7476,Country B,66931.58
7477,Country B,9121.71
7478,Country B,29374.78
7479,Country B,5579.32
7480,Country B,5256.74
7481,Country B,16959.43
7482,Country B,18805.39
7483,Country B,5110.33
7484,Country B,24046.2
7485,Country B,13136.56
7486,Country B,6815.27
7487,Country B,6187.9
7488,Country B,14046.17
7489,Country B,29810.25
7490,Country B,5284.33
7491,Country B,7711.43
7492,Country B,10577.56
7493,Country B,18470.28
7494,Country B,5572.52
7495,Country B,17921.4
7496,Country B,10247.83
7497,Country B,35651.69
7498,Country B,35232.98
7499,Country B,9245.15
7500,Country B,7113.41
7501,Country B,6229.88
7502,Country B,128889.61
7503,Country B,10378.31
7504,Country B,11967.31
7505,Country B,11203.91
7506,Country B,362183.6
7507,Country B,12914.91
7508,Country B,6403.06
7509,Country B,6386.55
7510,Country B,5225.69
7511,Country B,5739.92
7512,Country B,9375.44
7513,Country B,203186.5
7514,Country B,7108.65
7515,Country B,13942.13
7516,Country B,8764.54
7517,Country B,6001.26
7518,Country B,5333.89
7519,Country B,5280.15
7520,Country B,55173.65
7521,Country B,6666.3
7522,Country B,372529.94
7523,Country B,10051.85
7524,Country B,7090.69
7525,Country B,6586.73
7526,Country B,5985.39
7527,Country B,7956.73
7528,Country B,36780.74
7529,Country B,6812.9
7530,Country B,8494.61
7531,Country B,7010.57
7532,Country B,8838.89
7533,Country B,5307.3
7534,Country B,27130.41
7535,Country B,7391.2
7536,Country B,10362.01
7537,Country B,12614.95
7538,Country B,18873.72
7539,Country B,5776.83
7540,Country B,11022.97
7541,Country B,19296.23
7542,Country B,8543.4
7543,Country B,11520.45
7544,Country B,15329.91
7545,Country B,326804.56
7546,Country B,7451.09
7547,Country B,8066.8
7548,Country B,6381.03
7549,Country B,6528.52
7550,Country B,6831.14
7551,Country B,77919.52
7552,Country B,7756.44
7553,Country B,5024.29
7554,Country B,5427.29
7555,Country B,22686.83
7556,Country B,49697.57
7557,Country B,37626.67
7558,Country B,7265.04
7559,Country B,11841.22
7560,Country B,5304.52
7561,Country B,7602.14
7562,Country B,9511.88
7563,Country B,13114.97
7564,Country B,13545.48
7565,Country B,6900.68
7566,Country B,10883.74
7567,Country B,21527.86
7568,Country B,24014.57
7569,Country B,6291.46
7570,Country B,54355.68
7571,Country B,8401.93
7572,Country B,29715.08
7573,Country B,5131.64
7574,Country B,5188.18
7575,Country B,7292.09
7576,Country B,5338.93
7577,Country B,9429.35
7578,Country B,8351.68
7579,Country B,8354.73
7580,Country B,443855.5
7581,Country B,6743.38
7582,Country B,40484.71
7583,Country B,19462.78
7584,Country B,114704.97
7585,Country B,25018.65
7586,Country B,191272.21
7587,Country B,6040.46
7588,Country B,9252.07
7589,Country B,8632.71
7590,Country B,33974
7591,Country B,51001.75
7592,Country B,302101.96
7593,Country B,23676.9
7594,Country B,7932.73
7595,Country B,8526.94
7596,Country B,6906.38
7597,Country B,5585.29
7598,Country B,21526.99
7599,Country B,8073.62
7600,Country B,5139.13
7601,Country B,9181.69
7602,Country B,9806.09
7603,Country B,13396.9
7604,Country B,12596.21
7605,Country B,17652.67
7606,Country B,10698.53
7607,Country B,16056.55
7608,Country B,12018.43
7609,Country B,7068.83
7610,Country B,9099.33
7611,Country B,15144.43
7612,Country B,90568.83
7613,Country B,8103.82
7614,Country B,8814.87
7615,Country B,11546.09
7616,Country B,8607.15
7617,Country B,8234.23
7618,Country B,5177.81
7619,Country B,5781.84
7620,Country B,24354
7621,Country B,6153.28
7622,Country B,7034.6
7623,Country B,9424.43
7624,Country B,9211.5
7625,Country B,24532.39
7626,Country B,11851.68
7627,Country B,6672.17
7628,Country B,7047.72
7629,Country B,8356.09
7630,Country B,5229.47
7631,Country B,25188.82
7632,Country B,39254.22
7633,Country B,5804.63
7634,Country B,6200.82
7635,Country B,6008.64
7636,Country B,12516.17
7637,Country B,17038.04
7638,Country B,38184.96
7639,Country B,5015.97
7640,Country B,12522.56
7641,Country B,2344687.67
7642,Country B,15617.97
7643,Country B,6490.08
7644,Country B,18380.9
7645,Country B,13637.86
7646,Country B,6811.71
7647,Country B,8072.47
7648,Country B,6215.12
7649,Country B,26482.84
7650,Country B,10079.6
7651,Country B,11022.45
7652,Country B,6171.22
7653,Country B,15626.44
7654,Country B,5134.91
7655,Country B,6898.36
7656,Country B,7102.18
7657,Country B,7027.2
7658,Country B,6967.36
7659,Country B,6294.22
7660,Country B,7323.18
7661,Country B,7221.36
7662,Country B,9692.58
7663,Country B,9718.31
7664,Country B,8252.09
7665,Country B,9792.77
7666,Country B,12685.96
7667,Country B,5139.64
7668,Country B,38474.75
7669,Country B,6052.99
7670,Country B,31726.83
7671,Country B,9528.5
7672,Country B,80379.56
7673,Country B,5309.42
7674,Country B,19878.09
7675,Country B,7046.18
7676,Country B,7344.77
7677,Country B,9816.13
7678,Country B,9788.19
7679,Country B,25492.06
7680,Country B,8687.77
7681,Country B,7415.5
7682,Country B,9589.63
7683,Country B,6839.18
7684,Country B,38091.67
7685,Country B,16073.31
7686,Country B,5850.34
7687,Country B,24728.22
7688,Country B,6328.52
7689,Country B,39861.2
7690,Country B,10951.83
7691,Country B,21077.38
7692,Country B,10252.98
7693,Country B,5712.68
7694,Country B,6147.97
7695,Country B,6990.83
7696,Country B,6302.14
7697,Country B,22550.85
7698,Country B,2229970.93
7699,Country B,60511.9
7700,Country B,5471.64
7701,Country B,860420.17
7702,Country B,7590.79
7703,Country B,22819.93
7704,Country B,15953.45
7705,Country B,6959.91
7706,Country B,19451.77
7707,Country B,32548.31
7708,Country B,6821.66
7709,Country B,7577.75
7710,Country B,5132.03
7711,Country B,5188.09
7712,Country B,5748.17
7713,Country B,189836.97
7714,Country B,13157.81
7715,Country B,9967.54
7716,Country B,18010.73
7717,Country B,24000.6
7718,Country B,24603.82
7719,Country B,5873.83
7720,Country B,6079.17
7721,Country B,9104.32
7722,Country B,15132.68
7723,Country B,7386.7
7724,Country B,7327.32
7725,Country B,8152.61
7726,Country B,7712.35
7727,Country B,7896.77
7728,Country B,48855.87
7729,Country B,7481.92
7730,Country B,7814.38
7731,Country B,23902.4
7732,Country B,17536.12
7733,Country B,5479.6
7734,Country B,15600.37
7735,Country B,5291.64
7736,Country B,6030.96
7737,Country B,10208.94
7738,Country B,27574.59
7739,Country B,10458.96
7740,Country B,5167.04
7741,Country B,97575.11
7742,Country B,15694.14
7743,Country B,8206.85
7744,Country B,9653.57
7745,Country B,232062.6
7746,Country B,8637.45
7747,Country B,10643.91
7748,Country B,9658.94
7749,Country B,51622.37
7750,Country B,20792.24
7751,Country B,19412.72
7752,Country B,6721.05
7753,Country B,10308.23
7754,Country B,5106.95
7755,Country B,6813.94
7756,Country B,8967.89
7757,Country B,5378.01
7758,Country B,25266.1
7759,Country B,12942.39
7760,Country B,9134.01
7761,Country B,10723.98
7762,Country B,10963.11
7763,Country B,10885.61
7764,Country B,5590.04
7765,Country B,13793.6
7766,Country B,22145.11
7767,Country B,11617.22
7768,Country B,11375.43
7769,Country B,6331.68
7770,Country B,5776.41
7771,Country B,5178.3
7772,Country B,7901.55
7773,Country B,5268.37
7774,Country B,5573.44
7775,Country B,9926.4
7776,Country B,71254.88
7777,Country B,6645.69
7778,Country B,17729.6
7779,Country B,15141.52
7780,Country B,17204.79
7781,Country B,53280.79
7782,Country B,9922.94
7783,Country B,6835.22
7784,Country B,35803.13
7785,Country B,7336.52
7786,Country B,14830.52
7787,Country B,5252.51
7788,Country B,101074.35
7789,Country B,10392.13
7790,Country B,6554.01
7791,Country B,76721.66
7792,Country B,12876.99
7793,Country B,7661.74
7794,Country B,7881.1
7795,Country B,53978.37
7796,Country B,9916.59
7797,Country B,29096.19
7798,Country B,6617.07
7799,Country B,13395.94
7800,Country B,7174.71
7801,Country B,13243.85
7802,Country B,93376.09
7803,Country B,42991.98
7804,Country B,36911.54
7805,Country B,5742.43
7806,Country B,22589
7807,Country B,7576.72
7808,Country B,97627.04
7809,Country B,22306.1
7810,Country B,178043.92
7811,Country B,20355.22
7812,Country B,5830.38
7813,Country B,34123.73
7814,Country B,9799.33
7815,Country B,7396.8
7816,Country B,10163.81
7817,Country B,6000.37
7818,Country B,11576.7
7819,Country B,13289.38
7820,Country B,26806.63
7821,Country B,5784.59
7822,Country B,6819.26
7823,Country B,11738.06
7824,Country B,7578.17
7825,Country B,7775.35
7826,Country B,9650.28
7827,Country B,5655.73
7828,Country B,7199.41
7829,Country B,18652.34
7830,Country B,5682.32
7831,Country B,8478.37
7832,Country B,53595.37
7833,Country B,6797.18
7834,Country B,6366.29
7835,Country B,12901.59
7836,Country B,5842.06
7837,Country B,8290.13
7838,Country B,10234.61
7839,Country B,7222.18
7840,Country B,10968.34
7841,Country B,5576.4
7842,Country B,6805.81
7843,Country B,5935.6
7844,Country B,39430.33
7845,Country B,12566.69
7846,Country B,7795.02
7847,Country B,6583.12
7848,Country B,8507.61
7849,Country B,5277.57
7850,Country B,7145.37
7851,Country B,15883.9
7852,Country B,9043.45
7853,Country B,5365.41
7854,Country B,9079.67
7855,Country B,42544.83
7856,Country B,11793.24
7857,Country B,21702.81
7858,Country B,6723.28
7859,Country B,8349.19
7860,Country B,19489.32
7861,Country B,75377.98
7862,Country B,5992.44
7863,Country B,7517.68
7864,Country B,26224.38
7865,Country B,177013.42
7866,Country B,7745.63
7867,Country B,18021.39
7868,Country B,8629.64
7869,Country B,23275.32
7870,Country B,5028.15
7871,Country B,5911.39
7872,Country B,9130.39
7873,Country B,28381.1
7874,Country B,38142.1
7875,Country B,5465.46
7876,Country B,15957.84
7877,Country B,19551.15
7878,Country B,18476.52
7879,Country B,11936.99
7880,Country B,6100.96
7881,Country B,19960.14
7882,Country B,41556.84
7883,Country B,5705.41
7884,Country B,15463.51
7885,Country B,39772.92
7886,Country B,5839.36
7887,Country B,6273.59
7888,Country B,12996.16
7889,Country B,5844.96
7890,Country B,7860.09
7891,Country B,12360.7
7892,Country B,7195.47
7893,Country B,38142.72
7894,Country B,9250.12
7895,Country B,6305.52
7896,Country B,7013.73
7897,Country B,23837.76
7898,Country B,11598.99
7899,Country B,21443.07
7900,Country B,5729.43
7901,Country B,16910.23
7902,Country B,5198.22
7903,Country B,22748.74
7904,Country B,33465.01
7905,Country B,5221.49
7906,Country B,5211.89
7907,Country B,6570.44
7908,Country B,62513.81
7909,Country B,7446.03
7910,Country B,7107.79
7911,Country B,15017.81
7912,Country B,5072.51
7913,Country B,5739.62
7914,Country B,11058.15
7915,Country B,25336.17
7916,Country B,11211.31
7917,Country B,10702.79
7918,Country B,5685.95
7919,Country B,5672.13
7920,Country B,34486.17
7921,Country B,22737.08
7922,Country B,14895.82
7923,Country B,8905.35
7924,Country B,10874.25
7925,Country B,18586.32
7926,Country B,7759.92
7927,Country B,12483.34
7928,Country B,73208.27
7929,Country B,9490.93
7930,Country B,12251.1
7931,Country B,10517.43
7932,Country B,6170.22
7933,Country B,5861.63
7934,Country B,8233.36
7935,Country B,6540.27
7936,Country B,11820.61
7937,Country B,6115.33
7938,Country B,8123.28
7939,Country B,6061.84
7940,Country B,23375.88
7941,Country B,5435.02
7942,Country B,10224.87
7943,Country B,7913.57
7944,Country B,35946.79
7945,Country B,6471.55
7946,Country B,5305.02
7947,Country B,11963.13
7948,Country B,7498.73
7949,Country B,9938.48
7950,Country B,8029.82
7951,Country B,6784.72
7952,Country B,143821.44
7953,Country B,11931.62
7954,Country B,33407.61
7955,Country B,12333.65
7956,Country B,8889.05
7957,Country B,7712.53
7958,Country B,13016.73
7959,Country B,5287.54
7960,Country B,6225.65
7961,Country B,44013.05
7962,Country B,5754.96
7963,Country B,13518.79
7964,Country B,28948.65
7965,Country B,7285.5
7966,Country B,10577.7
7967,Country B,7521.51
7968,Country B,5146.87
7969,Country B,45669.2
7970,Country B,6402.32
7971,Country B,17964.78
7972,Country B,5837.41
7973,Country B,29281.52
7974,Country B,19541.39
7975,Country B,9434.43
7976,Country B,5819.55
7977,Country B,5450.76
7978,Country B,71071.87
7979,Country B,9145.6
7980,Country B,11597.15
7981,Country B,10719.56
7982,Country B,15410.46
7983,Country B,5053.28
7984,Country B,5351.86
7985,Country B,15502.65
7986,Country B,12026.14
7987,Country B,8471.79
7988,Country B,12444.18
7989,Country B,11900.37
7990,Country B,17681.71
7991,Country B,21984.61
7992,Country B,8546.65
7993,Country B,6591.95
7994,Country B,6859.71
7995,Country B,14221.78
7996,Country B,58713.06
7997,Country B,6054.53
7998,Country B,9984.87
7999,Country B,12722.74
8000,Country B,5297.78
8001,Country B,10137.26
8002,Country B,13168.95
8003,Country B,19598.72
8004,Country B,21005.88
8005,Country B,11803.73
8006,Country B,6603.73
8007,Country B,7297.95
8008,Country B,6596.43
8009,Country B,132660.69
8010,Country B,46144.27
8011,Country B,24766.04
8012,Country B,5190.93
8013,Country B,7666.06
8014,Country B,8078.01
8015,Country B,28449.01
8016,Country B,5195.58
8017,Country B,5834.96
8018,Country B,27196.84
8019,Country B,25342.21
8020,Country B,8457.79
8021,Country B,20826.9
8022,Country B,10820.2
8023,Country B,10851.25
8024,Country B,5116.28
8025,Country B,11271.9
8026,Country B,18765.41
8027,Country B,11096
8028,Country B,6168.09
8029,Country B,7164.65
8030,Country B,28580.86
8031,Country B,6681.51
8032,Country B,7567.93
8033,Country B,93385.25
8034,Country B,5573.57
8035,Country B,5880.74
8036,Country B,5075.2
8037,Country B,5424.4
8038,Country B,18527.71
8039,Country B,18273.18
8040,Country B,11202.78
8041,Country B,106770.38
8042,Country B,6307.89
8043,Country B,66968.48
8044,Country B,177270.31
8045,Country B,112412.35
8046,Country B,49558.28
8047,Country B,7563.95
8048,Country B,8486.12
8049,Country B,6519.44
8050,Country B,17177.94
8051,Country B,5326.91
8052,Country B,6213.88
8053,Country B,7504.78
8054,Country B,6048.22
8055,Country B,5928.37
8056,Country B,5002.07
8057,Country B,14723.49
8058,Country B,23296.16
8059,Country B,24556.3
8060,Country B,23907.31
8061,Country B,7735.62
8062,Country B,13276.34
8063,Country B,7451.59
8064,Country B,12980.35
8065,Country B,156415.96
8066,Country B,5846.92
8067,Country B,5905.06
8068,Country B,31559.39
8069,Country B,15615.38
8070,Country B,10868.97
8071,Country B,9909.24
8072,Country B,6972.86
8073,Country B,25250.9
8074,Country B,5654.62
8075,Country B,6513.84
8076,Country B,14328.85
8077,Country B,12292.13
8078,Country B,12655.31
8079,Country B,46159.28
8080,Country B,5546.64
8081,Country B,7644.15
8082,Country B,28455.63
8083,Country B,68022.42
8084,Country B,115118.05
8085,Country B,10531.8
8086,Country B,7472.69
8087,Country B,9014.33
8088,Country B,38443.89
8089,Country B,5015.04
8090,Country B,11382.28
8091,Country B,6858.1
8092,Country B,25134.74
8093,Country B,36568.41
8094,Country B,11012.44
8095,Country B,7304.22
8096,Country B,18983.62
8097,Country B,9810.27
8098,Country B,5604.74
8099,Country B,7942.85
8100,Country B,14562.65
8101,Country B,64254.45
8102,Country B,5129.39
8103,Country B,5210.85
8104,Country B,5456.79
8105,Country B,6720.93
8106,Country B,20304.99
8107,Country B,12355.9
8108,Country B,372891.44
8109,Country B,142073.34
8110,Country B,22519.53
8111,Country B,7227.07
8112,Country B,7938.5
8113,Country B,44368.91
8114,Country B,7265.32
8115,Country B,31935.64
8116,Country B,5971.57
8117,Country B,6766.06
8118,Country B,10999.84
8119,Country B,6284.77
8120,Country B,5878.56
8121,Country B,12379.83
8122,Country B,11551.45
8123,Country B,67407.12
8124,Country B,7179.43
8125,Country B,292207.65
8126,Country B,8297.19
8127,Country B,44604.52
8128,Country B,5599.11
8129,Country B,17111.11
8130,Country B,9379.32
8131,Country B,23942.45
8132,Country B,19652.75
8133,Country B,7513.45
8134,Country B,5007.76
8135,Country B,19719.34
8136,Country B,35419.78
8137,Country B,6976.26
8138,Country B,7958.41
8139,Country B,5565.66
8140,Country B,20164.47
8141,Country B,13183.75
8142,Country B,6820.71
8143,Country B,41379.09
8144,Country B,6138.84
8145,Country B,32064.22
8146,Country B,5729.27
8147,Country B,6229.78
8148,Country B,116819.49
8149,Country B,57993.4
8150,Country B,5728.91
8151,Country B,5249.96
8152,Country B,5057.32
8153,Country B,7685.36
8154,Country B,11356.22
8155,Country B,5873.25
8156,Country B,29603.25
8157,Country B,17927.3
8158,Country B,35505.35
8159,Country B,16091.96
8160,Country B,34425.73
8161,Country B,7061.17
8162,Country B,6416.81
8163,Country B,10523.08
8164,Country B,7500.78
8165,Country B,6639.03
8166,Country B,498506.93
8167,Country B,10513.25
8168,Country B,5374.4
8169,Country B,10471.3
8170,Country B,6422.93
8171,Country B,5176.79
8172,Country B,20859
8173,Country B,6916.42
8174,Country B,5356.74
8175,Country B,274572.85
8176,Country B,7905.88
8177,Country B,6323.13
8178,Country B,62099.44
8179,Country B,16837.48
8180,Country B,14444.66
8181,Country B,8897.71
8182,Country B,9867.64
8183,Country B,5416.76
8184,Country B,20906.65
8185,Country B,5206.06
8186,Country B,188932.15
8187,Country B,128048.94
8188,Country B,23924.09
8189,Country B,54898.55
8190,Country B,41996.79
8191,Country B,7090.09
8192,Country B,9086.42
8193,Country B,16128.17
8194,Country B,8716.5
8195,Country B,13577.51
8196,Country B,14106.41
8197,Country B,5530.32
8198,Country B,5558.31
8199,Country B,13387.14
8200,Country B,12203.02
8201,Country B,31242.49
8202,Country B,6401.14
8203,Country B,11546.18
8204,Country B,7422.01
8205,Country B,6210.4
8206,Country B,6129.87
8207,Country B,7853.85
8208,Country B,6643.23
8209,Country B,6243.26
8210,Country B,10724.91
8211,Country B,85033.85
8212,Country B,22054.44
8213,Country B,8458.38
8214,Country B,9264.65
8215,Country B,6380.19
8216,Country B,20982.82
8217,Country B,5396.93
8218,Country B,5726.17
8219,Country B,757179.14
8220,Country B,6869.92
8221,Country B,18882.69
8222,Country B,5103.23
8223,Country B,6134.32
8224,Country B,10626.46
8225,Country B,6819.14
8226,Country B,11358.57
8227,Country B,7379.49
8228,Country B,7970.32
8229,Country B,63020.09
8230,Country B,11028.82
8231,Country B,11773.99
8232,Country B,26894.5
8233,Country B,189130.2
8234,Country B,42841.79
8235,Country B,9016.23
8236,Country B,20993.19
8237,Country B,24548.96
8238,Country B,36161.04
8239,Country B,47571.23
8240,Country B,6894.23
8241,Country B,8186.56
8242,Country B,10123.08
8243,Country B,5152.75
8244,Country B,11802.47
8245,Country B,60790.24
8246,Country B,8700.46
8247,Country B,21083.85
8248,Country B,7248.11
8249,Country B,10578.78
8250,Country B,41551.86
8251,Country B,17301.67
8252,Country B,5525.38
8253,Country B,26283.1
8254,Country B,10548.01
8255,Country B,6581.14
8256,Country B,6152.74
8257,Country B,25025.17
8258,Country B,5874.47
8259,Country B,10296.43
8260,Country B,8268.21
8261,Country B,5839.89
8262,Country B,8157.69
8263,Country B,7357.69
8264,Country B,9993.98
8265,Country B,63098.29
8266,Country B,9451.08
8267,Country B,5452.97
8268,Country B,5178.42
8269,Country B,6774.5
8270,Country B,68837.31
8271,Country B,7950.88
8272,Country B,5419.79
8273,Country B,10045.16
8274,Country B,21373.05
8275,Country B,20856.33
8276,Country B,14478.34
8277,Country B,19877.35
8278,Country B,41706.45
8279,Country B,23341.57
8280,Country B,5535.55
8281,Country B,44036.68
8282,Country B,6025.45
8283,Country B,6794.43
8284,Country B,9807.34
8285,Country B,41831.75
8286,Country B,35148.24
8287,Country B,7156.99
8288,Country B,6277.35
8289,Country B,20480.79
8290,Country B,8213.35
8291,Country B,6020.22
8292,Country B,9846.75
8293,Country B,5761.66
8294,Country B,26621.89
8295,Country B,9006.13
8296,Country B,12997.6
8297,Country B,7236.94
8298,Country B,9219.22
8299,Country B,7697.42
8300,Country B,21610.1
8301,Country B,45091.45
8302,Country B,8832.88
8303,Country B,6140.86
8304,Country B,9044.39
8305,Country B,6200
8306,Country B,27209.86
8307,Country B,22008.6
8308,Country B,6022.05
8309,Country B,24656.82
8310,Country B,7103.2
8311,Country B,7355.44
8312,Country B,16221.04
8313,Country B,27856.89
8314,Country B,7658.27
8315,Country B,8157.22
8316,Country B,38076.18
8317,Country B,6518.52
8318,Country B,6842.98
8319,Country B,11232.85
8320,Country B,5646.24
8321,Country B,10149.91
8322,Country B,35855.5
8323,Country B,16893.48
8324,Country B,24069.23
8325,Country B,11648.33
8326,Country B,6538.95
8327,Country B,14926.96
8328,Country B,11603.37
8329,Country B,5024.62
8330,Country B,16085.28
8331,Country B,6603.29
8332,Country B,7762.98
8333,Country B,5642.28
8334,Country B,7116.9
8335,Country B,13500.59
8336,Country B,18359.03
8337,Country B,10678.95
8338,Country B,104736.66
8339,Country B,5013.16
8340,Country B,6914.15
8341,Country B,19989.38
8342,Country B,6120.76
8343,Country B,16120.74
8344,Country B,7821.76
8345,Country B,10135.72
8346,Country B,29243.58
8347,Country B,5670.42
8348,Country B,7175.9
8349,Country B,1569032.43
8350,Country B,7638.41
8351,Country B,5088.65
8352,Country B,9864.48
8353,Country B,28157.01
8354,Country B,6211.6
8355,Country B,34085.09
8356,Country B,6017.95
8357,Country B,11980.59
8358,Country B,26061.51
8359,Country B,6459.34
8360,Country B,153861.99
8361,Country B,20510.56
8362,Country B,56132.26
8363,Country B,104495.06
8364,Country B,13777.5
8365,Country B,13762.37
8366,Country B,5137.62
8367,Country B,7486.43
8368,Country B,16435.37
8369,Country B,6027.98
8370,Country B,35656.82
8371,Country B,5627.94
8372,Country B,6637.48
8373,Country B,13037.35
8374,Country B,6039.61
8375,Country B,5334.36
8376,Country B,6603.3
8377,Country B,5563.11
8378,Country B,101959.36
8379,Country B,13396.59
8380,Country B,25571.32
8381,Country B,5945.92
8382,Country B,7630.24
8383,Country B,5731.74
8384,Country B,89948.69
8385,Country B,43290.08
8386,Country B,10681.57
8387,Country B,5295.76
8388,Country B,18468.24
8389,Country B,9660.11
8390,Country B,5857.52
8391,Country B,6884.16
8392,Country B,13457.21
8393,Country B,9726.07
8394,Country B,29362.38
8395,Country B,16999.74
8396,Country B,19459.46
8397,Country B,5293.3
8398,Country B,10857.34
8399,Country B,5450.31
8400,Country B,7499.94
8401,Country B,27235.86
8402,Country B,5197.17
8403,Country B,9237.57
8404,Country B,10338.45
8405,Country B,6775.82
8406,Country B,53465.21
8407,Country B,87588.5
8408,Country B,5003.16
8409,Country B,13240.11
8410,Country B,7559.02
8411,Country B,6957.95
8412,Country B,9726.26
8413,Country B,12025.19
8414,Country B,5038.31
8415,Country B,147129.36
8416,Country B,7180.54
8417,Country B,51158.5
8418,Country B,7943.4
8419,Country B,22425.75
8420,Country B,10604.75
8421,Country B,8162.2
8422,Country B,12636.47
8423,Country B,93221.32
8424,Country B,5618.34
8425,Country B,6891.18
8426,Country B,6368.45
8427,Country B,5722.5
8428,Country B,6589.16
8429,Country B,14850.38
8430,Country B,12222.62
8431,Country B,5895.27
8432,Country B,27797.25
8433,Country B,5850.36
8434,Country B,33701.51
8435,Country B,9245.77
8436,Country B,6459.76
8437,Country B,12172.24
8438,Country B,9154.11
8439,Country B,10531.28
8440,Country B,124574.67
8441,Country B,104818.66
8442,Country B,5273.01
8443,Country B,6715.02
8444,Country B,6377.36
8445,Country B,7458.62
8446,Country B,12719.95
8447,Country B,10226.03
8448,Country B,5177.24
8449,Country B,723083.22
8450,Country B,7854.33
8451,Country B,7631.22
8452,Country B,53796.62
8453,Country B,6701.17
8454,Country B,7085.64
8455,Country B,21094.02
8456,Country B,14151.88
8457,Country B,5797.42
8458,Country B,5791.82
8459,Country B,6668.89
8460,Country B,51124.8
8461,Country B,32203.19
8462,Country B,6218.39
8463,Country B,23476.72
8464,Country B,5905.59
8465,Country B,10795.7
8466,Country B,9350.58
8467,Country B,24477.75
8468,Country B,7011.16
8469,Country B,26367.84
8470,Country B,20706.43
8471,Country B,5411.67
8472,Country B,11038.06
8473,Country B,30742.37
8474,Country B,9941
8475,Country B,7763.64
8476,Country B,5738.11
8477,Country B,58082.53
8478,Country B,7766.76
8479,Country B,9181.06
8480,Country B,6656.03
8481,Country B,6694.52
8482,Country B,17425.46
8483,Country B,5662.21
8484,Country B,16061.47
8485,Country B,29183.1
8486,Country B,21312.83
8487,Country B,18081.34
8488,Country B,6005.7
8489,Country B,5974.78
8490,Country B,8694.27
8491,Country B,6633.26
8492,Country B,8014.86
8493,Country B,11428.1
8494,Country B,10406.78
8495,Country B,8840.97
8496,Country B,21602.81
8497,Country B,13749.75
8498,Country B,6876.62
8499,Country B,6332.59
8500,Country B,6723.48
8501,Country B,7407.94
8502,Country B,6960.21
8503,Country B,9772.16
8504,Country B,7876.56
8505,Country B,20359.25
8506,Country B,6534.82
8507,Country B,7692.13
8508,Country B,7552.51
8509,Country B,11432.42
8510,Country B,10576.61
8511,Country B,99567.37
8512,Country B,22147.03
8513,Country B,23381.79
8514,Country B,56783.66
8515,Country B,73034.6
8516,Country B,43091.7
8517,Country B,5912.57
8518,Country B,6036.58
8519,Country B,5301.01
8520,Country B,9827.7
8521,Country B,5040.7
8522,Country B,12756.95
8523,Country B,5072.03
8524,Country B,6397.52
8525,Country B,18233.1
8526,Country B,13193.03
8527,Country B,35456.67
8528,Country B,5362.93
8529,Country B,15812.97
8530,Country B,6043.54
8531,Country B,5488.61
8532,Country B,28276.23
8533,Country B,24585.06
8534,Country B,6921.64
8535,Country B,17336.53
8536,Country B,28719.32
8537,Country B,18111.48
8538,Country B,6392.71
8539,Country B,11319.32
8540,Country B,10075.07
8541,Country B,6456.04
8542,Country B,17475.29
8543,Country B,53675.21
8544,Country B,9452.19
8545,Country B,9274.78
8546,Country B,10538.69
8547,Country B,82743.21
8548,Country B,11145.95
8549,Country B,5760.3
8550,Country B,5175.57
8551,Country B,6032.92
8552,Country B,43252.14
8553,Country B,7743.41
8554,Country B,6468.74
8555,Country B,10890.2
8556,Country B,10080.82
8557,Country B,5775.71
8558,Country B,11189.98
8559,Country B,6562.09
8560,Country B,6900.87
8561,Country B,31419.11
8562,Country B,18894.9
8563,Country B,5025.71
8564,Country B,5454.57
8565,Country B,15954.09
8566,Country B,7761.75
8567,Country B,25577.81
8568,Country B,13124.47
8569,Country B,7096.96
8570,Country B,5028.16
8571,Country B,7735.9
8572,Country B,18165.5
8573,Country B,8275.35
8574,Country B,12410.68
8575,Country B,46748.26
8576,Country B,11389.95
8577,Country B,8589.19
8578,Country B,230627.85
8579,Country B,7264.7
8580,Country B,5838.66
8581,Country B,5054.66
8582,Country B,22925.84
8583,Country B,18858.28
8584,Country B,9418.66
8585,Country B,6273.46
8586,Country B,7133.54
8587,Country B,20686.79
8588,Country B,8977.79
8589,Country B,7591.07
8590,Country B,6192
8591,Country B,23553.08
8592,Country B,6309.63
8593,Country B,133517.38
8594,Country B,6610.87
8595,Country B,262175.55
8596,Country B,17795.6
8597,Country B,6024.3
8598,Country B,6743.38
8599,Country B,8679.43
8600,Country B,92773.19
8601,Country B,7272.35
8602,Country B,23444.75
8603,Country B,152149.06
8604,Country B,7768.8
8605,Country B,10165.16
8606,Country B,9634
8607,Country B,8557.62
8608,Country B,15569.06
8609,Country B,5224.96
8610,Country B,5446.15
8611,Country B,17125.27
8612,Country B,16401.37
8613,Country B,6149.35
8614,Country B,6530.67
8615,Country B,9320.94
8616,Country B,9823.53
8617,Country B,5917.92
8618,Country B,5944.01
8619,Country B,8205.33
8620,Country B,19211.88
8621,Country B,8253.39
8622,Country B,7962.97
8623,Country B,10323.22
8624,Country B,16580.99
8625,Country B,8612.86
8626,Country B,8547.85
8627,Country B,8624.69
8628,Country B,40245.52
8629,Country B,10376.16
8630,Country B,7358.42
8631,Country B,10178.77
8632,Country B,6930.4
8633,Country B,6055.19
8634,Country B,63298.05
8635,Country B,10496.2
8636,Country B,107582.42
8637,Country B,20114.48
8638,Country B,9345.58
8639,Country B,9779.19
8640,Country B,9040.99
8641,Country B,36280.52
8642,Country B,28317.75
8643,Country B,5194
8644,Country B,54291.45
8645,Country B,5027.4
8646,Country B,6023.39
8647,Country B,9298.37
8648,Country B,13226.72
8649,Country B,9091.22
8650,Country B,15039.41
8651,Country B,24196.14
8652,Country B,5832.41
8653,Country B,7569.94
8654,Country B,5317.45
8655,Country B,5840.58
8656,Country B,12540.36
8657,Country B,6188.5
8658,Country B,6957.79
8659,Country B,9184.37
8660,Country B,9213.02
8661,Country B,5501.49
8662,Country B,18991.81
8663,Country B,5174.24
8664,Country B,11080.88
8665,Country B,11659.39
8666,Country B,7684.82
8667,Country B,7126.35
8668,Country B,5128.43
8669,Country B,5610.78
8670,Country B,42937.89
8671,Country B,11415.32
8672,Country B,11221.76
8673,Country B,8371.74
8674,Country B,11096.56
8675,Country B,28650.35
8676,Country B,12603.74
8677,Country B,21252.47
8678,Country B,13173.59
8679,Country B,317288.2
8680,Country B,22254.76
8681,Country B,16982.6
8682,Country B,1462704.64
8683,Country B,14294.26
8684,Country B,12465.99
8685,Country B,5718.87
8686,Country B,8267.36
8687,Country B,28186.75
8688,Country B,14917.34
8689,Country B,9710.54
8690,Country B,9274.53
8691,Country B,12817.8
8692,Country B,11025.88
8693,Country B,12436.59
8694,Country B,6544.26
8695,Country B,8342.13
8696,Country B,5772.27
8697,Country B,5308.24
8698,Country B,11327.55
8699,Country B,30742.39
8700,Country B,7780.45
8701,Country B,6416.19
8702,Country B,16497.78
8703,Country B,17051.56
8704,Country B,22155.34
8705,Country B,29604.37
8706,Country B,5800.82
8707,Country B,6060.21
8708,Country B,7707.04
8709,Country B,37185.31
8710,Country B,34101.47
8711,Country B,23253.11
8712,Country B,63449.45
8713,Country B,5793.87
8714,Country B,5236.95
8715,Country B,9871.12
8716,Country B,6286.72
8717,Country B,5261.68
8718,Country B,44161.66
8719,Country B,5014.72
8720,Country B,6712.09
8721,Country B,8044.02
8722,Country B,5469.77
8723,Country B,6229.86
8724,Country B,5666.13
8725,Country B,8474.4
8726,Country B,11707.55
8727,Country B,14814.66
8728,Country B,50671.39
8729,Country B,17524.64
8730,Country B,11457.2
8731,Country B,5705.81
8732,Country B,12860.92
8733,Country B,6296.8
8734,Country B,7861.18
8735,Country B,6978.47
8736,Country B,5538.55
8737,Country B,5986.28
8738,Country B,6421.88
8739,Country B,29776.28
8740,Country B,12905.65
8741,Country B,28306.77
8742,Country B,9087.2
8743,Country B,8257.76
8744,Country B,5704.7
8745,Country B,6770.7
8746,Country B,6204.7
8747,Country B,5615.1
8748,Country B,6233.09
8749,Country B,5324.85
8750,Country B,45032.8
8751,Country B,8123.51
8752,Country B,9788.77
8753,Country B,28444.57
8754,Country B,7999.91
8755,Country B,32895.57
8756,Country B,5216.35
8757,Country B,23725.74
8758,Country B,5374.35
8759,Country B,5384.06
8760,Country B,22210.34
8761,Country B,7204.33
8762,Country B,7309.32
8763,Country B,5316.1
8764,Country B,9488.74
8765,Country B,16807.16
8766,Country B,8721.22
8767,Country B,9480.23
8768,Country B,28791.69
8769,Country B,6512.76
8770,Country B,18548.77
8771,Country B,7376.62
8772,Country B,5304.76
8773,Country B,31628.47
8774,Country B,7158.39
8775,Country B,51366.83
8776,Country B,17280.44
8777,Country B,363346.17
8778,Country B,83836.13
8779,Country B,6479.64
8780,Country B,11507.71
8781,Country B,6614.05
8782,Country B,5844.94
8783,Country B,9173.22
8784,Country B,6100.56
8785,Country B,5092.82
8786,Country B,26221.91
8787,Country B,7697.69
8788,Country B,5765.22
8789,Country B,13852.52
8790,Country B,12075.45
8791,Country B,5593.15
8792,Country B,9200.22
8793,Country B,5804.44
8794,Country B,12947.82
8795,Country B,17301.42
8796,Country B,7075.8
8797,Country B,8722.4
8798,Country B,100064.12
8799,Country B,5988.93
8800,Country B,5824.99
8801,Country B,5884.27
8802,Country B,5379.83
8803,Country B,10068.41
8804,Country B,5394.64
8805,Country B,37257.22
8806,Country B,69595.24
8807,Country B,5220.13
8808,Country B,37713.67
8809,Country B,8351.97
8810,Country B,13503.63
8811,Country B,13423.58
8812,Country B,7759.07
8813,Country B,11607.34
8814,Country B,9419.74
8815,Country B,13060.39
8816,Country B,10447.14
8817,Country B,75857.5
8818,Country B,16569.63
8819,Country B,10373.9
8820,Country B,5292.11
8821,Country B,5826.85
8822,Country B,5215.73
8823,Country B,5048.93
8824,Country B,34953.96
8825,Country B,14411.84
8826,Country B,21743.41
8827,Country B,10522.03
8828,Country B,18658.46
8829,Country B,6462.45
8830,Country B,9341.55
8831,Country B,10339.85
8832,Country B,131532.92
8833,Country B,14423.84
8834,Country B,10939.8
8835,Country B,11886.61
8836,Country B,17195.24
8837,Country B,7932.07
8838,Country B,14717.4
8839,Country B,226007.87
8840,Country B,8448.19
8841,Country B,16122.36
8842,Country B,81782.47
8843,Country B,8388.77
8844,Country B,10585.19
8845,Country B,6889.22
8846,Country B,24227.33
8847,Country B,24163.52
8848,Country B,44471.13
8849,Country B,15374.8
8850,Country B,31162.11
8851,Country B,73014.45
8852,Country B,80357.52
8853,Country B,7007.33
8854,Country B,5879.93
8855,Country B,6522.38
8856,Country B,7636.54
8857,Country B,9632.41
8858,Country B,8235.04
8859,Country B,8961.97
8860,Country B,8726.05
8861,Country B,427528.04
8862,Country B,6822.91
8863,Country B,5369.69
8864,Country B,5632.44
8865,Country B,11574.99
8866,Country B,6391.86
8867,Country B,15389.26
8868,Country B,132001.01
8869,Country B,9012.74
8870,Country B,6854.47
8871,Country B,6600.4
8872,Country B,9346.43
8873,Country B,5265.58
8874,Country B,11465.36
8875,Country B,7260.36
8876,Country B,8238.28
8877,Country B,29412.76
8878,Country B,22172.68
8879,Country B,9669.16
8880,Country B,5001.39
8881,Country B,8505.57
8882,Country B,7261.06
8883,Country B,8211.56
8884,Country B,6157.87
8885,Country B,5833.33
8886,Country B,17805.75
8887,Country B,9726.45
8888,Country B,8765.37
8889,Country B,18865.35
8890,Country B,6085.25
8891,Country B,5385.51
8892,Country B,35748.4
8893,Country B,5013.18
8894,Country B,12184.47
8895,Country B,11546.31
8896,Country B,26716.3
8897,Country B,5901.66
8898,Country B,6945.09
8899,Country B,5698.01
8900,Country B,7906.36
8901,Country B,5933.96
8902,Country B,46876.88
8903,Country B,12701.12
8904,Country B,14823.76
8905,Country B,6444.95
8906,Country B,10127.42
8907,Country B,5532.7
8908,Country B,31892.88
8909,Country B,5006.09
8910,Country B,7316.87
8911,Country B,7220.83
8912,Country B,10747.81
8913,Country B,8705.37
8914,Country B,5561.12
8915,Country B,23177.4
8916,Country B,14538.01
8917,Country B,9051.47
8918,Country B,8290.06
8919,Country B,6348.26
8920,Country B,31674.98
8921,Country B,6442.09
8922,Country B,7021.51
8923,Country B,21954.16
8924,Country B,12193.32
8925,Country B,9105.44
8926,Country B,115123.58
8927,Country B,27735.7
8928,Country B,9024.01
8929,Country B,7197.13
8930,Country B,7370.42
8931,Country B,8597.03
8932,Country B,6367.5
8933,Country B,5544.88
8934,Country B,6951.99
8935,Country B,8279.89
8936,Country B,9409.93
8937,Country B,5800.74
8938,Country B,5509.73
8939,Country B,6632.81
8940,Country B,5237.63
8941,Country B,20451.68
8942,Country B,40758.65
8943,Country B,51821.19
8944,Country B,7052.18
8945,Country B,9401.45
8946,Country B,8094.6
8947,Country B,5061.99
8948,Country B,374117.49
8949,Country B,6224.31
8950,Country B,6706.16
8951,Country B,6820.98
8952,Country B,12050.08
8953,Country B,6505.45
8954,Country B,7602.53
8955,Country B,5472.29
8956,Country B,9519.66
8957,Country B,5207.46
8958,Country B,8720.96
8959,Country B,5863.8
8960,Country B,52945.32
8961,Country B,5470.24
8962,Country B,37267.13
8963,Country B,5760.95
8964,Country B,22318.34
8965,Country B,5376.73
8966,Country B,11730.14
8967,Country B,5607.79
8968,Country B,6374.81
8969,Country B,62399.02
8970,Country B,12654.56
8971,Country B,18213.14
8972,Country B,6654.2
8973,Country B,10961.04
8974,Country B,19006.49
8975,Country B,9267.35
8976,Country B,5291.7
8977,Country B,5110.39
8978,Country B,9201
8979,Country B,7255.75
8980,Country B,11559.84
8981,Country B,5718.51
8982,Country B,5731.8
8983,Country B,11260.64
8984,Country B,14190.51
8985,Country B,8098.57
8986,Country B,7073.21
8987,Country B,10437.78
8988,Country B,80875.98
8989,Country B,10254.55
8990,Country B,22820.79
8991,Country B,5165.57
8992,Country B,147935.31
8993,Country B,7564.82
8994,Country B,14585.98
8995,Country B,7345.58
8996,Country B,7459.18
8997,Country B,9409.78
8998,Country B,11658.58
8999,Country B,15383.92
9000,Country B,18008.55
9001,Country B,10636.48
9002,Country B,5903.33
9003,Country B,33475.25
9004,Country B,19926.72
9005,Country B,9261.15
9006,Country B,6305.87
9007,Country B,18263.94
9008,Country B,6690.36
9009,Country B,5572.47
9010,Country B,21963.15
9011,Country B,5303.39
9012,Country B,8105.2
9013,Country B,31390.12
9014,Country B,24406.92
9015,Country B,37736.54
9016,Country B,5828.67
9017,Country B,13696.83
9018,Country B,5903.65
9019,Country B,9531.34
9020,Country B,12810.17
9021,Country B,8396.24
9022,Country B,5067.55
9023,Country B,6154.11
9024,Country B,8168.11
9025,Country B,25323.57
9026,Country B,6743.99
9027,Country B,7826.43
9028,Country B,7298.33
9029,Country B,16054.2
9030,Country B,6074.9
9031,Country B,15437.71
9032,Country B,62516.77
9033,Country B,6746.7
9034,Country B,7322.36
9035,Country B,8417.2
9036,Country B,47141.07
9037,Country B,6340.28
9038,Country B,6652.08
9039,Country B,19830.72
9040,Country B,10109.74
9041,Country B,8619.76
9042,Country B,5359.58
9043,Country B,10432.75
9044,Country B,5774.36
9045,Country B,5776.72
9046,Country B,5774.3
9047,Country B,9316.28
9048,Country B,7360.49
9049,Country B,19206.18
9050,Country B,18399.73
9051,Country B,6319.66
9052,Country B,7613.07
9053,Country B,6815.47
9054,Country B,5019.02
9055,Country B,6120.1
9056,Country B,8947.93
9057,Country B,8180.37
9058,Country B,6335.09
9059,Country B,20168.68
9060,Country B,10070.32
9061,Country B,51310.36
9062,Country B,5379.56
9063,Country B,5675.14
9064,Country B,10248.64
9065,Country B,5909.37
9066,Country B,15377.4
9067,Country B,8897.3
9068,Country B,5242.62
9069,Country B,322003.22
9070,Country B,6760.57
9071,Country B,9792.03
9072,Country B,5325.53
9073,Country B,6113.13
9074,Country B,10625.42
9075,Country B,13784.9
9076,Country B,7329.01
9077,Country B,7552.15
9078,Country B,5302.92
9079,Country B,26064.44
9080,Country B,22931.53
9081,Country B,6850.23
9082,Country B,8182.86
9083,Country B,39996.89
9084,Country B,314056.19
9085,Country B,14646.58
9086,Country B,8283.05
9087,Country B,5524
9088,Country B,26053.95
9089,Country B,10808.34
9090,Country B,14343.65
9091,Country B,5364.15
9092,Country B,68676.48
9093,Country B,7344.94
9094,Country B,7334.78
9095,Country B,5527.85
9096,Country B,5891.02
9097,Country B,9579.05
9098,Country B,7336.45
9099,Country B,6405.68
9100,Country B,8624.08
9101,Country B,6792.23
9102,Country B,51071.82
9103,Country B,12412.82
9104,Country B,39620.8
9105,Country B,5253.28
9106,Country B,7436.48
9107,Country B,5983.63
9108,Country B,5054.88
9109,Country B,19851.76
9110,Country B,11871.35
9111,Country B,5572.29
9112,Country B,5074.01
9113,Country B,13623.5
9114,Country B,13677.81
9115,Country B,557544.81
9116,Country B,10849.12
9117,Country B,10805.47
9118,Country B,8317.93
9119,Country B,22531.18
9120,Country B,5852.08
9121,Country B,12720.01
9122,Country B,5063.6
9123,Country B,15437.9
9124,Country B,6244.39
9125,Country B,362022.08
9126,Country B,13745.56
9127,Country B,13942.08
9128,Country B,15523.58
9129,Country B,5865.97
9130,Country B,6712.35
9131,Country B,72739.94
9132,Country B,23305.93
9133,Country B,5342.9
9134,Country B,14744.11
9135,Country B,5291.41
9136,Country B,8938.9
9137,Country B,23127.9
9138,Country B,38541.75
9139,Country B,5047.77
9140,Country B,5522.1
9141,Country B,28378.42
9142,Country B,7914.38
9143,Country B,8315.42
9144,Country B,31599.5
9145,Country B,12562.77
9146,Country B,18530.05
9147,Country B,5500.61
9148,Country B,11780.98
9149,Country B,35486.52
9150,Country B,11028.44
9151,Country B,13392.28
9152,Country B,6803.1
9153,Country B,51573.15
9154,Country B,6620.6
9155,Country B,6077.02
9156,Country B,8653.2
9157,Country B,6681.7
9158,Country B,29136.34
9159,Country B,10038.54
9160,Country B,7626.77
9161,Country B,19367.99
9162,Country B,15389.56
9163,Country B,23929.48
9164,Country B,15345.32
9165,Country B,8592.38
9166,Country B,25562.41
9167,Country B,44487.55
9168,Country B,5327.03
9169,Country B,5087.84
9170,Country B,14383.58
9171,Country B,28480.52
9172,Country B,5186.72
9173,Country B,9632.41
9174,Country B,342993.18
9175,Country B,15399.34
9176,Country B,7767.65
9177,Country B,11147.37
9178,Country B,6131.66
9179,Country B,9674.57
9180,Country B,6727.29
9181,Country B,6769.68
9182,Country B,8167.62
9183,Country B,19914.87
9184,Country B,351559.84
9185,Country B,23871.17
9186,Country B,8210.22
9187,Country B,6174.05
9188,Country B,6050.31
9189,Country B,5098.26
9190,Country B,5823.49
9191,Country B,6318.95
9192,Country B,17647.76
9193,Country B,7067.84
9194,Country B,8148.41
9195,Country B,8091.31
9196,Country B,22365.54
9197,Country B,8673.33
9198,Country B,10350.88
9199,Country B,116065.85
9200,Country B,12616.3
9201,Country B,6681.64
9202,Country B,14197.25
9203,Country B,13957.76
9204,Country B,6902.11
9205,Country B,7606.34
9206,Country B,6378.56
9207,Country B,5308.12
9208,Country B,7547.47
9209,Country B,10111.86
9210,Country B,12400.34
9211,Country B,6658.01
9212,Country B,7226.97
9213,Country B,17369.21
9214,Country B,13874.02
9215,Country B,5374.49
9216,Country B,5217.32
9217,Country B,5358.62
9218,Country B,9873.38
9219,Country B,6205.33
9220,Country B,15695.38
9221,Country B,6154.52
9222,Country B,21579.46
9223,Country B,7613.24
9224,Country B,8819.38
9225,Country B,7301.09
9226,Country B,7344.61
9227,Country B,6889.52
9228,Country B,6673.12
9229,Country B,10364.52
9230,Country B,8695.67
9231,Country B,14639.84
9232,Country B,21826.25
9233,Country B,11578.69
9234,Country B,8010.57
9235,Country B,6803.12
9236,Country B,6284.36
9237,Country B,12459.95
9238,Country B,6748.05
9239,Country B,115506.52
9240,Country B,7133.48
9241,Country B,6274.8
9242,Country B,7319.13
9243,Country B,7874.42
9244,Country B,21411.2
9245,Country B,16722.13
9246,Country B,6207.59
9247,Country B,10917.9
9248,Country B,14394.27
9249,Country B,7202.82
9250,Country B,5005.7
9251,Country B,5227.85
9252,Country B,33356.26
9253,Country B,5712.64
9254,Country B,15616.57
9255,Country B,15503.63
9256,Country B,6674.57
9257,Country B,5029.94
9258,Country B,9781.78
9259,Country B,5465.49
9260,Country B,16615.88
9261,Country B,6925.42
9262,Country B,5814.43
9263,Country B,7292.84
9264,Country B,5637.36
9265,Country B,13831.07
9266,Country B,5169.36
9267,Country B,6766.8
9268,Country B,16124.71
9269,Country B,6444.06
9270,Country B,251528.66
9271,Country B,9983.3
9272,Country B,6026.47
9273,Country B,7010.84
9274,Country B,7009.7
9275,Country B,20820.36
9276,Country B,5758.43
9277,Country B,5591.07
9278,Country B,6915.38
9279,Country B,9745.15
9280,Country B,23100.06
9281,Country B,95138.75
9282,Country B,14437.28
9283,Country B,13305.26
9284,Country B,7139.5
9285,Country B,7714.41
9286,Country B,5466.76
9287,Country B,6587.37
9288,Country B,6013.16
9289,Country B,30735.56
9290,Country B,16494.08
9291,Country B,8789.44
9292,Country B,11937.57
9293,Country B,9826.09
9294,Country B,5457.35
9295,Country B,13581.66
9296,Country B,20763
9297,Country B,23218.54
9298,Country B,108259.05
9299,Country B,41781.56
9300,Country B,7166.22
9301,Country B,7911.46
9302,Country B,14096.23
9303,Country B,28749.22
9304,Country B,8257.48
9305,Country B,19095.62
9306,Country B,19648.32
9307,Country B,6198.41
9308,Country B,9539.03
9309,Country B,14110.82
9310,Country B,41320.58
9311,Country B,7558.01
9312,Country B,16533.05
9313,Country B,5772.18
9314,Country B,22369.33
9315,Country B,8002.48
9316,Country B,5680.73
9317,Country B,8669.67
9318,Country B,5242.33
9319,Country B,15424.46
9320,Country B,31078.36
9321,Country B,18487.4
9322,Country B,11544.93
9323,Country B,20860.24
9324,Country B,32472.79
9325,Country B,7384.88
9326,Country B,5357.12
9327,Country B,101695.03
9328,Country B,7660.75
9329,Country B,7151.61
9330,Country B,9326.77
9331,Country B,31688.97
9332,Country B,6184.49
9333,Country B,8177.29
9334,Country B,16316.01
9335,Country B,5494.3
9336,Country B,8928.11
9337,Country B,6845.36
9338,Country B,9990.38
9339,Country B,11269.62
9340,Country B,15291.58
9341,Country B,7539.71
9342,Country B,36736.99
9343,Country B,69109.69
9344,Country B,11915.45
9345,Country B,14659.8
9346,Country B,5329.21
9347,Country B,11236.29
9348,Country B,5513.74
9349,Country B,655416.51
9350,Country B,5470.41
9351,Country B,5174.94
9352,Country B,5368.02
9353,Country B,7485.21
9354,Country B,35562.88
9355,Country B,5743.21
9356,Country B,17941.08
9357,Country B,9269.24
9358,Country B,12824.02
9359,Country B,6941.22
9360,Country B,6973.3
9361,Country B,5125.92
9362,Country B,24319.81
9363,Country B,8967.38
9364,Country B,8093.05
9365,Country B,7552.37
9366,Country B,160420.18
9367,Country B,6758.79
9368,Country B,11227.76
9369,Country B,7288.17
9370,Country B,32524.65
9371,Country B,6502.16
9372,Country B,21556.94
9373,Country B,10931.94
9374,Country B,24876.69
9375,Country B,11661.46
9376,Country B,6565.81
9377,Country B,30773.24
9378,Country B,24363.17
9379,Country B,11895.46
9380,Country B,6381.12
9381,Country B,12827.07
9382,Country B,10584.83
9383,Country B,15021.97
9384,Country B,7078.66
9385,Country B,6870.02
9386,Country B,15657.08
9387,Country B,7623.06
9388,Country B,11017.75
9389,Country B,27753.94
9390,Country B,12582.32
9391,Country B,12919.39
9392,Country B,10761.87
9393,Country B,7784.89
9394,Country B,9356.88
9395,Country B,7408.63
9396,Country B,5705.7
9397,Country B,8470.13
9398,Country B,20851.45
9399,Country B,15502.01
9400,Country B,15439.11
9401,Country B,5213.18
9402,Country B,33926.07
9403,Country B,7022.3
9404,Country B,7367.68
9405,Country B,15547.58
9406,Country B,7791.76
9407,Country B,5515.83
9408,Country B,14940.66
9409,Country B,12832.96
9410,Country B,12976.04
9411,Country B,5207.1
9412,Country B,14354.54
9413,Country B,8949.48
9414,Country B,14572.72
9415,Country B,26705.22
9416,Country B,5007.11
9417,Country B,7075.29
9418,Country B,212107.97
9419,Country B,5525.2
9420,Country B,8178.65
9421,Country B,19432.89
9422,Country B,6146.46
9423,Country B,26067.8
9424,Country B,19209.11
9425,Country B,7676.45
9426,Country B,7815.53
9427,Country B,97036.68
9428,Country B,12416.14
9429,Country B,11829.18
9430,Country B,5388.66
9431,Country B,15007.22
9432,Country B,7614.37
9433,Country B,6456.66
9434,Country B,5817.47
9435,Country B,98051.27
9436,Country B,12615.33
9437,Country B,54663.18
9438,Country B,6761.03
9439,Country B,11207.89
9440,Country B,8384.31
9441,Country B,21543.11
9442,Country B,5709.19
9443,Country B,7309.64
9444,Country B,5788.69
9445,Country B,11251.39
9446,Country B,26584.75
9447,Country B,14942.81
9448,Country B,5926.28
9449,Country B,5342.72
9450,Country B,7262.6
9451,Country B,155458.56
9452,Country B,19091.55
9453,Country B,5036.4
9454,Country B,8147.46
9455,Country B,7898.72
9456,Country B,15127.99
9457,Country B,17703.13
9458,Country B,5973.69
9459,Country B,28578.7
9460,Country B,5112.02
9461,Country B,27103.6
9462,Country B,6249.43
9463,Country B,6327.03
9464,Country B,35487.86
9465,Country B,5787.45
9466,Country B,27987.9
9467,Country B,17153.63
9468,Country B,5074.62
9469,Country B,5653.42
9470,Country B,6704.9
9471,Country B,7917.98
9472,Country B,14443.4
9473,Country B,15831.69
9474,Country B,6891.63
9475,Country B,5435.67
9476,Country B,21629.44
9477,Country B,6241.18
9478,Country B,31078.95
9479,Country B,34798.26
9480,Country B,25023.8
9481,Country B,6070.69
9482,Country B,5582.41
9483,Country B,5430.46
9484,Country B,7816.38
9485,Country B,10724.36
9486,Country B,896442
9487,Country B,15263.87
9488,Country B,9883.91
9489,Country B,6152.04
9490,Country B,6261.24
9491,Country B,5279.7
9492,Country B,15978.56
9493,Country B,13237.32
9494,Country B,15068.19
9495,Country B,7092.36
9496,Country B,48688.04
9497,Country B,5158.19
9498,Country B,5821.98
9499,Country B,10994.29
9500,Country B,6282.03
9501,Country B,12193.56
9502,Country B,9179.6
9503,Country B,16653.84
9504,Country B,6240.96
9505,Country B,27725.53
9506,Country B,13768.41
9507,Country B,41583.58
9508,Country B,6197.34
9509,Country B,6625.15
9510,Country B,51712.11
9511,Country B,11463.35
9512,Country B,5704.05
9513,Country B,45607.41
9514,Country B,27062.09
9515,Country B,6852.74
9516,Country B,9713.03
9517,Country B,15474.37
9518,Country B,9123.67
9519,Country B,76638.52
9520,Country B,6144.86
9521,Country B,16546.02
9522,Country B,6753.44
9523,Country B,27220.71
9524,Country B,5557.49
9525,Country B,9674.6
9526,Country B,6538.67
9527,Country B,6255.78
9528,Country B,12825.1
9529,Country B,5821.73
9530,Country B,10967.46
9531,Country B,6931.33
9532,Country B,9203.57
9533,Country B,18684.38
9534,Country B,7118.07
9535,Country B,6939.82
9536,Country B,14119.02
9537,Country B,27610
9538,Country B,12486.95
9539,Country B,6339.83
9540,Country B,19728.5
9541,Country B,10314.43
9542,Country B,55930.53
9543,Country B,12703.96
9544,Country B,5236.79
9545,Country B,6574.04
9546,Country B,6546.68
9547,Country B,7383.94
9548,Country B,11068.91
9549,Country B,114844.65
9550,Country B,6721.4
9551,Country B,130446.35
9552,Country B,5472.2
9553,Country B,5086.2
9554,Country B,30329.43
9555,Country B,8103.84
9556,Country B,6003.87
9557,Country B,5417.83
9558,Country B,33489.77
9559,Country B,5362.02
9560,Country B,6852.96
9561,Country B,9592.17
9562,Country B,7583.77
9563,Country B,38215.9
9564,Country B,9373.76
9565,Country B,46515.99
9566,Country B,41129.2
9567,Country B,332884.43
9568,Country B,11766.68
9569,Country B,5265.81
9570,Country B,7003.77
9571,Country B,9628.35
9572,Country B,5095.16
9573,Country B,6014.67
9574,Country B,30346.98
9575,Country B,10657.09
9576,Country B,71347.14
9577,Country B,5498.97
9578,Country B,28003.68
9579,Country B,7606.27
9580,Country B,12140.27
9581,Country B,7561.91
9582,Country B,15822.46
9583,Country B,11275.77
9584,Country B,46976.16
9585,Country B,9731.65
9586,Country B,124478.59
9587,Country B,5924.5
9588,Country B,5180.34
9589,Country B,689732.26
9590,Country B,9365.33
9591,Country B,20612.85
9592,Country B,18270.13
9593,Country B,28562.27
9594,Country B,16008.94
9595,Country B,12548.6
9596,Country B,5137.13
9597,Country B,24961.88
9598,Country B,5465.59
9599,Country B,6403.15
9600,Country B,17617.42
9601,Country B,5487.38
9602,Country B,5323.84
9603,Country B,5922.6
9604,Country B,5479.86
9605,Country B,5694.06
9606,Country B,7074.77
9607,Country B,6053.85
9608,Country B,7757.27
9609,Country B,6026.11
9610,Country B,501993.52
9611,Country B,24288.89
9612,Country B,9378.13
9613,Country B,88022.33
9614,Country B,34091.02
9615,Country B,5070.16
9616,Country B,14337.57
9617,Country B,15545.38
9618,Country B,6733.46
9619,Country B,5210.3
9620,Country B,82695.95
9621,Country B,64718.51
9622,Country B,13536.59
9623,Country B,10248.21
9624,Country B,23910.67
9625,Country B,10046.85
9626,Country B,35180.94
9627,Country B,8193.17
9628,Country B,14249.82
9629,Country B,23338.62
9630,Country B,5471.47
9631,Country B,11739.55
9632,Country B,6153.2
9633,Country B,6128.88
9634,Country B,43305.92
9635,Country B,9516.51
9636,Country B,6663.52
9637,Country B,14897.65
9638,Country B,25954.96
9639,Country B,13419.01
9640,Country B,7623.24
9641,Country B,5027.45
9642,Country B,8716.29
9643,Country B,16822.55
9644,Country B,7552.5
9645,Country B,6507.27
9646,Country B,8906.76
9647,Country B,5478.04
9648,Country B,6824.54
9649,Country B,27214.6
9650,Country B,8275.91
9651,Country B,12242.36
9652,Country B,6331.37
9653,Country B,7167.34
9654,Country B,8021.37
9655,Country B,5544.94
9656,Country B,5476.48
9657,Country B,5631.28
9658,Country B,9537.01
9659,Country B,9580.76
9660,Country B,20587.52
9661,Country B,7349.03
9662,Country B,12642.89
9663,Country B,8063.4
9664,Country B,10108.48
9665,Country B,7746.02
9666,Country B,45089.19
9667,Country B,10522.59
9668,Country B,62547.11
9669,Country B,100779.53
9670,Country B,20077.73
9671,Country B,11272.58
9672,Country B,6604.27
9673,Country B,7648.39
9674,Country B,5084.73
9675,Country B,7285.97
9676,Country B,10956.92
9677,Country B,9328.44
9678,Country B,36335.62
9679,Country B,7188.78
9680,Country B,15775.94
9681,Country B,11020.94
9682,Country B,11374.83
9683,Country B,79011.65
9684,Country B,5547.52
9685,Country B,10507.25
9686,Country B,11753.84
9687,Country B,10046.34
9688,Country B,16857.67
9689,Country B,309063.82
9690,Country B,11971.41
9691,Country B,5946.84
9692,Country B,9060.82
9693,Country B,28605.49
9694,Country B,5004.21
9695,Country B,6574.67
9696,Country B,5248.15
9697,Country B,7844.78
9698,Country B,6724.23
9699,Country B,23870.76
9700,Country B,5238.16
9701,Country B,7846.74
9702,Country B,34911.97
9703,Country B,5485.11
9704,Country B,37934.91
9705,Country B,8115.81
9706,Country B,5626.82
9707,Country B,11426.19
9708,Country B,7430.55
9709,Country B,8890.15
9710,Country B,5505.67
9711,Country B,11708.47
9712,Country B,8538.15
9713,Country B,60867.9
9714,Country B,71778.74
9715,Country B,8228.59
9716,Country B,18891.59
9717,Country B,22462.3
9718,Country B,5161.91
9719,Country B,59994.47
9720,Country B,61156.74
9721,Country B,119714.28
9722,Country B,11739.06
9723,Country B,12382.09
9724,Country B,7965.92
9725,Country B,6518.91
9726,Country B,11175.4
9727,Country B,54471.87
9728,Country B,6740.52
9729,Country B,17897.51
9730,Country B,5345.5
9731,Country B,7056.37
9732,Country B,7159.81
9733,Country B,37388.4
9734,Country B,8999.63
9735,Country B,5307
9736,Country B,12137.6
9737,Country B,19584.26
9738,Country B,41377.43
9739,Country B,13476.2
9740,Country B,8846.23
9741,Country B,5553.44
9742,Country B,7441.59
9743,Country B,6767.07
9744,Country B,8751.26
9745,Country B,6045.29
9746,Country B,10514.77
9747,Country B,30473.72
9748,Country B,52798.73
9749,Country B,5722.75
9750,Country B,8884.94
9751,Country B,9184.33
9752,Country B,5027.84
9753,Country B,6944.19
9754,Country B,6674.07
9755,Country B,8976.07
9756,Country B,40138.82
9757,Country B,10428.13
9758,Country B,7362.1
9759,Country B,5076.02
9760,Country B,6337
9761,Country B,40678.31
9762,Country B,5514.46
9763,Country B,5358.16
9764,Country B,24701.76
9765,Country B,11923.31
9766,Country B,12176.4
9767,Country B,17930.85
9768,Country B,5912.04
9769,Country B,6379.48
9770,Country B,14223.73
9771,Country B,12776.12
9772,Country B,90473.31
9773,Country B,5946.3
9774,Country B,8985.87
9775,Country B,23463.89
9776,Country B,7823.77
9777,Country B,27318.83
9778,Country B,26622.33
9779,Country B,5487.71
9780,Country B,23224.96
9781,Country B,6271.47
9782,Country B,8723.22
9783,Country B,10344.61
9784,Country B,8122.55
9785,Country B,6879.84
9786,Country B,8222.46
9787,Country B,8803.65
9788,Country B,34544.69
9789,Country B,8675.1
9790,Country B,24510.42
9791,Country B,13729.9
9792,Country B,10436.48
9793,Country B,7724.73
9794,Country B,6976.03
9795,Country B,9967.41
9796,Country B,5879.59
9797,Country B,5484.21
9798,Country B,13219.07
9799,Country B,72583.49
9800,Country B,5382.06
9801,Country B,6453.82
9802,Country B,10829.42
9803,Country B,14749.29
9804,Country B,6551.24
9805,Country B,14563.05
9806,Country B,10406.87
9807,Country B,9465.69
9808,Country B,5190.66
9809,Country B,5387.33
9810,Country B,5231.63
9811,Country B,46423.94
9812,Country B,8692.96
9813,Country B,21995.95
9814,Country B,5264.09
9815,Country B,10799.77
9816,Country B,48754.33
9817,Country B,8169.78
9818,Country B,5018.82
9819,Country B,8069.47
9820,Country B,3810768.85
9821,Country B,5108.99
9822,Country B,5702.87
9823,Country B,7918.83
9824,Country B,14443.01
9825,Country B,9597.59
9826,Country B,5772.97
9827,Country B,8136.71
9828,Country B,6395.89
9829,Country B,21758.47
9830,Country B,13592.71
9831,Country B,6279.97
9832,Country B,5306.48
9833,Country B,18079.55
9834,Country B,6056.29
9835,Country B,22582.73
9836,Country B,48265.15
9837,Country B,7118.83
9838,Country B,6325.55
9839,Country B,6714.68
9840,Country B,12362.97
9841,Country B,60022.25
9842,Country B,5821.11
9843,Country B,5424.24
9844,Country B,14090.66
9845,Country B,140920.45
9846,Country B,7849.07
9847,Country B,5785.93
9848,Country B,11018.37
9849,Country B,8733.23
9850,Country B,34830.25
9851,Country B,5585.66
9852,Country B,8205.48
9853,Country B,6682.16
9854,Country B,17477.23
9855,Country B,5323.49
9856,Country B,5162.44
9857,Country B,9142.48
9858,Country B,6282.02
9859,Country B,6046.32
9860,Country B,42339.55
9861,Country B,28585.61
9862,Country B,41265.95
9863,Country B,9880.09
9864,Country B,9836.88
9865,Country B,5373.06
9866,Country B,11300.58
9867,Country B,6343.64
9868,Country B,13611.38
9869,Country B,51685.08
9870,Country B,17985.18
9871,Country B,15410.42
9872,Country B,7206.32
9873,Country B,8396.72
9874,Country B,6587.77
9875,Country B,20957.58
9876,Country B,46066.88
9877,Country B,18617.98
9878,Country B,10498.26
9879,Country B,5205.05
9880,Country B,7469.53
9881,Country B,27385.93
9882,Country B,5122.06
9883,Country B,7954.71
9884,Country B,6295.74
9885,Country B,6067.71
9886,Country B,16777.62
9887,Country B,8005.79
9888,Country B,8212.16
9889,Country B,10427.74
9890,Country B,6667.81
9891,Country B,6440.51
9892,Country B,9632.43
9893,Country B,13693.62
9894,Country B,6386.74
9895,Country B,5262.26
9896,Country B,8094.5
9897,Country B,15141.68
9898,Country B,6931.35
9899,Country B,31016.03
9900,Country B,26719.08
9901,Country B,4204297.7
9902,Country B,7513.69
9903,Country B,7697.81
9904,Country B,7509.78
9905,Country B,25136.63
9906,Country B,11046.06
9907,Country B,8817.32
9908,Country B,7133.1
9909,Country B,58367.86
9910,Country B,6363.72
9911,Country B,5852.43
9912,Country B,5136.19
9913,Country B,10845.04
9914,Country B,14628.95
9915,Country B,5659.31
9916,Country B,5673.45
9917,Country B,6847.33
9918,Country B,13881.07
9919,Country B,5905.45
9920,Country B,5691.06
9921,Country B,6721.77
9922,Country B,7721.57
9923,Country B,7986.8
9924,Country B,5957.94
9925,Country B,5299.37
9926,Country B,61602.49
9927,Country B,13028.4
9928,Country B,5322.69
9929,Country B,37964.11
9930,Country B,5596.62
9931,Country B,5095.67
9932,Country B,59383.61
9933,Country B,11352.88
9934,Country B,5661.21
9935,Country B,5880.9
9936,Country B,5132.94
9937,Country B,11606.42
9938,Country B,12292.19
9939,Country B,7774.8
9940,Country B,10851.21
9941,Country B,6811.89
9942,Country B,23591.71
9943,Country B,106193.98
9944,Country B,11422.99
9945,Country B,7475.87
9946,Country B,16221.98
9947,Country B,23025.97
9948,Country B,26059.43
9949,Country B,5127.2
9950,Country B,5515.12
9951,Country B,6405.26
9952,Country B,6002.04
9953,Country B,5538.1
9954,Country B,23980.6
9955,Country B,11321.77
9956,Country B,8210.87
9957,Country B,8637.28
9958,Country B,5654.43
9959,Country B,7470.74
9960,Country B,5415.46
9961,Country B,7292.36
9962,Country B,19667.88
9963,Country B,23464.96
9964,Country B,5960.71
9965,Country B,10854.85
9966,Country B,12877.06
9967,Country B,34003.26
9968,Country B,5207.63
9969,Country B,5330.82
9970,Country B,24479.22
9971,Country B,10847.33
9972,Country B,5444.7
9973,Country B,6351.87
9974,Country B,28297.95
9975,Country B,10171.79
9976,Country B,19838.59
9977,Country B,6211.82
9978,Country B,10017.98
9979,Country B,7345.44
9980,Country B,7837.81
9981,Country B,5745.47
9982,Country B,5251.63
9983,Country B,5951.09
9984,Country B,30456.76
9985,Country B,6938.15
9986,Country B,231014.56
9987,Country B,12619.02
9988,Country B,43598.18
9989,Country B,13176.08
9990,Country B,8671.13
9991,Country B,6711.21
9992,Country B,7040.38
9993,Country B,19219.25
9994,Country B,40957.22
9995,Country B,5605.29
9996,Country B,6542.3
9997,Country B,6531.54
9998,Country B,8227.13
9999,Country B,6909.79
10000,Country B,7298.6
1,Country A,36705.55
2,Country A,42004.98
3,Country A,38044.25
4,Country A,35563.24
5,Country A,34580.78
6,Country A,35674.04
7,Country A,41524.29
8,Country A,37483.91
9,Country A,33748.22
10,Country A,35134.69
11,Country A,25733.87
12,Country A,37855.7
13,Country A,42027.21
14,Country A,30623.13
15,Country A,36842.68
16,Country A,33765.59
17,Country A,32265.06
18,Country A,36797.16
19,Country A,32488.72
20,Country A,35896.55
21,Country A,44288.97
22,Country A,28135.31
23,Country A,32826.07
24,Country A,34048.59
25,Country A,43790.86
26,Country A,41464.05
27,Country A,36001.51
28,Country A,30209.19
29,Country A,37846
30,Country A,36876.87
31,Country A,39154.36
32,Country A,36328.03
33,Country A,29424.4
34,Country A,34782.94
35,Country A,45490.41
36,Country A,28265.23
37,Country A,37148.72
38,Country A,46080.4
39,Country A,33928.66
40,Country A,39173.05
41,Country A,33789.79
42,Country A,38622.48
43,Country A,29733.64
44,Country A,33084.86
45,Country A,42631.99
46,Country A,51175.05
47,Country A,34071.33
48,Country A,38413.82
49,Country A,43567.58
50,Country A,35114.41
51,Country A,37117.17
52,Country A,40681.17
53,Country A,25401.14
54,Country A,39898.11
55,Country A,31874.99
56,Country A,36912.61
57,Country A,34602.12
58,Country A,35901.14
59,Country A,41699.21
60,Country A,38112.61
61,Country A,33628.67
62,Country A,36943.21
63,Country A,41547.61
64,Country A,39312.56
65,Country A,29184.18
66,Country A,23312.34
67,Country A,38441.05
68,Country A,34381.96
69,Country A,38590.32
70,Country A,38065.48
71,Country A,33860.27
72,Country A,38405.88
73,Country A,39598.73
74,Country A,41965.94
75,Country A,36864.4
76,Country A,31851.25
77,Country A,35249.08
78,Country A,30165.2
79,Country A,37072.42
80,Country A,29289.64
81,Country A,49874.12
82,Country A,27400.23
83,Country A,35656.66
84,Country A,49198.91
85,Country A,30848.33
86,Country A,31973.67
87,Country A,26674.65
88,Country A,28913.94
89,Country A,31047.48
90,Country A,28625.91
91,Country A,38423.88
92,Country A,45291.78
93,Country A,31946.2
94,Country A,30663.46
95,Country A,43277.28
96,Country A,29127.34
97,Country A,38266.02
98,Country A,40774.27
99,Country A,49415.22
100,Country A,38955.59
101,Country A,32066.13
102,Country A,44443.72
103,Country A,28481.73
104,Country A,39415.71
105,Country A,36815.1
106,Country A,25666.19
107,Country A,35947
108,Country A,38550.45
109,Country A,36403.79
110,Country A,45766.19
111,Country A,33939.65
112,Country A,29493.04
113,Country A,34806.08
114,Country A,37272.15
115,Country A,25466.7
116,Country A,34291.92
117,Country A,39965.99
118,Country A,35808.78
119,Country A,39690.46
120,Country A,45732.95
121,Country A,27619.65
122,Country A,44936.83
123,Country A,40483.87
124,Country A,44707.26
125,Country A,40171.3
126,Country A,36816.27
127,Country A,48312.64
128,Country A,35196.44
129,Country A,26921.61
130,Country A,36598.16
131,Country A,27146.72
132,Country A,44781.61
133,Country A,29274.54
134,Country A,43474.57
135,Country A,32588.51
136,Country A,34428.1
137,Country A,45389.26
138,Country A,39012.31
139,Country A,29568.54
140,Country A,35363.38
141,Country A,34548.39
142,Country A,31776.02
143,Country A,39978.91
144,Country A,53938.66
145,Country A,30788.46
146,Country A,35199.58
147,Country A,54253.29
148,Country A,37474.33
149,Country A,34485.4
150,Country A,36290.81
151,Country A,28274.23
152,Country A,35536.26
153,Country A,30862
154,Country A,30123.27
155,Country A,37540.07
156,Country A,32484.79
157,Country A,39182.18
158,Country A,38832.32
159,Country A,38392.95
160,Country A,37040.51
161,Country A,39263.88
162,Country A,30739.16
163,Country A,29967.5
164,Country A,32259.47
165,Country A,43061.17
166,Country A,36092.87
167,Country A,35437.1
168,Country A,35123.64
169,Country A,36880.76
170,Country A,39283.94
171,Country A,36491.54
172,Country A,42069.13
173,Country A,43867.02
174,Country A,42671.43
175,Country A,37289.38
176,Country A,44895.4
177,Country A,37203.04
178,Country A,37520.22
179,Country A,37004.39
180,Country A,40491.65
181,Country A,33037.43
182,Country A,32211.35
183,Country A,46395.33
184,Country A,29628
185,Country A,44059.42
186,Country A,28507.47
187,Country A,47648.89
188,Country A,36002.96
189,Country A,52169.82
190,Country A,38217.01
191,Country A,33148.49
192,Country A,41415.91
193,Country A,37783.5
194,Country A,40380.86
195,Country A,37713.86
196,Country A,44708.06
197,Country A,41912.62
198,Country A,34214.14
199,Country A,37631.59
200,Country A,46452.56
201,Country A,37394.24
202,Country A,43771.53
203,Country A,42872.66
204,Country A,37650.71
205,Country A,41117.33
206,Country A,33453.36
207,Country A,36051.82
208,Country A,48549.31
209,Country A,37723.54
210,Country A,43823.85
211,Country A,34089.39
212,Country A,25420.24
213,Country A,31717.59
214,Country A,35043.16
215,Country A,30251.44
216,Country A,41217.53
217,Country A,36269.92
218,Country A,31416.49
219,Country A,42722.07
220,Country A,34585.05
221,Country A,30518.58
222,Country A,35720.91
223,Country A,37177.13
224,Country A,51920.59
225,Country A,37790.14
226,Country A,34375.02
227,Country A,31302.95
228,Country A,37221.85
229,Country A,34542.22
230,Country A,41117.61
231,Country A,37812.3
232,Country A,45174.34
233,Country A,37547.81
234,Country A,29468.96
235,Country A,31833.99
236,Country A,36196.65
237,Country A,39748.27
238,Country A,52422.38
239,Country A,40131.18
240,Country A,39654.28
241,Country A,30025.17
242,Country A,38322.13
243,Country A,29820.58
244,Country A,33286.52
245,Country A,41345.33
246,Country A,41904.4
247,Country A,34124.8
248,Country A,33396.53
249,Country A,34872.67
250,Country A,48241.16
251,Country A,24232.55
252,Country A,35602.03
253,Country A,42867.44
254,Country A,35438.49
255,Country A,30419.97
256,Country A,40039.64
257,Country A,41423.34
258,Country A,30213.92
259,Country A,34648.89
260,Country A,40089.26
261,Country A,32333.76
262,Country A,36089.8
263,Country A,35029.03
264,Country A,35390.68
265,Country A,35390.98
266,Country A,44042.63
267,Country A,42826.46
268,Country A,38992.5
269,Country A,35178.91
270,Country A,28304.48
271,Country A,31566.65
272,Country A,42909.98
273,Country A,31733.63
274,Country A,34657.53
275,Country A,42778.34
276,Country A,29861.25
277,Country A,47169.53
278,Country A,35713.88
279,Country A,25279.56
280,Country A,31099.94
281,Country A,34814.43
282,Country A,44707.49
283,Country A,42628.57
284,Country A,40418.2
285,Country A,38591.59
286,Country A,35779.92
287,Country A,33644.31
288,Country A,30780.73
289,Country A,42271.81
290,Country A,36915.43
291,Country A,42066.61
292,Country A,51322.36
293,Country A,38761.09
294,Country A,35492.98
295,Country A,42255.17
296,Country A,33976.55
297,Country A,38787.97
298,Country A,48279.64
299,Country A,33134.55
300,Country A,31549.16
301,Country A,30943.64
302,Country A,43736.93
303,Country A,39719.47
304,Country A,43949.71
305,Country A,40646.34
306,Country A,37551.37
307,Country A,37648.51
308,Country A,36767.08
309,Country A,32780.9
310,Country A,37016.17
311,Country A,34696.15
312,Country A,40353.99
313,Country A,30956.28
314,Country A,30612.57
315,Country A,45925.25
316,Country A,35418.49
317,Country A,44176.04
318,Country A,42389.96
319,Country A,32188.39
320,Country A,31551.51
321,Country A,33179.77
322,Country A,26912.14
323,Country A,38114.58
324,Country A,33553.67
325,Country A,29340.39
326,Country A,31950.76
327,Country A,43568.8
328,Country A,43126.17
329,Country A,43402.74
330,Country A,32832.42
331,Country A,45800.61
332,Country A,31861.49
333,Country A,40046.41
334,Country A,35362.7
335,Country A,44936.5
336,Country A,40307.57
337,Country A,28798.96
338,Country A,45208.34
339,Country A,34506.56
340,Country A,32704.07
341,Country A,34522.71
342,Country A,30263.35
343,Country A,33739.66
344,Country A,30099.13
345,Country A,45198.81
346,Country A,35903.82
347,Country A,25718.01
348,Country A,30176.56
349,Country A,34620.13
350,Country A,23871.86
351,Country A,26458.74
352,Country A,28114.1
353,Country A,42105.08
354,Country A,37804.77
355,Country A,35203.96
356,Country A,29348.94
357,Country A,33801.84
358,Country A,30338.53
359,Country A,36927.87
360,Country A,39410.9
361,Country A,35265.79
362,Country A,38016.41
363,Country A,42618.17
364,Country A,36496.75
365,Country A,31090.68
366,Country A,48212.2
367,Country A,37662.78
368,Country A,33774.07
369,Country A,35521.61
370,Country A,37699.46
371,Country A,35524.32
372,Country A,32696.32
373,Country A,40059
374,Country A,35815.13
375,Country A,33108.26
376,Country A,27453.39
377,Country A,33409.07
378,Country A,38407.58
379,Country A,40020.38
380,Country A,29996.89
381,Country A,45556.01
382,Country A,30937.54
383,Country A,33139.54
384,Country A,37293.43
385,Country A,38665.54
386,Country A,36202.44
387,Country A,33226.9
388,Country A,27938.18
389,Country A,30990.15
390,Country A,37785.8
391,Country A,38291.23
392,Country A,37682.1
393,Country A,35935.14
394,Country A,36245.58
395,Country A,36877.69
396,Country A,57174.5
397,Country A,36345.84
398,Country A,31143.89
399,Country A,42557.7
400,Country A,45206.89
401,Country A,41183.16
402,Country A,35665.17
403,Country A,28700.86
404,Country A,40760.95
405,Country A,43092.48
406,Country A,30350.74
407,Country A,31033.26
408,Country A,32774.69
409,Country A,31686.39
410,Country A,36161.32
411,Country A,27118.89
412,Country A,37110.43
413,Country A,34406.08
414,Country A,44283.39
415,Country A,30985.22
416,Country A,48012.94
417,Country A,35385.29
418,Country A,36899.27
419,Country A,32149.47
420,Country A,27589.4
421,Country A,28755.62
422,Country A,36945.49
423,Country A,36177.5
424,Country A,44035.06
425,Country A,35682.49
426,Country A,44041.53
427,Country A,46859.73
428,Country A,37815.92
429,Country A,42094.6
430,Country A,34217.26
431,Country A,28712.89
432,Country A,35225.34
433,Country A,35349.22
434,Country A,30373.69
435,Country A,35699.2
436,Country A,45581.71
437,Country A,34071.39
438,Country A,47725.36
439,Country A,31267.24
440,Country A,29737.47
441,Country A,29116.54
442,Country A,38296.43
443,Country A,34882.68
444,Country A,37022.46
445,Country A,41982.71
446,Country A,44582.83
447,Country A,33796.46
448,Country A,46530.13
449,Country A,35529.98
450,Country A,34544.98
451,Country A,29630.56
452,Country A,31061.69
453,Country A,35814.31
454,Country A,37530.9
455,Country A,31352.46
456,Country A,42863.54
457,Country A,43967.46
458,Country A,27155.19
459,Country A,32630.6
460,Country A,40456.5
461,Country A,41982.28
462,Country A,37404.75
463,Country A,35708.49
464,Country A,36654.87
465,Country A,38850.03
466,Country A,37370.84
467,Country A,59565.59
468,Country A,32438.69
469,Country A,32801.89
470,Country A,40191.2
471,Country A,42938.47
472,Country A,36872.1
473,Country A,36707.15
474,Country A,35565.35
475,Country A,43767.01
476,Country A,34238.64
477,Country A,34683.56
478,Country A,43238.85
479,Country A,43400.63
480,Country A,34620.49
481,Country A,34421.54
482,Country A,45673.72
483,Country A,44379.47
484,Country A,43249.83
485,Country A,32637.79
486,Country A,29600.06
487,Country A,41907.13
488,Country A,37065.24
489,Country A,43922.48
490,Country A,29910.4
491,Country A,47935.95
492,Country A,34579.55
493,Country A,35532.22
494,Country A,37761.94
495,Country A,32921.75
496,Country A,37368.09
497,Country A,32983.9
498,Country A,37548.44
499,Country A,31805.67
500,Country A,32237.75
501,Country A,40976.03
502,Country A,50492.5
503,Country A,34812.83
504,Country A,32702.57
505,Country A,41912.59
506,Country A,34889
507,Country A,40247.86
508,Country A,28445.02
509,Country A,39213.89
510,Country A,49888.81
511,Country A,37620.67
512,Country A,43903.89
513,Country A,36884.21
514,Country A,42063.03
515,Country A,34331.42
516,Country A,34110.4
517,Country A,38682.29
518,Country A,39076
519,Country A,43845.13
520,Country A,41863.14
521,Country A,32504.49
522,Country A,34724.02
523,Country A,35231.94
524,Country A,40020.68
525,Country A,29360.72
526,Country A,42145.37
527,Country A,36526.23
528,Country A,37015.89
529,Country A,40649.04
530,Country A,35974.95
531,Country A,32682.84
532,Country A,32599.94
533,Country A,33425.75
534,Country A,37888.13
535,Country A,29336.59
536,Country A,30046.39
537,Country A,41426.78
538,Country A,32413.5
539,Country A,34047.01
540,Country A,50681.79
541,Country A,34170.51
542,Country A,34290.66
543,Country A,39324.53
544,Country A,41178.58
545,Country A,40919.41
546,Country A,54398.5
547,Country A,49466.57
548,Country A,43745.31
549,Country A,29975.82
550,Country A,34796.11
551,Country A,26608.65
552,Country A,29451.25
553,Country A,37655.07
554,Country A,38938.63
555,Country A,30990.88
556,Country A,34176.01
557,Country A,45834.83
558,Country A,36422.91
559,Country A,43505.06
560,Country A,39150.55
561,Country A,34652.4
562,Country A,32311.1
563,Country A,39041.05
564,Country A,33011.91
565,Country A,35870.29
566,Country A,38068.98
567,Country A,35942.7
568,Country A,31452.49
569,Country A,30860.84
570,Country A,38063.14
571,Country A,39966.88
572,Country A,38045.76
573,Country A,39208.9
574,Country A,30760.91
575,Country A,34844.08
576,Country A,40648.8
577,Country A,44872.11
578,Country A,31617.36
579,Country A,28313.06
580,Country A,36943.52
581,Country A,38344.88
582,Country A,41562.53
583,Country A,45174.48
584,Country A,36013.4
585,Country A,29690.41
586,Country A,28585.14
587,Country A,28320.45
588,Country A,36136.41
589,Country A,38570.68
590,Country A,32972.23
591,Country A,44287.87
592,Country A,39537.48
593,Country A,35051.93
594,Country A,40257.66
595,Country A,38862.42
596,Country A,34462.84
597,Country A,38968.33
598,Country A,44118.64
599,Country A,41034.98
600,Country A,39798.18
601,Country A,33657.13
602,Country A,37256.95
603,Country A,31009.58
604,Country A,38281.67
605,Country A,34113.48
606,Country A,32065.1
607,Country A,31686.82
608,Country A,36639.37
609,Country A,35101.05
610,Country A,31883.64
611,Country A,36720.05
612,Country A,47072.41
613,Country A,47196.94
614,Country A,32521.78
615,Country A,32878.5
616,Country A,36676.55
617,Country A,34517.29
618,Country A,47494.67
619,Country A,39112.54
620,Country A,39548.42
621,Country A,39559.02
622,Country A,34759.45
623,Country A,41150.77
624,Country A,29567.68
625,Country A,36287.34
626,Country A,44324.57
627,Country A,27731.17
628,Country A,31079.51
629,Country A,30710.59
630,Country A,40528.29
631,Country A,36195.61
632,Country A,34955.34
633,Country A,40547.29
634,Country A,27657.22
635,Country A,41730.73
636,Country A,33753.82
637,Country A,38420.33
638,Country A,42224.01
639,Country A,32928.4
640,Country A,46963.49
641,Country A,35415.06
642,Country A,41015.84
643,Country A,28464.54
644,Country A,31863.44
645,Country A,35831.56
646,Country A,41856.07
647,Country A,36906.37
648,Country A,29384.85
649,Country A,39530.74
650,Country A,37637.44
651,Country A,42398.67
652,Country A,35669.44
653,Country A,50508.92
654,Country A,30743.84
655,Country A,39792.72
656,Country A,46269.87
657,Country A,33903.2
658,Country A,40005.44
659,Country A,38299.84
660,Country A,34247.73
661,Country A,46604.13
662,Country A,34850.81
663,Country A,32189.52
664,Country A,27270.28
665,Country A,41658.24
666,Country A,30143.44
667,Country A,39605.19
668,Country A,38727.66
669,Country A,25167.69
670,Country A,37022.88
671,Country A,36768.22
672,Country A,40804.06
673,Country A,31690.63
674,Country A,43892.87
675,Country A,42465.82
676,Country A,51683.38
677,Country A,45231.97
678,Country A,32020.11
679,Country A,36715.99
680,Country A,33458.72
681,Country A,29150.92
682,Country A,27491.49
683,Country A,36232.5
684,Country A,30419.98
685,Country A,38172.73
686,Country A,40998.83
687,Country A,43717.19
688,Country A,34949.95
689,Country A,42875.89
690,Country A,43050.46
691,Country A,38421.58
692,Country A,33473.23
693,Country A,41895.25
694,Country A,27455.73
695,Country A,44392.15
696,Country A,43776.84
697,Country A,35696.15
698,Country A,37723.36
699,Country A,27940.28
700,Country A,32776.27
701,Country A,33912.32
702,Country A,48047.2
703,Country A,29000.14
704,Country A,31382.99
705,Country A,37785.05
706,Country A,37707.53
707,Country A,35155.06
708,Country A,36565.97
709,Country A,40805.47
710,Country A,34630.83
711,Country A,42711.32
712,Country A,40821.01
713,Country A,47174.25
714,Country A,34899.25
715,Country A,31055.12
716,Country A,37588.06
717,Country A,41698.97
718,Country A,44711.02
719,Country A,48653.27
720,Country A,27100.94
721,Country A,34239.17
722,Country A,44232.73
723,Country A,31369.12
724,Country A,34410.17
725,Country A,30236.45
726,Country A,32132.27
727,Country A,32601.05
728,Country A,32049.49
729,Country A,39491.1
730,Country A,26432.44
731,Country A,36265.65
732,Country A,45162.26
733,Country A,29612.38
734,Country A,38955.28
735,Country A,30491.05
736,Country A,34761.14
737,Country A,37212.14
738,Country A,42027.94
739,Country A,37623.89
740,Country A,32641.87
741,Country A,40661.02
742,Country A,28550.26
743,Country A,40559.01
744,Country A,31354.28
745,Country A,30530.79
746,Country A,36908.32
747,Country A,26739.2
748,Country A,32710.09
749,Country A,32106.7
750,Country A,30680.31
751,Country A,37351.24
752,Country A,36906.38
753,Country A,39342.95
754,Country A,47021.5
755,Country A,35464.45
756,Country A,48935.67
757,Country A,27632.26
758,Country A,28097.67
759,Country A,31262.47
760,Country A,34894.47
761,Country A,35828.77
762,Country A,46441.71
763,Country A,33922.33
764,Country A,42448.96
765,Country A,37254.65
766,Country A,41388.55
767,Country A,43029.28
768,Country A,27582.88
769,Country A,39930.68
770,Country A,33920
771,Country A,33870.73
772,Country A,30919.15
773,Country A,34429.16
774,Country A,29709.14
775,Country A,32086.74
776,Country A,36352.6
777,Country A,34966.86
778,Country A,40614.29
779,Country A,25892.09
780,Country A,41142.27
781,Country A,38910.11
782,Country A,29866.31
783,Country A,33739.57
784,Country A,34542.81
785,Country A,36091.32
786,Country A,30845.16
787,Country A,30288.96
788,Country A,47462.69
789,Country A,31551.49
790,Country A,31986.97
791,Country A,36535.23
792,Country A,42255.84
793,Country A,31427.94
794,Country A,37849.89
795,Country A,43398
796,Country A,37159.85
797,Country A,35215.27
798,Country A,38217.21
799,Country A,36910.44
800,Country A,31191.25
801,Country A,38043.76
802,Country A,31849.13
803,Country A,48518.96
804,Country A,31770.27
805,Country A,46245.83
806,Country A,38751.2
807,Country A,39682.12
808,Country A,36383.71
809,Country A,29458.3
810,Country A,36116
811,Country A,35105.99
812,Country A,51840.18
813,Country A,38493.2
814,Country A,35700.93
815,Country A,36748.54
816,Country A,49586.82
817,Country A,28522.35
818,Country A,35873.66
819,Country A,37149.12
820,Country A,37908.84
821,Country A,44670.75
822,Country A,32599.73
823,Country A,26746.91
824,Country A,33553.53
825,Country A,32245.36
826,Country A,27265.27
827,Country A,37394.83
828,Country A,37048.48
829,Country A,31507.96
830,Country A,50111.57
831,Country A,45234.14
832,Country A,33067.44
833,Country A,44377.24
834,Country A,30452.11
835,Country A,37124.15
836,Country A,51101.75
837,Country A,41751.18
838,Country A,34261.77
839,Country A,26243.61
840,Country A,40490.95
841,Country A,32062.87
842,Country A,46728.28
843,Country A,44225.85
844,Country A,38280.91
845,Country A,44870.2
846,Country A,28842.51
847,Country A,50314.08
848,Country A,46289.07
849,Country A,43671.89
850,Country A,38950.06
851,Country A,32167.52
852,Country A,33784.71
853,Country A,34182.42
854,Country A,44529.03
855,Country A,27212.83
856,Country A,34584.12
857,Country A,39523.4
858,Country A,28145.51
859,Country A,33525.34
860,Country A,46022.7
861,Country A,37252.97
862,Country A,42961.83
863,Country A,35904.02
864,Country A,41697.88
865,Country A,39501.67
866,Country A,42653.03
867,Country A,36483.63
868,Country A,31218.37
869,Country A,29620.27
870,Country A,40712.32
871,Country A,34082.59
872,Country A,32125.42
873,Country A,40266.66
874,Country A,38513.24
875,Country A,30547.68
876,Country A,28230.85
877,Country A,29094.82
878,Country A,45444.22
879,Country A,38896.49
880,Country A,34865.7
881,Country A,39269.02
882,Country A,35804.34
883,Country A,28982.92
884,Country A,41396.74
885,Country A,41854.32
886,Country A,29695.4
887,Country A,44859.88
888,Country A,35545.69
889,Country A,32408.5
890,Country A,59112.43
891,Country A,35394.73
892,Country A,28179.89
893,Country A,36840.35
894,Country A,39796.04
895,Country A,42941.46
896,Country A,38452.27
897,Country A,35705.89
898,Country A,33304.37
899,Country A,39768.14
900,Country A,32730.76
901,Country A,41579.63
902,Country A,34309.64
903,Country A,26518.02
904,Country A,41132.34
905,Country A,34843.69
906,Country A,36454.86
907,Country A,46274.97
908,Country A,35378.99
909,Country A,37625.48
910,Country A,37139.11
911,Country A,45722.19
912,Country A,34666.6
913,Country A,32200.1
914,Country A,32501.05
915,Country A,26513.47
916,Country A,27437.34
917,Country A,44147.94
918,Country A,36025.86
919,Country A,36733.03
920,Country A,37593.49
921,Country A,43508.75
922,Country A,34838.4
923,Country A,35404.63
924,Country A,41778.17
925,Country A,42993.59
926,Country A,42056.95
927,Country A,30521.86
928,Country A,37416.28
929,Country A,33959.05
930,Country A,33935.33
931,Country A,37904.93
932,Country A,45787.08
933,Country A,28064.36
934,Country A,32022.67
935,Country A,36175.22
936,Country A,34289.12
937,Country A,41259.62
938,Country A,35246.86
939,Country A,33809.36
940,Country A,44891.92
941,Country A,41767.75
942,Country A,31184.47
943,Country A,27821.58
944,Country A,37614.68
945,Country A,52055.88
946,Country A,33735.42
947,Country A,29504.57
948,Country A,30914.75
949,Country A,29763.58
950,Country A,34475.95
951,Country A,41994.13
952,Country A,38047.07
953,Country A,42352.75
954,Country A,43298.84
955,Country A,37644.87
956,Country A,38324.19
957,Country A,31391.13
958,Country A,40127.02
959,Country A,36766.61
960,Country A,32334.06
961,Country A,34502.02
962,Country A,37468.76
963,Country A,52215.19
964,Country A,44010.17
965,Country A,31652.43
966,Country A,40060.97
967,Country A,31829.21
968,Country A,39610.01
969,Country A,30108.26
970,Country A,29310.44
971,Country A,37318.72
972,Country A,41675.25
973,Country A,31601.24
974,Country A,41861
975,Country A,43773.34
976,Country A,40077.57
977,Country A,42942.89
978,Country A,36931.19
979,Country A,47188.38
980,Country A,41848.01
981,Country A,37472.92
982,Country A,33254.14
983,Country A,37310.41
984,Country A,43674.98
985,Country A,40108.6
986,Country A,32784.51
987,Country A,32113.11
988,Country A,39357.51
989,Country A,31340.19
990,Country A,44616.71
991,Country A,36068.47
992,Country A,37380.99
993,Country A,26177.77
994,Country A,44188.26
995,Country A,34370.28
996,Country A,41111.52
997,Country A,26699.81
998,Country A,39389.6
999,Country A,38347.64
1000,Country A,28602.89
1001,Country A,37269.29
1002,Country A,30003.08
1003,Country A,31882.6
1004,Country A,39892.68
1005,Country A,35744.63
1006,Country A,34945.74
1007,Country A,32604
1008,Country A,26822.05
1009,Country A,38501.09
1010,Country A,25366.92
1011,Country A,42590.43
1012,Country A,37246.06
1013,Country A,36851.91
1014,Country A,33821.96
1015,Country A,26369.31
1016,Country A,39031.93
1017,Country A,38022.85
1018,Country A,34246.12
1019,Country A,37858.72
1020,Country A,40999.94
1021,Country A,38998.33
1022,Country A,40060.43
1023,Country A,39085.65
1024,Country A,33075.06
1025,Country A,48552.13
1026,Country A,39490.5
1027,Country A,38432.01
1028,Country A,34554.05
1029,Country A,28093.54
1030,Country A,35033.12
1031,Country A,33831.03
1032,Country A,26838.93
1033,Country A,40903.35
1034,Country A,35924.1
1035,Country A,44585.69
1036,Country A,35531.95
1037,Country A,45547.15
1038,Country A,30515.93
1039,Country A,30812.56
1040,Country A,34589.46
1041,Country A,42884.37
1042,Country A,28991.48
1043,Country A,47325.88
1044,Country A,39560.97
1045,Country A,39521.45
1046,Country A,32132.16
1047,Country A,37263.02
1048,Country A,32583.83
1049,Country A,35282.1
1050,Country A,34603.13
1051,Country A,41267.57
1052,Country A,34229.62
1053,Country A,33084.65
1054,Country A,36237.07
1055,Country A,39760.78
1056,Country A,41240.94
1057,Country A,40026.97
1058,Country A,44161.64
1059,Country A,41044.46
1060,Country A,28227.63
1061,Country A,44956.25
1062,Country A,42084.34
1063,Country A,33619.44
1064,Country A,44364.69
1065,Country A,28552.74
1066,Country A,36486.64
1067,Country A,46687.82
1068,Country A,40015.26
1069,Country A,39243.1
1070,Country A,27301.15
1071,Country A,30022.02
1072,Country A,31873.63
1073,Country A,33336.38
1074,Country A,46533.39
1075,Country A,35555.97
1076,Country A,32810.93
1077,Country A,35590.93
1078,Country A,43850.68
1079,Country A,38484.01
1080,Country A,34374.67
1081,Country A,26108.71
1082,Country A,40379.8
1083,Country A,34443.73
1084,Country A,37696.2
1085,Country A,35585.32
1086,Country A,35122.69
1087,Country A,38850.18
1088,Country A,37669.39
1089,Country A,36400.84
1090,Country A,47450.38
1091,Country A,31359.32
1092,Country A,39126.28
1093,Country A,38363.48
1094,Country A,32853.76
1095,Country A,28380.38
1096,Country A,38712.51
1097,Country A,40109.76
1098,Country A,40483.68
1099,Country A,37634.39
1100,Country A,38381.25
1101,Country A,36123.74
1102,Country A,34737.46
1103,Country A,40569.67
1104,Country A,38724.79
1105,Country A,49209.2
1106,Country A,34962.85
1107,Country A,30097.24
1108,Country A,33814.81
1109,Country A,37928.27
1110,Country A,40618.8
1111,Country A,36889.22
1112,Country A,38602.26
1113,Country A,37995.47
1114,Country A,41390.47
1115,Country A,48299.68
1116,Country A,43484.31
1117,Country A,39136.05
1118,Country A,38146.81
1119,Country A,31084.66
1120,Country A,39903.15
1121,Country A,29485.42
1122,Country A,33707.43
1123,Country A,49498.3
1124,Country A,33685.94
1125,Country A,39266.95
1126,Country A,39402.48
1127,Country A,33909.89
1128,Country A,33034.06
1129,Country A,41493.01
1130,Country A,47965.97
1131,Country A,37296.97
1132,Country A,31933.76
1133,Country A,36302.05
1134,Country A,26160.82
1135,Country A,32528.27
1136,Country A,43171.3
1137,Country A,29183.08
1138,Country A,36749.13
1139,Country A,49731.63
1140,Country A,30805.51
1141,Country A,33084.72
1142,Country A,35590.3
1143,Country A,43000.76
1144,Country A,33727.73
1145,Country A,31423.93
1146,Country A,34878.13
1147,Country A,33358.68
1148,Country A,38197.92
1149,Country A,35592.59
1150,Country A,35061.19
1151,Country A,30391.38
1152,Country A,47082.54
1153,Country A,31574.75
1154,Country A,27632.32
1155,Country A,33465.16
1156,Country A,31128.32
1157,Country A,44246.77
1158,Country A,35730.81
1159,Country A,32185.39
1160,Country A,37909.62
1161,Country A,38425.79
1162,Country A,42305.99
1163,Country A,33247.2
1164,Country A,30263.61
1165,Country A,42086.4
1166,Country A,36603.8
1167,Country A,34613.55
1168,Country A,38097.36
1169,Country A,36063.35
1170,Country A,33768.5
1171,Country A,33600.64
1172,Country A,35227.7
1173,Country A,34439.17
1174,Country A,37056.29
1175,Country A,42310.32
1176,Country A,31586.81
1177,Country A,42770.55
1178,Country A,38902.81
1179,Country A,31868.41
1180,Country A,34491.27
1181,Country A,42839.03
1182,Country A,44665.35
1183,Country A,37907.07
1184,Country A,35307.66
1185,Country A,27508.25
1186,Country A,27590.69
1187,Country A,39741.59
1188,Country A,37822.31
1189,Country A,41692.97
1190,Country A,45777.2
1191,Country A,43054.38
1192,Country A,34089.14
1193,Country A,41933.75
1194,Country A,33581.12
1195,Country A,40949.38
1196,Country A,45066.11
1197,Country A,36619.15
1198,Country A,41173.12
1199,Country A,31534.98
1200,Country A,36370.08
1201,Country A,31893.35
1202,Country A,37209.33
1203,Country A,33179.25
1204,Country A,34455.56
1205,Country A,33800.53
1206,Country A,34652.25
1207,Country A,32313.72
1208,Country A,32894.82
1209,Country A,34939.92
1210,Country A,43265.31
1211,Country A,43912.88
1212,Country A,36152.76
1213,Country A,39892.12
1214,Country A,43111.79
1215,Country A,32453.64
1216,Country A,34886.52
1217,Country A,38915.88
1218,Country A,39972.01
1219,Country A,35037.62
1220,Country A,37793.51
1221,Country A,36764.55
1222,Country A,33855.15
1223,Country A,26068.86
1224,Country A,39950.42
1225,Country A,40271.63
1226,Country A,41211.43
1227,Country A,35131.75
1228,Country A,47090.11
1229,Country A,41224.14
1230,Country A,43763.87
1231,Country A,36621.07
1232,Country A,23364.64
1233,Country A,42208.61
1234,Country A,32766.57
1235,Country A,31296.21
1236,Country A,34092.06
1237,Country A,47589.4
1238,Country A,26011.91
1239,Country A,33113.36
1240,Country A,43784.88
1241,Country A,33957.35
1242,Country A,43593.32
1243,Country A,43712.49
1244,Country A,48738.32
1245,Country A,41370.16
1246,Country A,28125.15
1247,Country A,26912.14
1248,Country A,25939.29
1249,Country A,30364.29
1250,Country A,26277.86
1251,Country A,34367.35
1252,Country A,29980.33
1253,Country A,26974.82
1254,Country A,30162.36
1255,Country A,33485.45
1256,Country A,35140.56
1257,Country A,29885.68
1258,Country A,45136.97
1259,Country A,35259.38
1260,Country A,41510.01
1261,Country A,40281.93
1262,Country A,41485.56
1263,Country A,35734.86
1264,Country A,36372.57
1265,Country A,30347.41
1266,Country A,40531.02
1267,Country A,30548.68
1268,Country A,39356.18
1269,Country A,34694.56
1270,Country A,28183.64
1271,Country A,33457.41
1272,Country A,38879.2
1273,Country A,32944.18
1274,Country A,40620.77
1275,Country A,31303.35
1276,Country A,35900.37
1277,Country A,28302.07
1278,Country A,32942.51
1279,Country A,31909.84
1280,Country A,33314.76
1281,Country A,34949.98
1282,Country A,38012.1
1283,Country A,33107.61
1284,Country A,40303.86
1285,Country A,31704.73
1286,Country A,38896.61
1287,Country A,33588.81
1288,Country A,48257.26
1289,Country A,35905.72
1290,Country A,40433.06
1291,Country A,41190.92
1292,Country A,33692.68
1293,Country A,39583.81
1294,Country A,31831.63
1295,Country A,43057.12
1296,Country A,41353.24
1297,Country A,36053.43
1298,Country A,34617.2
1299,Country A,29133.33
1300,Country A,38030.87
1301,Country A,40957.16
1302,Country A,31037.72
1303,Country A,40096.02
1304,Country A,40569.06
1305,Country A,47697.88
1306,Country A,32074.97
1307,Country A,38478.81
1308,Country A,26274.6
1309,Country A,36973.07
1310,Country A,40328.86
1311,Country A,43990.8
1312,Country A,30684.74
1313,Country A,39399.54
1314,Country A,36107.18
1315,Country A,38563.73
1316,Country A,42746.05
1317,Country A,36629.82
1318,Country A,46764.16
1319,Country A,32178.24
1320,Country A,44361.78
1321,Country A,43013.87
1322,Country A,28463.45
1323,Country A,34541.21
1324,Country A,30280.91
1325,Country A,42319.52
1326,Country A,47257.72
1327,Country A,23026.41
1328,Country A,50400.03
1329,Country A,37096.02
1330,Country A,37071.48
1331,Country A,29457.57
1332,Country A,37026.74
1333,Country A,33181.92
1334,Country A,42231.01
1335,Country A,29613.22
1336,Country A,31028.34
1337,Country A,39135.07
1338,Country A,35827.66
1339,Country A,34710.2
1340,Country A,30990.41
1341,Country A,38763.42
1342,Country A,33364.59
1343,Country A,35081.11
1344,Country A,37793.67
1345,Country A,46856.72
1346,Country A,36268.07
1347,Country A,30748.41
1348,Country A,34158.81
1349,Country A,31173.73
1350,Country A,39310.41
1351,Country A,32260.61
1352,Country A,34230.92
1353,Country A,36465.56
1354,Country A,32990.36
1355,Country A,35658.91
1356,Country A,32475.7
1357,Country A,37512.63
1358,Country A,47149.82
1359,Country A,34511.62
1360,Country A,39605.11
1361,Country A,30147.69
1362,Country A,35409.14
1363,Country A,33988.45
1364,Country A,39401.82
1365,Country A,36789.67
1366,Country A,36474.28
1367,Country A,47294.68
1368,Country A,34962.01
1369,Country A,37096.63
1370,Country A,36626.26
1371,Country A,34532.77
1372,Country A,41526.67
1373,Country A,40859.95
1374,Country A,48779.49
1375,Country A,36932.88
1376,Country A,37983.14
1377,Country A,38394.38
1378,Country A,47921.47
1379,Country A,33689.79
1380,Country A,36647.5
1381,Country A,35978.91
1382,Country A,31758.16
1383,Country A,37019.73
1384,Country A,30492.88
1385,Country A,31692.17
1386,Country A,36787.57
1387,Country A,45269.13
1388,Country A,40057.37
1389,Country A,47032.18
1390,Country A,31933.98
1391,Country A,43785.05
1392,Country A,46638.97
1393,Country A,31294.68
1394,Country A,27004.81
1395,Country A,34873.91
1396,Country A,39796.14
1397,Country A,38240.42
1398,Country A,40358.29
1399,Country A,29515.81
1400,Country A,32962.09
1401,Country A,43835.4
1402,Country A,36828.72
1403,Country A,35948.03
1404,Country A,37899.18
1405,Country A,42414.79
1406,Country A,26358.43
1407,Country A,28581
1408,Country A,40739.02
1409,Country A,47602.72
1410,Country A,35709.51
1411,Country A,33623.42
1412,Country A,36131.99
1413,Country A,32570.31
1414,Country A,32025.59
1415,Country A,30132.71
1416,Country A,38909.87
1417,Country A,36982.41
1418,Country A,31205.21
1419,Country A,35374.55
1420,Country A,38968.92
1421,Country A,32104.57
1422,Country A,30709.13
1423,Country A,37056.76
1424,Country A,39194.32
1425,Country A,31546.36
1426,Country A,27354.61
1427,Country A,39039.32
1428,Country A,33549.39
1429,Country A,46853.62
1430,Country A,36922.42
1431,Country A,42576.83
1432,Country A,38572.98
1433,Country A,35872.19
1434,Country A,43102.66
1435,Country A,40034.77
1436,Country A,36048.77
1437,Country A,43323.54
1438,Country A,45326.36
1439,Country A,38006.16
1440,Country A,41856.39
1441,Country A,31879.64
1442,Country A,40917.73
1443,Country A,37689.97
1444,Country A,44498.89
1445,Country A,36871.49
1446,Country A,36373.5
1447,Country A,29903.75
1448,Country A,40989.27
1449,Country A,39283.28
1450,Country A,36781.02
1451,Country A,37577
1452,Country A,35322.57
1453,Country A,36330.71
1454,Country A,41503.13
1455,Country A,41806.99
1456,Country A,32014.16
1457,Country A,30565.37
1458,Country A,39390.36
1459,Country A,30518.44
1460,Country A,36048.43
1461,Country A,38302.29
1462,Country A,39108.64
1463,Country A,38194.48
1464,Country A,36748.94
1465,Country A,39242.75
1466,Country A,43185.62
1467,Country A,36943.42
1468,Country A,38792.05
1469,Country A,37561.28
1470,Country A,44131.85
1471,Country A,44858.65
1472,Country A,32701.9
1473,Country A,48885.95
1474,Country A,42289.28
1475,Country A,35216.51
1476,Country A,30822.55
1477,Country A,37794.43
1478,Country A,48804.69
1479,Country A,37986.36
1480,Country A,33157.26
1481,Country A,38661.05
1482,Country A,33342.54
1483,Country A,33902.29
1484,Country A,34754.86
1485,Country A,44357.09
1486,Country A,32079.37
1487,Country A,32666.92
1488,Country A,49454.07
1489,Country A,37619.51
1490,Country A,37555.64
1491,Country A,33185.69
1492,Country A,33777.59
1493,Country A,31122.5
1494,Country A,41281.71
1495,Country A,43087.28
1496,Country A,37206.5
1497,Country A,43161.58
1498,Country A,38272.39
1499,Country A,34904.54
1500,Country A,30101.21
1501,Country A,43784.96
1502,Country A,31286.31
1503,Country A,40145.01
1504,Country A,35632.69
1505,Country A,34845.02
1506,Country A,31874.49
1507,Country A,31088.99
1508,Country A,34657.03
1509,Country A,33862.78
1510,Country A,39180.56
1511,Country A,41148.43
1512,Country A,35895.73
1513,Country A,49855.01
1514,Country A,32979.93
1515,Country A,31800.62
1516,Country A,37437.62
1517,Country A,42222.78
1518,Country A,31916.07
1519,Country A,39719.83
1520,Country A,38597.03
1521,Country A,32548.21
1522,Country A,41952.92
1523,Country A,33047.54
1524,Country A,35522.27
1525,Country A,38089.42
1526,Country A,48556.48
1527,Country A,29356.3
1528,Country A,30626.49
1529,Country A,28726.86
1530,Country A,31353.28
1531,Country A,35688.48
1532,Country A,31903.47
1533,Country A,32413.85
1534,Country A,44897.38
1535,Country A,34681.56
1536,Country A,37178.01
1537,Country A,38482.87
1538,Country A,28540.68
1539,Country A,23767.74
1540,Country A,40597.02
1541,Country A,28101.95
1542,Country A,39719.32
1543,Country A,37535.99
1544,Country A,36633.18
1545,Country A,35577.15
1546,Country A,44767.36
1547,Country A,34872.98
1548,Country A,38642.12
1549,Country A,35812.85
1550,Country A,39665.07
1551,Country A,34448.12
1552,Country A,32812.43
1553,Country A,46047.3
1554,Country A,40143.89
1555,Country A,29647.46
1556,Country A,31043.66
1557,Country A,36697.09
1558,Country A,32164.67
1559,Country A,34818.78
1560,Country A,43373.03
1561,Country A,34025.01
1562,Country A,34926.76
1563,Country A,37334.9
1564,Country A,29423.5
1565,Country A,32992.24
1566,Country A,38697.31
1567,Country A,33915.01
1568,Country A,33764.57
1569,Country A,32360.79
1570,Country A,31139.74
1571,Country A,37178.11
1572,Country A,37326.23
1573,Country A,38407.75
1574,Country A,41464.25
1575,Country A,33948.45
1576,Country A,27094.42
1577,Country A,39497.57
1578,Country A,37146
1579,Country A,34854.88
1580,Country A,42227.19
1581,Country A,29517.41
1582,Country A,37668.67
1583,Country A,38798.02
1584,Country A,44779.68
1585,Country A,52484.56
1586,Country A,44352.76
1587,Country A,36499.49
1588,Country A,39621.23
1589,Country A,47322.04
1590,Country A,33557.74
1591,Country A,34824.8
1592,Country A,29960.79
1593,Country A,30234.03
1594,Country A,32216.34
1595,Country A,29290.14
1596,Country A,37382.69
1597,Country A,45222.57
1598,Country A,30567.47
1599,Country A,26340.71
1600,Country A,38452.39
1601,Country A,31579.32
1602,Country A,29622.73
1603,Country A,35361.19
1604,Country A,41427.86
1605,Country A,30326.37
1606,Country A,34068.8
1607,Country A,37553.25
1608,Country A,37968.23
1609,Country A,32481.88
1610,Country A,34557.38
1611,Country A,39206.53
1612,Country A,41020.15
1613,Country A,32590.49
1614,Country A,31839.25
1615,Country A,34554
1616,Country A,32054.79
1617,Country A,50042.37
1618,Country A,57457.91
1619,Country A,35811.83
1620,Country A,29656.26
1621,Country A,41525.78
1622,Country A,33935
1623,Country A,31823.68
1624,Country A,31002.01
1625,Country A,40759.77
1626,Country A,29752.66
1627,Country A,27919.08
1628,Country A,33920.98
1629,Country A,36650.81
1630,Country A,40767.41
1631,Country A,45610.24
1632,Country A,37240.06
1633,Country A,29533.25
1634,Country A,38445.23
1635,Country A,42550.13
1636,Country A,32278.51
1637,Country A,31813.51
1638,Country A,36215.79
1639,Country A,45749.9
1640,Country A,38731.69
1641,Country A,40329.09
1642,Country A,29577.48
1643,Country A,43305.55
1644,Country A,31696.64
1645,Country A,35372.29
1646,Country A,32910.09
1647,Country A,34124.64
1648,Country A,32133.3
1649,Country A,41379.12
1650,Country A,34313.5
1651,Country A,31020.36
1652,Country A,55617.22
1653,Country A,38920.26
1654,Country A,38495.46
1655,Country A,28798.44
1656,Country A,40212
1657,Country A,41283.74
1658,Country A,36450.96
1659,Country A,27754.52
1660,Country A,42963.2
1661,Country A,49532.43
1662,Country A,35945.83
1663,Country A,34005.74
1664,Country A,36501.3
1665,Country A,47007.38
1666,Country A,31604.64
1667,Country A,41193.56
1668,Country A,27763.64
1669,Country A,31585.21
1670,Country A,27913.24
1671,Country A,37538.87
1672,Country A,31428.34
1673,Country A,31033.53
1674,Country A,31737.57
1675,Country A,33481.54
1676,Country A,35381.97
1677,Country A,46534.38
1678,Country A,43873.99
1679,Country A,34283.1
1680,Country A,40443.1
1681,Country A,36927.08
1682,Country A,34104.16
1683,Country A,38899.13
1684,Country A,36991.58
1685,Country A,40327.41
1686,Country A,34602.56
1687,Country A,34085.11
1688,Country A,33758.11
1689,Country A,40081.03
1690,Country A,38773.13
1691,Country A,40874.85
1692,Country A,33130.33
1693,Country A,33925.57
1694,Country A,30234.45
1695,Country A,29120.49
1696,Country A,39791.23
1697,Country A,29269.91
1698,Country A,34158.05
1699,Country A,36499.22
1700,Country A,30648.38
1701,Country A,49014.71
1702,Country A,37171.72
1703,Country A,37458.2
1704,Country A,38475.44
1705,Country A,35279.95
1706,Country A,28659.27
1707,Country A,37429.16
1708,Country A,29209
1709,Country A,39230.33
1710,Country A,35736.34
1711,Country A,38154
1712,Country A,31653.46
1713,Country A,36747.16
1714,Country A,34161.54
1715,Country A,38928.71
1716,Country A,35088.1
1717,Country A,36322.3
1718,Country A,33807.02
1719,Country A,29855.99
1720,Country A,36279.3
1721,Country A,36261.12
1722,Country A,36357.44
1723,Country A,30579.53
1724,Country A,42060.16
1725,Country A,39829.3
1726,Country A,35029.64
1727,Country A,39795.31
1728,Country A,29251.82
1729,Country A,25751.87
1730,Country A,38019.38
1731,Country A,46075.64
1732,Country A,33234.32
1733,Country A,36807.25
1734,Country A,40060.55
1735,Country A,41954.06
1736,Country A,29177.81
1737,Country A,36328.06
1738,Country A,31136.33
1739,Country A,34992.39
1740,Country A,32609.04
1741,Country A,35338.2
1742,Country A,34693.6
1743,Country A,30217.83
1744,Country A,34314.69
1745,Country A,41418.75
1746,Country A,35060.75
1747,Country A,30527.17
1748,Country A,36464.21
1749,Country A,29040.91
1750,Country A,32056.26
1751,Country A,35051.6
1752,Country A,31663.69
1753,Country A,34687.09
1754,Country A,43289.49
1755,Country A,27426.21
1756,Country A,27302.23
1757,Country A,36392.52
1758,Country A,34273.76
1759,Country A,35403.85
1760,Country A,39007
1761,Country A,42489.09
1762,Country A,34568.1
1763,Country A,41960.22
1764,Country A,46641.02
1765,Country A,30864.04
1766,Country A,42843.63
1767,Country A,47009.71
1768,Country A,41080.21
1769,Country A,41520.98
1770,Country A,31200.28
1771,Country A,37320.82
1772,Country A,38412.23
1773,Country A,35150.38
1774,Country A,32165.09
1775,Country A,37486.94
1776,Country A,31839.55
1777,Country A,44026.97
1778,Country A,46290.17
1779,Country A,37306.72
1780,Country A,28813.99
1781,Country A,41962.56
1782,Country A,31839.42
1783,Country A,42335.88
1784,Country A,46995.62
1785,Country A,38169.75
1786,Country A,39683.89
1787,Country A,36026.3
1788,Country A,33720.36
1789,Country A,31805.56
1790,Country A,35682.94
1791,Country A,44729.77
1792,Country A,40343.41
1793,Country A,35216.62
1794,Country A,31106.32
1795,Country A,34573.9
1796,Country A,31854.27
1797,Country A,40299.84
1798,Country A,29708.36
1799,Country A,37245.83
1800,Country A,43119.58
1801,Country A,39543.41
1802,Country A,34903.24
1803,Country A,42407.2
1804,Country A,49997.13
1805,Country A,36271.39
1806,Country A,31947.27
1807,Country A,34429.77
1808,Country A,43118.52
1809,Country A,46484.73
1810,Country A,34952.26
1811,Country A,34262.33
1812,Country A,34405.21
1813,Country A,29633.72
1814,Country A,37775.09
1815,Country A,40906.07
1816,Country A,35889.63
1817,Country A,43041.73
1818,Country A,38723.53
1819,Country A,38263.32
1820,Country A,40057.86
1821,Country A,38412.38
1822,Country A,32599.53
1823,Country A,45753.34
1824,Country A,32459.3
1825,Country A,29513.49
1826,Country A,33535.79
1827,Country A,37415.46
1828,Country A,31059.6
1829,Country A,42570.15
1830,Country A,37516.9
1831,Country A,31006.28
1832,Country A,48559.05
1833,Country A,36414.71
1834,Country A,30462.02
1835,Country A,37155.78
1836,Country A,48178.06
1837,Country A,32055.11
1838,Country A,29098.48
1839,Country A,33535.14
1840,Country A,38730.56
1841,Country A,34722.6
1842,Country A,38491
1843,Country A,32697.69
1844,Country A,38742.49
1845,Country A,38890.73
1846,Country A,35647.03
1847,Country A,37769.18
1848,Country A,37791.24
1849,Country A,38666.85
1850,Country A,44593.89
1851,Country A,42911.93
1852,Country A,49571.13
1853,Country A,49920.63
1854,Country A,35182
1855,Country A,36922.34
1856,Country A,31194.73
1857,Country A,27922.47
1858,Country A,42422.91
1859,Country A,38432.61
1860,Country A,59911.99
1861,Country A,36645.2
1862,Country A,35174.03
1863,Country A,40958.12
1864,Country A,28735.25
1865,Country A,32089.9
1866,Country A,42714.98
1867,Country A,37684.73
1868,Country A,38129.25
1869,Country A,36934.18
1870,Country A,30224.1
1871,Country A,27821.23
1872,Country A,28287.01
1873,Country A,40637.07
1874,Country A,36079.44
1875,Country A,36029.91
1876,Country A,41715.73
1877,Country A,43421.67
1878,Country A,29590.32
1879,Country A,39043.74
1880,Country A,46286.6
1881,Country A,46801.97
1882,Country A,36339.71
1883,Country A,41742.27
1884,Country A,40526.98
1885,Country A,47307.99
1886,Country A,47289.61
1887,Country A,31437.66
1888,Country A,32267.82
1889,Country A,49590.72
1890,Country A,38827.8
1891,Country A,34109.27
1892,Country A,39587.59
1893,Country A,34444.41
1894,Country A,40304.16
1895,Country A,32803.95
1896,Country A,39671.34
1897,Country A,44975.29
1898,Country A,39090.89
1899,Country A,37511.37
1900,Country A,27363.31
1901,Country A,35123.61
1902,Country A,36497.48
1903,Country A,39267.49
1904,Country A,34699.32
1905,Country A,35927.2
1906,Country A,38123.24
1907,Country A,32799.8
1908,Country A,37269.92
1909,Country A,36658.5
1910,Country A,29447.84
1911,Country A,33639.87
1912,Country A,35118.1
1913,Country A,35106.25
1914,Country A,30114.94
1915,Country A,40828.56
1916,Country A,43332.61
1917,Country A,35423.86
1918,Country A,30397.54
1919,Country A,39473.84
1920,Country A,39386.03
1921,Country A,31113.31
1922,Country A,35335.48
1923,Country A,38175.23
1924,Country A,30010.76
1925,Country A,35924.52
1926,Country A,28210.11
1927,Country A,35607.97
1928,Country A,34701.37
1929,Country A,36659.73
1930,Country A,40523.87
1931,Country A,34519.14
1932,Country A,47824.6
1933,Country A,32547.96
1934,Country A,41043.02
1935,Country A,37243.98
1936,Country A,39200.67
1937,Country A,46699.62
1938,Country A,31004.17
1939,Country A,42374.08
1940,Country A,29818.63
1941,Country A,38627.66
1942,Country A,28937.75
1943,Country A,31961.85
1944,Country A,32958.3
1945,Country A,26564.95
1946,Country A,34355.13
1947,Country A,29643.07
1948,Country A,19801.41
1949,Country A,35423.51
1950,Country A,40147.16
1951,Country A,30368.13
1952,Country A,33071.34
1953,Country A,37265.74
1954,Country A,34811.31
1955,Country A,34093
1956,Country A,43707.3
1957,Country A,44648.81
1958,Country A,35304.34
1959,Country A,39693.53
1960,Country A,34856.52
1961,Country A,37107.37
1962,Country A,33003.12
1963,Country A,31619.29
1964,Country A,45651.87
1965,Country A,43746.83
1966,Country A,39384.09
1967,Country A,25942.38
1968,Country A,33365.7
1969,Country A,30085.44
1970,Country A,39999.7
1971,Country A,39604.69
1972,Country A,33039.35
1973,Country A,42465.8
1974,Country A,41373.54
1975,Country A,31640.33
1976,Country A,36033.72
1977,Country A,35987.88
1978,Country A,33630.7
1979,Country A,32629.05
1980,Country A,38540.24
1981,Country A,44145.41
1982,Country A,38268.65
1983,Country A,41519.4
1984,Country A,31547.12
1985,Country A,31503.27
1986,Country A,38631.08
1987,Country A,31754.53
1988,Country A,37217.61
1989,Country A,30991.8
1990,Country A,34266.65
1991,Country A,30772.31
1992,Country A,35343.74
1993,Country A,33248.9
1994,Country A,42648.3
1995,Country A,38596.19
1996,Country A,36335.96
1997,Country A,32113.02
1998,Country A,39045.88
1999,Country A,38426.35
2000,Country A,33175.63
2001,Country A,44911.59
2002,Country A,39481.41
2003,Country A,42074.04
2004,Country A,33258.73
2005,Country A,41809.36
2006,Country A,35964.76
2007,Country A,34955.68
2008,Country A,31887.11
2009,Country A,26078.5
2010,Country A,31656.06
2011,Country A,35005.32
2012,Country A,42677.91
2013,Country A,38101.74
2014,Country A,37023.8
2015,Country A,36907.54
2016,Country A,37802.4
2017,Country A,36963.24
2018,Country A,31621.56
2019,Country A,44294.79
2020,Country A,34542.21
2021,Country A,45572.29
2022,Country A,30010.34
2023,Country A,33280.45
2024,Country A,30667.5
2025,Country A,36289.28
2026,Country A,35971.81
2027,Country A,39604.37
2028,Country A,39711.74
2029,Country A,36826.3
2030,Country A,45288.64
2031,Country A,40099.74
2032,Country A,30753.33
2033,Country A,37222.08
2034,Country A,41367.91
2035,Country A,34293.3
2036,Country A,30659.43
2037,Country A,44406.54
2038,Country A,34518.31
2039,Country A,33418.8
2040,Country A,35661.66
2041,Country A,34690.65
2042,Country A,40565.03
2043,Country A,38829.19
2044,Country A,43738.95
2045,Country A,35659.98
2046,Country A,37054.98
2047,Country A,33494.46
2048,Country A,39922.69
2049,Country A,30495.79
2050,Country A,36253.95
2051,Country A,38497.43
2052,Country A,40418.19
2053,Country A,32995.75
2054,Country A,34496.83
2055,Country A,33673.55
2056,Country A,40330.81
2057,Country A,40824.65
2058,Country A,34483.02
2059,Country A,33124.39
2060,Country A,34829.03
2061,Country A,28419.16
2062,Country A,28717.89
2063,Country A,29944.46
2064,Country A,42700.54
2065,Country A,40868.95
2066,Country A,31762.08
2067,Country A,40021.8
2068,Country A,34930.07
2069,Country A,38611.4
2070,Country A,43523.8
2071,Country A,37549.2
2072,Country A,40927.17
2073,Country A,40830.82
2074,Country A,43859.4
2075,Country A,41967.03
2076,Country A,42500.11
2077,Country A,33543.7
2078,Country A,35089.41
2079,Country A,40335.63
2080,Country A,35476.79
2081,Country A,41019.22
2082,Country A,35067.2
2083,Country A,40206.25
2084,Country A,28268.68
2085,Country A,34132.61
2086,Country A,37733.28
2087,Country A,51313.47
2088,Country A,33339.91
2089,Country A,39536.31
2090,Country A,44251.42
2091,Country A,32385.61
2092,Country A,28757.82
2093,Country A,33804.05
2094,Country A,39405.36
2095,Country A,31594.11
2096,Country A,32663.9
2097,Country A,40393.54
2098,Country A,36232.77
2099,Country A,43692.12
2100,Country A,27557.65
2101,Country A,36726.28
2102,Country A,36395.46
2103,Country A,40498.01
2104,Country A,44181.04
2105,Country A,40961.88
2106,Country A,33300.64
2107,Country A,38377.05
2108,Country A,49273.38
2109,Country A,33862.43
2110,Country A,32900.73
2111,Country A,39033.65
2112,Country A,52175.17
2113,Country A,27398.94
2114,Country A,30420.25
2115,Country A,34364.31
2116,Country A,32179.76
2117,Country A,43364.69
2118,Country A,34200.83
2119,Country A,47105.64
2120,Country A,29830.1
2121,Country A,35964.38
2122,Country A,35710.54
2123,Country A,43762.96
2124,Country A,31575.72
2125,Country A,34411.69
2126,Country A,39311.78
2127,Country A,33705.15
2128,Country A,42123.26
2129,Country A,38436.14
2130,Country A,39246.39
2131,Country A,36771.25
2132,Country A,41199.09
2133,Country A,48566.09
2134,Country A,37207.39
2135,Country A,34336.33
2136,Country A,36366.23
2137,Country A,37671.71
2138,Country A,36283.34
2139,Country A,48156.94
2140,Country A,37303.99
2141,Country A,37180.91
2142,Country A,48821.81
2143,Country A,35473.01
2144,Country A,37526.78
2145,Country A,42175.24
2146,Country A,36861.73
2147,Country A,35220.01
2148,Country A,33974.85
2149,Country A,32367.01
2150,Country A,42506.32
2151,Country A,30580.39
2152,Country A,37062.01
2153,Country A,34683.88
2154,Country A,29309.71
2155,Country A,35514.6
2156,Country A,42325.47
2157,Country A,38563.85
2158,Country A,32358.63
2159,Country A,39856.22
2160,Country A,38587.16
2161,Country A,36881.73
2162,Country A,37985.71
2163,Country A,33494.34
2164,Country A,32705.89
2165,Country A,27482.42
2166,Country A,32241.58
2167,Country A,37177.86
2168,Country A,36435.38
2169,Country A,38736.71
2170,Country A,29648.15
2171,Country A,34699.2
2172,Country A,36441.39
2173,Country A,32251.27
2174,Country A,42506.71
2175,Country A,30046.4
2176,Country A,39392.63
2177,Country A,33069.02
2178,Country A,37426.25
2179,Country A,44715.9
2180,Country A,37666.55
2181,Country A,36470.95
2182,Country A,47518.29
2183,Country A,34475.18
2184,Country A,34496.77
2185,Country A,35314.15
2186,Country A,36161.79
2187,Country A,39986.54
2188,Country A,32547.99
2189,Country A,40465.01
2190,Country A,33425.86
2191,Country A,26777.62
2192,Country A,36472.67
2193,Country A,33715.24
2194,Country A,38366.3
2195,Country A,45102.28
2196,Country A,31408.73
2197,Country A,27682.54
2198,Country A,28852.19
2199,Country A,24115.47
2200,Country A,27076.81
2201,Country A,40637.17
2202,Country A,40577.5
2203,Country A,33408.69
2204,Country A,33281.76
2205,Country A,34568
2206,Country A,41913.42
2207,Country A,39299.21
2208,Country A,38065.53
2209,Country A,33990.92
2210,Country A,33889.04
2211,Country A,29299.46
2212,Country A,22740.83
2213,Country A,36910.89
2214,Country A,28180.58
2215,Country A,32852.8
2216,Country A,35815.35
2217,Country A,38679.61
2218,Country A,38113.46
2219,Country A,33685.41
2220,Country A,33039.4
2221,Country A,40960.75
2222,Country A,41151.54
2223,Country A,31512
2224,Country A,31537.42
2225,Country A,35830.21
2226,Country A,45835.06
2227,Country A,36896.25
2228,Country A,32861.27
2229,Country A,30683.77
2230,Country A,37418.88
2231,Country A,37707.95
2232,Country A,26722.14
2233,Country A,40422.9
2234,Country A,37769.06
2235,Country A,41684.51
2236,Country A,35715.4
2237,Country A,33233.31
2238,Country A,36985.04
2239,Country A,31247.45
2240,Country A,43341.73
2241,Country A,29771.02
2242,Country A,37674.85
2243,Country A,38522.7
2244,Country A,34402.35
2245,Country A,37995.77
2246,Country A,32307.14
2247,Country A,46491.52
2248,Country A,43611.24
2249,Country A,33523.87
2250,Country A,43890.29
2251,Country A,37301.41
2252,Country A,24962.63
2253,Country A,40491.5
2254,Country A,38390.86
2255,Country A,30603.69
2256,Country A,35083.79
2257,Country A,44189.99
2258,Country A,35906.25
2259,Country A,40569.2
2260,Country A,40143.12
2261,Country A,31112.79
2262,Country A,38317.26
2263,Country A,39107.38
2264,Country A,38829.82
2265,Country A,29358.42
2266,Country A,34472.93
2267,Country A,25698.97
2268,Country A,39693.29
2269,Country A,38460.13
2270,Country A,42573.67
2271,Country A,36417.16
2272,Country A,35785.72
2273,Country A,35060.38
2274,Country A,31123.03
2275,Country A,34665.52
2276,Country A,30819.03
2277,Country A,53278.45
2278,Country A,35977.1
2279,Country A,33060.71
2280,Country A,36536.27
2281,Country A,48779.4
2282,Country A,41297.17
2283,Country A,58065.05
2284,Country A,30587.08
2285,Country A,38258.65
2286,Country A,34562.55
2287,Country A,37590.3
2288,Country A,39295.24
2289,Country A,40172.42
2290,Country A,33489.63
2291,Country A,32975.77
2292,Country A,34603.16
2293,Country A,37174.26
2294,Country A,35148.73
2295,Country A,57069.07
2296,Country A,41387.75
2297,Country A,30973.03
2298,Country A,26778.22
2299,Country A,46802.48
2300,Country A,33674.16
2301,Country A,46399.05
2302,Country A,33682.66
2303,Country A,33212.57
2304,Country A,36732.08
2305,Country A,36545.02
2306,Country A,29140.27
2307,Country A,37370.47
2308,Country A,38929.16
2309,Country A,39330.88
2310,Country A,36998.97
2311,Country A,30904.86
2312,Country A,41995.62
2313,Country A,33570.73
2314,Country A,29981.46
2315,Country A,31982.69
2316,Country A,32022.53
2317,Country A,40558.85
2318,Country A,51247.22
2319,Country A,39092.19
2320,Country A,36228.63
2321,Country A,38771.8
2322,Country A,31998.78
2323,Country A,33690.04
2324,Country A,38272.33
2325,Country A,33107.58
2326,Country A,33641.88
2327,Country A,31145.22
2328,Country A,40678.03
2329,Country A,41571.75
2330,Country A,42380.54
2331,Country A,40089.65
2332,Country A,43006.14
2333,Country A,51059.43
2334,Country A,35559.6
2335,Country A,34883.72
2336,Country A,33031.49
2337,Country A,49937.13
2338,Country A,38273.87
2339,Country A,30105.76
2340,Country A,37629.74
2341,Country A,34627.14
2342,Country A,37351.18
2343,Country A,32923.51
2344,Country A,35644.13
2345,Country A,42130.33
2346,Country A,29426.09
2347,Country A,29597.25
2348,Country A,35368.67
2349,Country A,30325.23
2350,Country A,36145.75
2351,Country A,50895.23
2352,Country A,34114.61
2353,Country A,33660.67
2354,Country A,24506.37
2355,Country A,38575.02
2356,Country A,28618.7
2357,Country A,35970.06
2358,Country A,37946.55
2359,Country A,27152.49
2360,Country A,47775.08
2361,Country A,31048.93
2362,Country A,41395.53
2363,Country A,32423.74
2364,Country A,29325.68
2365,Country A,31595.95
2366,Country A,36247.36
2367,Country A,35006.22
2368,Country A,37316.65
2369,Country A,41801.41
2370,Country A,30550.13
2371,Country A,28516.78
2372,Country A,33774.02
2373,Country A,28617.18
2374,Country A,34796.62
2375,Country A,38288.96
2376,Country A,32409.44
2377,Country A,32561.48
2378,Country A,26234.94
2379,Country A,36284.15
2380,Country A,33800
2381,Country A,40065.36
2382,Country A,37262.03
2383,Country A,45601.1
2384,Country A,26380.03
2385,Country A,41187.68
2386,Country A,33952.87
2387,Country A,30542.23
2388,Country A,33222.86
2389,Country A,35214.42
2390,Country A,32395.15
2391,Country A,38521.04
2392,Country A,27672.76
2393,Country A,36418.5
2394,Country A,38042.43
2395,Country A,50051.79
2396,Country A,41347.34
2397,Country A,28590.83
2398,Country A,29867.37
2399,Country A,35077.05
2400,Country A,38404
2401,Country A,41333.78
2402,Country A,41200.83
2403,Country A,35196.13
2404,Country A,48053.61
2405,Country A,31821.83
2406,Country A,36516.88
2407,Country A,35544.25
2408,Country A,31233.47
2409,Country A,34893.64
2410,Country A,42462.5
2411,Country A,41577.37
2412,Country A,29910.19
2413,Country A,37719.57
2414,Country A,38847.53
2415,Country A,43967.93
2416,Country A,32557.1
2417,Country A,38415.42
2418,Country A,36435.81
2419,Country A,29213.96
2420,Country A,34905.17
2421,Country A,35997.93
2422,Country A,38146.17
2423,Country A,49931.83
2424,Country A,44287.96
2425,Country A,41385.98
2426,Country A,33750.16
2427,Country A,35307.83
2428,Country A,35996.61
2429,Country A,38570.27
2430,Country A,30875.85
2431,Country A,38917.54
2432,Country A,31066.01
2433,Country A,51209.75
2434,Country A,35191.26
2435,Country A,33960.95
2436,Country A,36619.33
2437,Country A,30970.19
2438,Country A,36200.7
2439,Country A,31938.67
2440,Country A,31686.38
2441,Country A,35781.25
2442,Country A,37804.54
2443,Country A,35969.98
2444,Country A,30258.99
2445,Country A,32362.13
2446,Country A,33342.81
2447,Country A,41286.58
2448,Country A,34642.03
2449,Country A,37635.84
2450,Country A,33518.52
2451,Country A,42767.36
2452,Country A,30971.78
2453,Country A,42191.67
2454,Country A,38010.05
2455,Country A,34671.61
2456,Country A,37601.29
2457,Country A,38958.99
2458,Country A,36478.43
2459,Country A,30826.35
2460,Country A,31604.98
2461,Country A,33255.66
2462,Country A,30216.19
2463,Country A,36580.05
2464,Country A,30347.81
2465,Country A,31754.76
2466,Country A,30155.69
2467,Country A,38493.14
2468,Country A,33364.85
2469,Country A,36139.42
2470,Country A,36127.3
2471,Country A,35993.1
2472,Country A,32076.1
2473,Country A,43483.26
2474,Country A,31425.04
2475,Country A,34038.76
2476,Country A,31569.81
2477,Country A,30405.56
2478,Country A,33811.54
2479,Country A,36532.34
2480,Country A,25636.99
2481,Country A,34239.48
2482,Country A,45156.87
2483,Country A,35174.47
2484,Country A,29892.55
2485,Country A,37772.44
2486,Country A,27155.78
2487,Country A,33420.61
2488,Country A,32963.91
2489,Country A,27515.27
2490,Country A,37203.09
2491,Country A,38863.7
2492,Country A,42301.75
2493,Country A,45889.86
2494,Country A,33554.88
2495,Country A,40833.69
2496,Country A,33413.09
2497,Country A,38037.98
2498,Country A,31999.48
2499,Country A,35903.74
2500,Country A,43729.6
2501,Country A,37950.17
2502,Country A,34178.79
2503,Country A,26185.39
2504,Country A,37408.18
2505,Country A,48454.36
2506,Country A,31595.88
2507,Country A,34566.92
2508,Country A,41890.35
2509,Country A,46472.69
2510,Country A,32383.15
2511,Country A,33538.82
2512,Country A,27865.84
2513,Country A,37506.8
2514,Country A,44345.66
2515,Country A,36228.26
2516,Country A,41647.36
2517,Country A,36991.15
2518,Country A,38177.24
2519,Country A,42411.72
2520,Country A,39901.34
2521,Country A,27529.22
2522,Country A,43723.01
2523,Country A,36654.09
2524,Country A,51374.33
2525,Country A,53386.29
2526,Country A,31807.93
2527,Country A,48373.06
2528,Country A,37798.82
2529,Country A,34448.51
2530,Country A,36989.46
2531,Country A,39309.89
2532,Country A,35787.86
2533,Country A,31731.11
2534,Country A,38024.24
2535,Country A,30959.78
2536,Country A,35838.88
2537,Country A,43537.82
2538,Country A,30441.25
2539,Country A,35965.29
2540,Country A,40769.33
2541,Country A,36943.21
2542,Country A,34425.41
2543,Country A,32075.01
2544,Country A,35923.21
2545,Country A,45299.25
2546,Country A,34261.9
2547,Country A,34398.42
2548,Country A,38031.4
2549,Country A,37440.38
2550,Country A,47119.52
2551,Country A,48036.17
2552,Country A,30510.92
2553,Country A,39915.44
2554,Country A,39178.59
2555,Country A,36591.02
2556,Country A,37736.21
2557,Country A,42179.28
2558,Country A,41291.85
2559,Country A,31037.84
2560,Country A,43263.63
2561,Country A,45573.08
2562,Country A,39170.21
2563,Country A,24390.09
2564,Country A,45008.33
2565,Country A,29099.42
2566,Country A,46060.42
2567,Country A,35816.61
2568,Country A,32095.03
2569,Country A,28361.57
2570,Country A,41841.6
2571,Country A,34422.29
2572,Country A,35443.59
2573,Country A,37001.61
2574,Country A,34777.62
2575,Country A,30415.7
2576,Country A,25363.36
2577,Country A,41261.79
2578,Country A,41825.89
2579,Country A,34791.33
2580,Country A,33004.2
2581,Country A,42291.6
2582,Country A,32391.78
2583,Country A,39585.71
2584,Country A,29618.19
2585,Country A,41576.7
2586,Country A,37974.41
2587,Country A,36300.38
2588,Country A,35075.24
2589,Country A,43318.45
2590,Country A,43331.75
2591,Country A,44133.98
2592,Country A,51977.04
2593,Country A,32941.11
2594,Country A,31476.27
2595,Country A,49560.23
2596,Country A,37343.35
2597,Country A,43968.99
2598,Country A,37607.64
2599,Country A,29632.12
2600,Country A,42746.56
2601,Country A,39722.5
2602,Country A,30361.02
2603,Country A,33932.54
2604,Country A,34584.22
2605,Country A,36471.61
2606,Country A,33439.56
2607,Country A,33483.73
2608,Country A,37498.26
2609,Country A,36806.94
2610,Country A,26004.2
2611,Country A,32035.82
2612,Country A,34504.58
2613,Country A,39190.16
2614,Country A,39327.87
2615,Country A,34154.45
2616,Country A,32160.06
2617,Country A,34036.58
2618,Country A,35763.04
2619,Country A,34956.02
2620,Country A,35486.08
2621,Country A,35484.03
2622,Country A,25711.51
2623,Country A,45247.09
2624,Country A,29932.38
2625,Country A,30285.37
2626,Country A,34882.67
2627,Country A,40235.66
2628,Country A,34615.25
2629,Country A,40005.66
2630,Country A,34140.68
2631,Country A,35285.54
2632,Country A,31906.54
2633,Country A,33708.39
2634,Country A,27607.25
2635,Country A,34631.64
2636,Country A,27225.67
2637,Country A,37212.46
2638,Country A,55319.41
2639,Country A,27301.95
2640,Country A,29555.09
2641,Country A,34750.42
2642,Country A,31771.71
2643,Country A,37624.69
2644,Country A,47214.01
2645,Country A,44142.14
2646,Country A,32788
2647,Country A,43442.05
2648,Country A,41259.47
2649,Country A,39471.52
2650,Country A,31808.39
2651,Country A,41095.42
2652,Country A,40262.95
2653,Country A,44372.06
2654,Country A,32166.25
2655,Country A,35777.69
2656,Country A,32220.2
2657,Country A,28067
2658,Country A,34654.6
2659,Country A,39031.83
2660,Country A,38550.72
2661,Country A,28855.94
2662,Country A,44076.61
2663,Country A,41699.35
2664,Country A,32577.83
2665,Country A,39580.43
2666,Country A,27889.73
2667,Country A,31664.48
2668,Country A,41212.29
2669,Country A,34057.59
2670,Country A,32277
2671,Country A,37316.48
2672,Country A,31339.96
2673,Country A,28143.91
2674,Country A,37206.07
2675,Country A,35215.55
2676,Country A,35254.33
2677,Country A,40710.02
2678,Country A,34397.96
2679,Country A,34800.55
2680,Country A,29271.46
2681,Country A,27406.56
2682,Country A,33863.01
2683,Country A,29761.96
2684,Country A,36735.42
2685,Country A,34483.66
2686,Country A,43509.71
2687,Country A,33696.61
2688,Country A,34251.11
2689,Country A,33261.95
2690,Country A,34881.74
2691,Country A,34691.73
2692,Country A,40138.64
2693,Country A,29709.29
2694,Country A,37764.68
2695,Country A,35084.47
2696,Country A,48109.86
2697,Country A,28621.61
2698,Country A,29982.32
2699,Country A,35429.08
2700,Country A,41084.06
2701,Country A,39072.58
2702,Country A,32970.17
2703,Country A,36453.12
2704,Country A,26982.87
2705,Country A,38007.13
2706,Country A,43957.32
2707,Country A,36446.87
2708,Country A,34057.1
2709,Country A,30328.9
2710,Country A,33026.31
2711,Country A,44501.69
2712,Country A,34489.72
2713,Country A,33061.23
2714,Country A,44583.38
2715,Country A,27723.79
2716,Country A,34642.17
2717,Country A,36720.29
2718,Country A,32699.14
2719,Country A,32699.37
2720,Country A,38060.83
2721,Country A,39826.01
2722,Country A,37196.59
2723,Country A,36068.78
2724,Country A,31976.2
2725,Country A,39762.56
2726,Country A,31568.05
2727,Country A,35652.36
2728,Country A,39139.04
2729,Country A,31039.22
2730,Country A,37670.21
2731,Country A,35032.2
2732,Country A,41517.74
2733,Country A,45631.05
2734,Country A,29667.38
2735,Country A,40459.75
2736,Country A,36505.49
2737,Country A,36664.1
2738,Country A,42819.48
2739,Country A,39302.51
2740,Country A,36004.02
2741,Country A,34749.24
2742,Country A,34671.28
2743,Country A,35859.04
2744,Country A,32394.37
2745,Country A,43515.34
2746,Country A,39363.98
2747,Country A,40149.93
2748,Country A,37264.73
2749,Country A,37464.7
2750,Country A,37025.64
2751,Country A,43610.08
2752,Country A,34260
2753,Country A,30858.43
2754,Country A,39809.91
2755,Country A,41041.82
2756,Country A,29749.22
2757,Country A,41312.12
2758,Country A,34137.3
2759,Country A,35302.54
2760,Country A,39768.3
2761,Country A,36136.82
2762,Country A,45733.45
2763,Country A,42408.38
2764,Country A,29251.08
2765,Country A,37874.56
2766,Country A,37412.25
2767,Country A,33269.15
2768,Country A,49569.17
2769,Country A,25107.73
2770,Country A,31728.5
2771,Country A,41345.63
2772,Country A,30493.36
2773,Country A,29941.33
2774,Country A,31529.86
2775,Country A,34142.8
2776,Country A,32445.09
2777,Country A,38532.41
2778,Country A,28342.79
2779,Country A,49128.32
2780,Country A,38535.24
2781,Country A,36548.56
2782,Country A,30105.56
2783,Country A,40561.6
2784,Country A,36496.22
2785,Country A,34081.13
2786,Country A,35647.33
2787,Country A,33000.61
2788,Country A,29874.7
2789,Country A,38582.49
2790,Country A,47079.3
2791,Country A,39069.52
2792,Country A,32531.66
2793,Country A,26440.57
2794,Country A,41579.62
2795,Country A,30203.2
2796,Country A,37710.76
2797,Country A,38683.27
2798,Country A,38525.06
2799,Country A,39581.24
2800,Country A,40266.67
2801,Country A,30717.91
2802,Country A,29827.94
2803,Country A,27129.01
2804,Country A,35441.14
2805,Country A,42365.23
2806,Country A,42481.95
2807,Country A,32556.5
2808,Country A,34753.5
2809,Country A,28387.42
2810,Country A,27984.13
2811,Country A,31199.53
2812,Country A,40169.69
2813,Country A,34242.16
2814,Country A,43509.65
2815,Country A,38297.55
2816,Country A,49721.94
2817,Country A,30303.98
2818,Country A,28737.68
2819,Country A,40175.41
2820,Country A,34063.71
2821,Country A,30471.54
2822,Country A,28708.09
2823,Country A,32128.43
2824,Country A,35997.94
2825,Country A,41241.47
2826,Country A,39269.41
2827,Country A,35877.05
2828,Country A,36686.19
2829,Country A,34265.07
2830,Country A,36221.77
2831,Country A,41481.07
2832,Country A,31649.73
2833,Country A,30103.24
2834,Country A,32206.63
2835,Country A,34920.42
2836,Country A,35836.68
2837,Country A,39205.73
2838,Country A,30740.17
2839,Country A,34813.58
2840,Country A,32112.23
2841,Country A,31045.22
2842,Country A,48627.31
2843,Country A,33240.28
2844,Country A,40176.76
2845,Country A,28677.52
2846,Country A,41322.41
2847,Country A,27924.42
2848,Country A,49162.75
2849,Country A,34504.47
2850,Country A,36624.79
2851,Country A,43929.23
2852,Country A,42552.85
2853,Country A,31056.3
2854,Country A,32372.72
2855,Country A,41254.09
2856,Country A,33011.39
2857,Country A,33552.91
2858,Country A,34325.69
2859,Country A,24917.57
2860,Country A,41017.85
2861,Country A,37842.01
2862,Country A,37484.86
2863,Country A,43373.08
2864,Country A,28581.15
2865,Country A,43506.69
2866,Country A,39695.37
2867,Country A,48955.52
2868,Country A,39729.99
2869,Country A,31002.11
2870,Country A,27628.66
2871,Country A,32548.85
2872,Country A,36239.24
2873,Country A,30746.87
2874,Country A,30180.75
2875,Country A,41763.43
2876,Country A,37868.77
2877,Country A,36656.86
2878,Country A,33427.46
2879,Country A,39781.14
2880,Country A,53764.38
2881,Country A,22875.84
2882,Country A,34399.31
2883,Country A,40129.66
2884,Country A,36037.22
2885,Country A,38403.96
2886,Country A,29779.49
2887,Country A,34743.85
2888,Country A,28666.7
2889,Country A,35418.58
2890,Country A,35147.92
2891,Country A,37428.45
2892,Country A,41961.14
2893,Country A,32068.98
2894,Country A,45775.9
2895,Country A,47523.81
2896,Country A,31328.87
2897,Country A,31850.33
2898,Country A,34507.8
2899,Country A,34325.01
2900,Country A,44675.92
2901,Country A,46416.47
2902,Country A,41358
2903,Country A,30035.52
2904,Country A,35700.03
2905,Country A,33669.51
2906,Country A,52480.22
2907,Country A,36985.27
2908,Country A,43564.24
2909,Country A,31355.87
2910,Country A,45725.6
2911,Country A,42268.67
2912,Country A,36943.21
2913,Country A,38875.1
2914,Country A,31055.47
2915,Country A,33285.08
2916,Country A,35560.38
2917,Country A,41466.49
2918,Country A,40230.28
2919,Country A,38106.3
2920,Country A,30464.55
2921,Country A,33449.19
2922,Country A,30971.2
2923,Country A,34200.81
2924,Country A,29696.89
2925,Country A,30674.58
2926,Country A,34799.39
2927,Country A,25786.8
2928,Country A,34759.64
2929,Country A,33517.98
2930,Country A,35850.3
2931,Country A,26391.61
2932,Country A,38682
2933,Country A,44670.74
2934,Country A,28106.14
2935,Country A,29185.19
2936,Country A,46189.74
2937,Country A,37336.91
2938,Country A,34109.88
2939,Country A,43393.87
2940,Country A,29534.57
2941,Country A,43281.72
2942,Country A,29144.41
2943,Country A,47121.84
2944,Country A,34017.79
2945,Country A,38607.47
2946,Country A,48306.04
2947,Country A,34859.86
2948,Country A,36864.99
2949,Country A,25740.53
2950,Country A,35082.27
2951,Country A,40189.21
2952,Country A,39735.68
2953,Country A,32852.86
2954,Country A,30649.03
2955,Country A,36111.83
2956,Country A,49003.13
2957,Country A,38660.51
2958,Country A,32236.85
2959,Country A,44438.21
2960,Country A,42123.36
2961,Country A,35440.58
2962,Country A,33228.98
2963,Country A,32023.82
2964,Country A,39584.35
2965,Country A,43387.01
2966,Country A,34796.79
2967,Country A,27290.6
2968,Country A,38369.69
2969,Country A,38141.58
2970,Country A,27653.96
2971,Country A,48945.07
2972,Country A,31081.96
2973,Country A,27704.97
2974,Country A,28095.62
2975,Country A,31633.07
2976,Country A,31133.72
2977,Country A,40680.45
2978,Country A,39024.91
2979,Country A,32616.67
2980,Country A,31949.03
2981,Country A,27752.25
2982,Country A,37327.06
2983,Country A,30985.55
2984,Country A,40788.94
2985,Country A,32721.84
2986,Country A,41115.48
2987,Country A,30314.85
2988,Country A,31088.66
2989,Country A,34980.16
2990,Country A,39795.56
2991,Country A,39232.07
2992,Country A,33491.59
2993,Country A,31375.21
2994,Country A,40243.73
2995,Country A,35796.19
2996,Country A,39746.16
2997,Country A,48818.77
2998,Country A,37087.08
2999,Country A,44704.02
3000,Country A,30507.83
3001,Country A,36003.88
3002,Country A,34983.95
3003,Country A,28893.61
3004,Country A,38930.71
3005,Country A,30389.64
3006,Country A,39109.07
3007,Country A,32240.13
3008,Country A,33438.36
3009,Country A,34312.07
3010,Country A,29159.01
3011,Country A,42487.9
3012,Country A,33666.97
3013,Country A,41525.3
3014,Country A,35334.16
3015,Country A,35387.18
3016,Country A,30609.06
3017,Country A,39449.7
3018,Country A,36621.68
3019,Country A,33878.6
3020,Country A,40867.63
3021,Country A,38429.25
3022,Country A,36659.45
3023,Country A,36417.67
3024,Country A,43052.19
3025,Country A,35730.14
3026,Country A,49199.21
3027,Country A,38929.34
3028,Country A,35143.49
3029,Country A,42917.68
3030,Country A,29200.93
3031,Country A,43738.16
3032,Country A,26927.87
3033,Country A,41937.38
3034,Country A,44092.15
3035,Country A,28247.99
3036,Country A,34494.94
3037,Country A,31125.24
3038,Country A,36443.24
3039,Country A,32561.49
3040,Country A,33673.21
3041,Country A,31641.28
3042,Country A,42224.68
3043,Country A,41030.84
3044,Country A,39228.43
3045,Country A,37432.75
3046,Country A,38338.8
3047,Country A,34656.79
3048,Country A,51391.22
3049,Country A,36880.23
3050,Country A,39903.95
3051,Country A,40446.42
3052,Country A,41013.16
3053,Country A,44249.57
3054,Country A,34910.03
3055,Country A,27421.96
3056,Country A,50764.51
3057,Country A,34529.65
3058,Country A,34935.4
3059,Country A,45682.79
3060,Country A,39011.15
3061,Country A,30277.48
3062,Country A,37804.35
3063,Country A,28887.72
3064,Country A,35097.86
3065,Country A,26216.47
3066,Country A,38932.04
3067,Country A,28575.63
3068,Country A,30290.89
3069,Country A,27400.81
3070,Country A,40090.12
3071,Country A,30381.81
3072,Country A,28695.21
3073,Country A,24861.58
3074,Country A,44183.2
3075,Country A,34066.44
3076,Country A,30647.62
3077,Country A,32556.61
3078,Country A,27944.69
3079,Country A,45185.73
3080,Country A,33753.3
3081,Country A,33303.12
3082,Country A,40680.97
3083,Country A,42071.9
3084,Country A,40538.81
3085,Country A,31924.53
3086,Country A,28708.18
3087,Country A,32323.08
3088,Country A,35360.73
3089,Country A,34422.75
3090,Country A,41683.25
3091,Country A,40042.43
3092,Country A,33969.69
3093,Country A,38691.62
3094,Country A,36227.81
3095,Country A,36421.15
3096,Country A,37727.24
3097,Country A,46730.84
3098,Country A,35315.38
3099,Country A,32917.84
3100,Country A,29233.71
3101,Country A,36162.22
3102,Country A,48153.35
3103,Country A,38463.71
3104,Country A,34838.12
3105,Country A,43275.68
3106,Country A,28734.08
3107,Country A,29509.27
3108,Country A,45947.14
3109,Country A,35676.83
3110,Country A,42282.22
3111,Country A,36250.69
3112,Country A,42136.97
3113,Country A,53390.36
3114,Country A,43756.82
3115,Country A,30776.01
3116,Country A,33994.04
3117,Country A,32173.35
3118,Country A,32283.22
3119,Country A,41820.38
3120,Country A,38081.5
3121,Country A,45759.84
3122,Country A,42241.17
3123,Country A,33516.18
3124,Country A,38944.11
3125,Country A,45537.75
3126,Country A,37116.63
3127,Country A,34323
3128,Country A,30950.54
3129,Country A,41963.86
3130,Country A,43690.05
3131,Country A,35469.45
3132,Country A,38756.07
3133,Country A,40010.96
3134,Country A,31267.35
3135,Country A,46099.18
3136,Country A,29248.53
3137,Country A,38744.65
3138,Country A,39531.75
3139,Country A,38777.16
3140,Country A,36913.3
3141,Country A,36836.07
3142,Country A,32462.2
3143,Country A,34483.41
3144,Country A,35326.08
3145,Country A,25474.98
3146,Country A,38008.45
3147,Country A,37744.04
3148,Country A,33088.92
3149,Country A,43762.36
3150,Country A,29412.08
3151,Country A,35728.74
3152,Country A,44282.1
3153,Country A,42791.41
3154,Country A,54112.92
3155,Country A,41764.93
3156,Country A,36317.84
3157,Country A,31353.22
3158,Country A,46167.74
3159,Country A,30982.01
3160,Country A,36057.16
3161,Country A,37649.02
3162,Country A,36330.72
3163,Country A,37121.96
3164,Country A,38751.58
3165,Country A,37057.08
3166,Country A,33602.09
3167,Country A,28682.15
3168,Country A,36105.23
3169,Country A,38638.93
3170,Country A,37150.71
3171,Country A,43773.35
3172,Country A,44833.59
3173,Country A,32163.37
3174,Country A,41656.78
3175,Country A,33016.56
3176,Country A,44335.94
3177,Country A,41486.98
3178,Country A,33946.47
3179,Country A,27313.1
3180,Country A,46064.18
3181,Country A,35693.75
3182,Country A,33222.36
3183,Country A,33156.98
3184,Country A,46558.32
3185,Country A,55595.13
3186,Country A,39371.61
3187,Country A,33901.34
3188,Country A,43344.87
3189,Country A,39789.42
3190,Country A,40494.12
3191,Country A,39300.49
3192,Country A,36414.5
3193,Country A,49194.17
3194,Country A,35662.07
3195,Country A,44056.87
3196,Country A,36842.7
3197,Country A,48335.36
3198,Country A,29991.92
3199,Country A,37949.07
3200,Country A,42928.74
3201,Country A,37508.14
3202,Country A,37378.97
3203,Country A,36213.06
3204,Country A,42690.18
3205,Country A,47274.78
3206,Country A,32613.07
3207,Country A,39506.05
3208,Country A,49953.59
3209,Country A,31814.92
3210,Country A,40023.35
3211,Country A,38212.8
3212,Country A,42645.08
3213,Country A,32705.31
3214,Country A,38323.77
3215,Country A,30451.04
3216,Country A,34734.65
3217,Country A,35865.74
3218,Country A,28853.09
3219,Country A,44895.47
3220,Country A,35145.79
3221,Country A,35464.54
3222,Country A,33673.25
3223,Country A,36457.92
3224,Country A,35452.16
3225,Country A,32396.35
3226,Country A,29160.56
3227,Country A,41170.63
3228,Country A,42757.97
3229,Country A,38674.54
3230,Country A,41735.74
3231,Country A,28630.71
3232,Country A,32650.49
3233,Country A,37209.11
3234,Country A,34875.74
3235,Country A,32653.83
3236,Country A,30929.53
3237,Country A,35162.23
3238,Country A,36300.24
3239,Country A,30132.79
3240,Country A,40292.14
3241,Country A,33533.12
3242,Country A,44539.69
3243,Country A,31234.68
3244,Country A,36105.14
3245,Country A,45871.77
3246,Country A,35349.48
3247,Country A,39756.97
3248,Country A,30996.68
3249,Country A,40557.58
3250,Country A,38536.68
3251,Country A,39139.85
3252,Country A,36551.06
3253,Country A,30601.24
3254,Country A,27824.49
3255,Country A,41329.98
3256,Country A,44684.79
3257,Country A,40998.17
3258,Country A,36415.94
3259,Country A,30593.26
3260,Country A,34659.1
3261,Country A,37874.92
3262,Country A,51199.54
3263,Country A,34521.02
3264,Country A,40935.03
3265,Country A,37472.81
3266,Country A,30463.49
3267,Country A,39253.33
3268,Country A,32289.32
3269,Country A,41197.66
3270,Country A,40943.33
3271,Country A,37138.48
3272,Country A,36318.49
3273,Country A,37897.91
3274,Country A,42778.15
3275,Country A,49975.32
3276,Country A,31748.17
3277,Country A,32228.15
3278,Country A,48400.9
3279,Country A,36710.52
3280,Country A,33872.13
3281,Country A,40112.78
3282,Country A,50055.46
3283,Country A,34367.22
3284,Country A,39057.83
3285,Country A,40173.39
3286,Country A,35603.44
3287,Country A,44461.02
3288,Country A,37195.18
3289,Country A,31042.64
3290,Country A,40718.37
3291,Country A,41521.48
3292,Country A,38840.77
3293,Country A,39674.25
3294,Country A,42671.61
3295,Country A,37776.39
3296,Country A,35462.22
3297,Country A,27058.08
3298,Country A,39752.69
3299,Country A,33038.17
3300,Country A,37457.87
3301,Country A,33371.06
3302,Country A,29425.86
3303,Country A,25530.83
3304,Country A,36749.85
3305,Country A,43639.42
3306,Country A,36222.34
3307,Country A,42022.36
3308,Country A,47900.27
3309,Country A,32232.67
3310,Country A,35436.41
3311,Country A,33303.98
3312,Country A,36285.04
3313,Country A,32132.36
3314,Country A,31319.58
3315,Country A,34487.71
3316,Country A,42895.81
3317,Country A,32595.99
3318,Country A,33623.86
3319,Country A,34100.72
3320,Country A,29869.16
3321,Country A,32489.09
3322,Country A,31819.12
3323,Country A,29937.48
3324,Country A,37067.51
3325,Country A,34743.35
3326,Country A,33893.76
3327,Country A,45283.1
3328,Country A,33820.01
3329,Country A,33637.77
3330,Country A,28093.87
3331,Country A,41620.3
3332,Country A,37812.75
3333,Country A,36794.86
3334,Country A,39674.26
3335,Country A,39225.15
3336,Country A,32239.99
3337,Country A,45551.89
3338,Country A,33672.98
3339,Country A,32571.96
3340,Country A,32487.79
3341,Country A,27826.4
3342,Country A,39786.56
3343,Country A,33471.88
3344,Country A,39359.04
3345,Country A,28234.14
3346,Country A,33762.26
3347,Country A,37575.53
3348,Country A,31919.85
3349,Country A,42146.64
3350,Country A,25880.03
3351,Country A,34776.06
3352,Country A,37556.3
3353,Country A,30508.04
3354,Country A,32506.36
3355,Country A,31068.32
3356,Country A,37219.94
3357,Country A,40250.59
3358,Country A,31725.49
3359,Country A,43930.79
3360,Country A,30962.99
3361,Country A,40127.88
3362,Country A,35129.4
3363,Country A,38694.77
3364,Country A,32194.46
3365,Country A,40417.8
3366,Country A,39588.38
3367,Country A,39414.86
3368,Country A,38447.08
3369,Country A,30692.18
3370,Country A,37508.58
3371,Country A,37270.94
3372,Country A,36085.24
3373,Country A,40018.63
3374,Country A,41040.16
3375,Country A,48578.48
3376,Country A,40990.13
3377,Country A,33944.67
3378,Country A,35943.73
3379,Country A,36689.77
3380,Country A,41429.2
3381,Country A,42626.3
3382,Country A,38023.01
3383,Country A,36998.15
3384,Country A,34810.28
3385,Country A,28462.52
3386,Country A,35691.86
3387,Country A,36311.26
3388,Country A,36633.46
3389,Country A,35720.94
3390,Country A,35167.3
3391,Country A,32016.61
3392,Country A,32680.08
3393,Country A,27849.74
3394,Country A,47216.71
3395,Country A,38762.59
3396,Country A,32625.43
3397,Country A,33812.88
3398,Country A,39230.5
3399,Country A,38961.69
3400,Country A,30164.82
3401,Country A,38844.72
3402,Country A,34939.08
3403,Country A,32614.32
3404,Country A,35110.74
3405,Country A,37759.57
3406,Country A,44096.38
3407,Country A,28795.86
3408,Country A,31667.01
3409,Country A,27817.15
3410,Country A,33620.2
3411,Country A,41150.94
3412,Country A,42117.36
3413,Country A,43937.19
3414,Country A,39777.63
3415,Country A,40378.1
3416,Country A,30354.07
3417,Country A,33446.87
3418,Country A,44010.3
3419,Country A,32894.24
3420,Country A,38952.32
3421,Country A,33525.95
3422,Country A,34342.82
3423,Country A,31636.22
3424,Country A,34896.31
3425,Country A,37082.42
3426,Country A,37632.65
3427,Country A,37780.98
3428,Country A,36156.93
3429,Country A,35720.16
3430,Country A,43308.78
3431,Country A,36512.18
3432,Country A,37219.93
3433,Country A,45033.85
3434,Country A,32922.37
3435,Country A,31784.85
3436,Country A,43066.67
3437,Country A,53068.61
3438,Country A,36991.23
3439,Country A,43332.75
3440,Country A,32343.46
3441,Country A,33806.73
3442,Country A,42727.31
3443,Country A,30743.55
3444,Country A,31330.76
3445,Country A,48166.88
3446,Country A,28581.55
3447,Country A,41361.01
3448,Country A,43824.76
3449,Country A,44510.23
3450,Country A,36942.92
3451,Country A,37903.05
3452,Country A,38670.07
3453,Country A,38647.62
3454,Country A,36408.02
3455,Country A,33542.83
3456,Country A,37824.96
3457,Country A,41685.04
3458,Country A,37992.5
3459,Country A,36708.09
3460,Country A,36325.34
3461,Country A,29613.21
3462,Country A,41558.03
3463,Country A,38074.86
3464,Country A,38967.05
3465,Country A,38022.39
3466,Country A,36913.79
3467,Country A,40088.07
3468,Country A,41537.85
3469,Country A,25403.95
3470,Country A,39792.62
3471,Country A,43175.21
3472,Country A,34071.83
3473,Country A,41269.9
3474,Country A,45874.01
3475,Country A,45004.86
3476,Country A,29146.64
3477,Country A,23765.46
3478,Country A,37033.68
3479,Country A,39236.27
3480,Country A,38928.44
3481,Country A,41305.03
3482,Country A,29398.93
3483,Country A,33660.45
3484,Country A,40821.46
3485,Country A,32098.24
3486,Country A,42691.7
3487,Country A,38458.59
3488,Country A,50133.61
3489,Country A,37698.71
3490,Country A,36502.89
3491,Country A,39642.56
3492,Country A,29039.1
3493,Country A,42216.37
3494,Country A,40403.38
3495,Country A,48718.01
3496,Country A,47324.48
3497,Country A,37181.18
3498,Country A,38718.18
3499,Country A,33180.92
3500,Country A,45260.79
3501,Country A,36738.83
3502,Country A,30882.34
3503,Country A,43041.88
3504,Country A,42491.42
3505,Country A,41595.28
3506,Country A,41956.66
3507,Country A,40606.18
3508,Country A,42420.79
3509,Country A,37626.22
3510,Country A,46916.36
3511,Country A,38607.89
3512,Country A,43528.82
3513,Country A,33138.43
3514,Country A,28898.66
3515,Country A,38977.34
3516,Country A,32572.78
3517,Country A,24906.88
3518,Country A,38479.6
3519,Country A,40734.71
3520,Country A,42588.77
3521,Country A,31567.61
3522,Country A,34765.98
3523,Country A,47311.16
3524,Country A,39605.42
3525,Country A,34556.34
3526,Country A,45339.54
3527,Country A,37900.27
3528,Country A,32335.63
3529,Country A,31771.14
3530,Country A,37317.04
3531,Country A,41375.02
3532,Country A,39937.25
3533,Country A,40016.57
3534,Country A,31456.46
3535,Country A,39361.58
3536,Country A,40960.96
3537,Country A,28458.63
3538,Country A,48560.57
3539,Country A,40031.37
3540,Country A,38667.37
3541,Country A,34814.79
3542,Country A,33855.13
3543,Country A,31184.38
3544,Country A,34439.44
3545,Country A,37766.35
3546,Country A,32787.94
3547,Country A,33782.69
3548,Country A,29623.64
3549,Country A,32016.5
3550,Country A,41578.87
3551,Country A,27622.88
3552,Country A,36317.53
3553,Country A,33577.13
3554,Country A,36453.75
3555,Country A,42188.26
3556,Country A,34592.82
3557,Country A,34956.89
3558,Country A,34258.4
3559,Country A,33326.61
3560,Country A,39701.78
3561,Country A,36076.91
3562,Country A,34480.93
3563,Country A,35412.2
3564,Country A,36319
3565,Country A,44452.13
3566,Country A,29455.85
3567,Country A,37056.16
3568,Country A,32322.83
3569,Country A,36843.84
3570,Country A,37496.16
3571,Country A,41754.01
3572,Country A,34781.5
3573,Country A,32341.52
3574,Country A,42710.73
3575,Country A,29355.56
3576,Country A,50848.08
3577,Country A,29175.33
3578,Country A,41880.17
3579,Country A,46349.41
3580,Country A,27536.09
3581,Country A,28346.13
3582,Country A,44461.78
3583,Country A,32819.77
3584,Country A,38030.63
3585,Country A,69509.15
3586,Country A,35497.08
3587,Country A,37083.48
3588,Country A,29086.63
3589,Country A,39174.16
3590,Country A,28419.6
3591,Country A,40804.76
3592,Country A,28211.23
3593,Country A,30309.26
3594,Country A,31931.4
3595,Country A,40630.07
3596,Country A,44940.46
3597,Country A,42749.18
3598,Country A,28935.66
3599,Country A,34504.01
3600,Country A,33050.77
3601,Country A,29391.78
3602,Country A,36248.78
3603,Country A,40911.33
3604,Country A,38340.58
3605,Country A,45879.84
3606,Country A,36214.07
3607,Country A,34168.51
3608,Country A,37297.32
3609,Country A,33932.9
3610,Country A,37367.72
3611,Country A,35048.98
3612,Country A,37005.64
3613,Country A,32179.67
3614,Country A,37591.27
3615,Country A,44288.51
3616,Country A,26826.49
3617,Country A,32027.57
3618,Country A,36430.96
3619,Country A,31355.46
3620,Country A,41735.61
3621,Country A,35403.99
3622,Country A,38947.54
3623,Country A,36718.01
3624,Country A,27398.16
3625,Country A,28780.18
3626,Country A,37900.66
3627,Country A,35570.57
3628,Country A,41647.34
3629,Country A,41765.52
3630,Country A,27835.18
3631,Country A,35548.37
3632,Country A,39471.35
3633,Country A,40436.3
3634,Country A,40663.19
3635,Country A,39351.42
3636,Country A,48743.61
3637,Country A,29298.64
3638,Country A,29636.16
3639,Country A,31093.17
3640,Country A,42152.66
3641,Country A,47950.22
3642,Country A,36461.87
3643,Country A,31481.84
3644,Country A,30755.36
3645,Country A,41394.46
3646,Country A,38080.85
3647,Country A,38081.44
3648,Country A,26200.7
3649,Country A,26509.48
3650,Country A,37823.23
3651,Country A,49292.14
3652,Country A,36130.89
3653,Country A,39859.36
3654,Country A,37525.73
3655,Country A,29124.27
3656,Country A,43693.56
3657,Country A,44013.51
3658,Country A,46963.48
3659,Country A,29358.53
3660,Country A,32052.49
3661,Country A,51514.93
3662,Country A,27539.28
3663,Country A,34024.73
3664,Country A,40381.38
3665,Country A,37932.76
3666,Country A,37951.78
3667,Country A,32068.37
3668,Country A,41172.71
3669,Country A,29207.1
3670,Country A,33454.16
3671,Country A,35113.25
3672,Country A,31764.47
3673,Country A,41461.42
3674,Country A,36146.07
3675,Country A,40626.77
3676,Country A,37088.84
3677,Country A,34176.01
3678,Country A,40954.17
3679,Country A,49186.37
3680,Country A,40645.39
3681,Country A,41523.47
3682,Country A,36185.09
3683,Country A,43731.59
3684,Country A,37110.21
3685,Country A,38359.85
3686,Country A,37712.25
3687,Country A,33693.55
3688,Country A,40029.3
3689,Country A,29028.2
3690,Country A,34884.57
3691,Country A,30249.34
3692,Country A,29400.71
3693,Country A,38149.65
3694,Country A,29346.59
3695,Country A,35913.53
3696,Country A,34772.87
3697,Country A,28948
3698,Country A,27989.21
3699,Country A,38978.63
3700,Country A,38598.75
3701,Country A,34298.42
3702,Country A,33007.22
3703,Country A,29149.82
3704,Country A,31519.89
3705,Country A,28915.21
3706,Country A,44716.64
3707,Country A,27344.94
3708,Country A,29113.27
3709,Country A,39414.85
3710,Country A,28296.92
3711,Country A,42753.55
3712,Country A,37435.75
3713,Country A,45183.61
3714,Country A,35896.74
3715,Country A,37990.71
3716,Country A,39395.98
3717,Country A,37652.33
3718,Country A,37611.66
3719,Country A,38199.92
3720,Country A,33625.9
3721,Country A,34829.86
3722,Country A,46733.3
3723,Country A,38336.56
3724,Country A,40127.15
3725,Country A,34257.66
3726,Country A,42149.65
3727,Country A,40195.36
3728,Country A,35238.39
3729,Country A,37921.38
3730,Country A,32882.31
3731,Country A,41642.61
3732,Country A,33778.28
3733,Country A,39952.89
3734,Country A,45818.31
3735,Country A,48735.41
3736,Country A,31899.36
3737,Country A,32947.78
3738,Country A,39168.34
3739,Country A,33090.88
3740,Country A,32853.16
3741,Country A,49114.17
3742,Country A,48644.25
3743,Country A,40392.37
3744,Country A,44710.28
3745,Country A,32953.2
3746,Country A,36489.45
3747,Country A,41712.8
3748,Country A,43858.51
3749,Country A,31733.07
3750,Country A,29645.16
3751,Country A,52399.6
3752,Country A,51743.46
3753,Country A,45409.26
3754,Country A,41760.78
3755,Country A,29415.05
3756,Country A,44261.41
3757,Country A,34616.52
3758,Country A,37056.12
3759,Country A,24442.82
3760,Country A,43719.62
3761,Country A,37576.01
3762,Country A,30880.32
3763,Country A,35927.44
3764,Country A,29722.25
3765,Country A,33320.66
3766,Country A,40485.3
3767,Country A,38361.69
3768,Country A,40360.78
3769,Country A,34295.41
3770,Country A,48661.8
3771,Country A,30753.82
3772,Country A,41928.8
3773,Country A,39382.72
3774,Country A,33520.41
3775,Country A,40392.95
3776,Country A,52036.98
3777,Country A,33685.63
3778,Country A,30251.9
3779,Country A,31077.56
3780,Country A,36880.94
3781,Country A,32030.95
3782,Country A,30783.7
3783,Country A,32571.64
3784,Country A,42063.12
3785,Country A,38121.58
3786,Country A,24218.16
3787,Country A,35659.97
3788,Country A,34298.52
3789,Country A,33966.85
3790,Country A,32042.74
3791,Country A,44678.24
3792,Country A,31358.95
3793,Country A,36768.13
3794,Country A,42675.61
3795,Country A,39004.45
3796,Country A,36277.79
3797,Country A,30716.96
3798,Country A,27971.98
3799,Country A,32476.46
3800,Country A,41146.88
3801,Country A,33668.36
3802,Country A,35213.72
3803,Country A,36298
3804,Country A,43592.17
3805,Country A,32733.65
3806,Country A,32982.45
3807,Country A,41795.12
3808,Country A,35178.37
3809,Country A,40181.46
3810,Country A,37673.19
3811,Country A,48653.37
3812,Country A,40356.93
3813,Country A,33451.05
3814,Country A,35188.09
3815,Country A,41800.32
3816,Country A,37476.08
3817,Country A,28184.95
3818,Country A,37090.5
3819,Country A,41940.91
3820,Country A,31132.91
3821,Country A,40900.05
3822,Country A,31139.9
3823,Country A,37916.44
3824,Country A,39281.91
3825,Country A,27673.92
3826,Country A,35458.62
3827,Country A,36224.08
3828,Country A,30488.42
3829,Country A,35531.65
3830,Country A,36433.66
3831,Country A,31142.28
3832,Country A,39287.09
3833,Country A,32414.46
3834,Country A,30478.07
3835,Country A,42523.77
3836,Country A,35302.91
3837,Country A,45165.98
3838,Country A,29639.26
3839,Country A,36823.65
3840,Country A,35061.36
3841,Country A,28502.83
3842,Country A,40512.1
3843,Country A,38830.18
3844,Country A,38011.23
3845,Country A,34703.54
3846,Country A,43635.66
3847,Country A,34850.08
3848,Country A,32181.12
3849,Country A,37815.31
3850,Country A,32826.16
3851,Country A,24459.7
3852,Country A,37846.75
3853,Country A,35123.26
3854,Country A,40053.43
3855,Country A,39372.99
3856,Country A,37678.82
3857,Country A,34391.78
3858,Country A,32357.62
3859,Country A,40152.37
3860,Country A,47485.38
3861,Country A,31776.71
3862,Country A,43698.09
3863,Country A,48041.06
3864,Country A,45934.47
3865,Country A,34114.25
3866,Country A,36969.26
3867,Country A,28737.66
3868,Country A,34929.25
3869,Country A,33570.54
3870,Country A,41480.82
3871,Country A,32382.59
3872,Country A,32934.38
3873,Country A,36805.03
3874,Country A,31793.59
3875,Country A,28104.62
3876,Country A,38775.19
3877,Country A,28063.89
3878,Country A,34556.13
3879,Country A,43073.25
3880,Country A,38502.58
3881,Country A,39627.11
3882,Country A,31247.82
3883,Country A,30018.5
3884,Country A,41096.78
3885,Country A,30246.9
3886,Country A,44322.78
3887,Country A,38329.02
3888,Country A,36579.31
3889,Country A,38047.35
3890,Country A,30085.78
3891,Country A,39033.2
3892,Country A,42364.36
3893,Country A,31494.91
3894,Country A,35371.75
3895,Country A,31963.99
3896,Country A,36842.09
3897,Country A,34009.85
3898,Country A,42066.75
3899,Country A,30420.09
3900,Country A,35769.14
3901,Country A,36539.86
3902,Country A,27667.07
3903,Country A,34957.95
3904,Country A,31634.01
3905,Country A,32865.74
3906,Country A,40409.27
3907,Country A,40957.11
3908,Country A,29982.56
3909,Country A,35792.32
3910,Country A,28641.53
3911,Country A,41192.37
3912,Country A,33399.99
3913,Country A,42112
3914,Country A,30045.55
3915,Country A,43994.94
3916,Country A,33143.54
3917,Country A,32207.12
3918,Country A,33968.63
3919,Country A,30857.18
3920,Country A,26125.77
3921,Country A,36381.49
3922,Country A,47678.22
3923,Country A,36834.75
3924,Country A,37789.56
3925,Country A,46887.69
3926,Country A,34960.07
3927,Country A,31821.43
3928,Country A,38212.61
3929,Country A,36016.01
3930,Country A,34656.34
3931,Country A,37618.39
3932,Country A,34783.47
3933,Country A,32278.87
3934,Country A,28093.54
3935,Country A,31411.79
3936,Country A,32658.34
3937,Country A,37855.18
3938,Country A,35020.36
3939,Country A,32441.86
3940,Country A,29762.54
3941,Country A,36512.53
3942,Country A,43063.11
3943,Country A,32334.85
3944,Country A,43379.05
3945,Country A,32977.06
3946,Country A,52917.06
3947,Country A,34170.51
3948,Country A,41929.33
3949,Country A,38995.73
3950,Country A,35491.1
3951,Country A,30884.42
3952,Country A,37810.61
3953,Country A,42311.21
3954,Country A,35635.45
3955,Country A,35094.09
3956,Country A,48142.09
3957,Country A,32109.54
3958,Country A,34742.51
3959,Country A,33240.63
3960,Country A,47818.8
3961,Country A,42097.91
3962,Country A,38255.1
3963,Country A,34518.4
3964,Country A,43553.25
3965,Country A,40718.83
3966,Country A,38467.35
3967,Country A,35644.89
3968,Country A,37547.92
3969,Country A,27760.92
3970,Country A,24776.32
3971,Country A,39800.79
3972,Country A,45015.65
3973,Country A,33113.77
3974,Country A,45741.3
3975,Country A,40349.74
3976,Country A,45132.39
3977,Country A,45062.07
3978,Country A,34768.67
3979,Country A,39273.91
3980,Country A,37208.67
3981,Country A,31828.19
3982,Country A,37982
3983,Country A,34128.55
3984,Country A,41427.75
3985,Country A,38761.4
3986,Country A,36859.52
3987,Country A,44777.5
3988,Country A,39086.99
3989,Country A,46288.25
3990,Country A,25625.48
3991,Country A,40766.2
3992,Country A,28976.88
3993,Country A,39316.92
3994,Country A,31667.1
3995,Country A,35723.69
3996,Country A,37733.05
3997,Country A,44743.98
3998,Country A,36367.99
3999,Country A,44060.51
4000,Country A,40426.99
4001,Country A,31624.26
4002,Country A,33712.62
4003,Country A,22775.27
4004,Country A,32731.26
4005,Country A,37980.77
4006,Country A,35943.34
4007,Country A,31880.28
4008,Country A,32852.35
4009,Country A,37250.17
4010,Country A,36712.65
4011,Country A,26114.48
4012,Country A,31630.14
4013,Country A,35926.4
4014,Country A,41396.76
4015,Country A,26698.66
4016,Country A,35920.46
4017,Country A,29903.65
4018,Country A,40908.18
4019,Country A,33956.24
4020,Country A,34231.04
4021,Country A,32029.89
4022,Country A,28765.07
4023,Country A,29957.84
4024,Country A,33935.88
4025,Country A,39345.47
4026,Country A,38297.16
4027,Country A,47307.5
4028,Country A,37793.83
4029,Country A,33717.16
4030,Country A,39405.89
4031,Country A,34528.9
4032,Country A,44411.71
4033,Country A,36714.74
4034,Country A,51697.61
4035,Country A,25835.65
4036,Country A,30004.44
4037,Country A,40618.38
4038,Country A,39854.49
4039,Country A,36263.2
4040,Country A,26434.12
4041,Country A,31938.78
4042,Country A,42570.18
4043,Country A,42212.24
4044,Country A,33488.19
4045,Country A,34096.61
4046,Country A,28709.27
4047,Country A,35739.48
4048,Country A,38580.42
4049,Country A,39725.99
4050,Country A,49027.35
4051,Country A,44898.24
4052,Country A,41255.48
4053,Country A,30168.6
4054,Country A,36554.88
4055,Country A,40786.03
4056,Country A,31920.31
4057,Country A,31160.35
4058,Country A,28809.28
4059,Country A,36189.9
4060,Country A,31243.88
4061,Country A,31790.95
4062,Country A,33620.51
4063,Country A,36078.66
4064,Country A,38069.31
4065,Country A,31952.31
4066,Country A,35390.01
4067,Country A,42196.27
4068,Country A,39698.23
4069,Country A,53075.82
4070,Country A,32074.01
4071,Country A,36901.81
4072,Country A,35970.38
4073,Country A,48632.12
4074,Country A,33521.51
4075,Country A,32568.03
4076,Country A,41597.78
4077,Country A,43471.15
4078,Country A,42013.64
4079,Country A,31399.61
4080,Country A,34498.22
4081,Country A,52328.48
4082,Country A,27466.18
4083,Country A,47748.65
4084,Country A,41027.67
4085,Country A,33094.56
4086,Country A,34783.74
4087,Country A,31287.13
4088,Country A,34367.8
4089,Country A,38530.46
4090,Country A,40050.3
4091,Country A,27016.11
4092,Country A,34418.56
4093,Country A,34588.77
4094,Country A,32607.62
4095,Country A,41002.03
4096,Country A,42878.94
4097,Country A,39779.49
4098,Country A,31769.09
4099,Country A,36632.51
4100,Country A,39570.04
4101,Country A,38662.91
4102,Country A,30069.55
4103,Country A,34852.53
4104,Country A,32683.72
4105,Country A,36554.68
4106,Country A,36155.68
4107,Country A,31661.45
4108,Country A,51451.05
4109,Country A,44890.12
4110,Country A,43997.46
4111,Country A,29076.78
4112,Country A,42191.18
4113,Country A,33917.81
4114,Country A,36763.44
4115,Country A,24703.98
4116,Country A,34695.83
4117,Country A,39233.28
4118,Country A,26617.08
4119,Country A,36155.01
4120,Country A,33757.79
4121,Country A,47927.83
4122,Country A,35600.61
4123,Country A,34276.52
4124,Country A,38021.6
4125,Country A,31416.79
4126,Country A,38502.66
4127,Country A,37979.32
4128,Country A,26944.68
4129,Country A,34852.86
4130,Country A,33354.67
4131,Country A,33891.17
4132,Country A,32901.84
4133,Country A,44294.25
4134,Country A,33126.93
4135,Country A,39826.58
4136,Country A,43017.77
4137,Country A,32887.92
4138,Country A,35311.57
4139,Country A,26547.47
4140,Country A,38058.71
4141,Country A,31271.99
4142,Country A,41390.82
4143,Country A,38011.66
4144,Country A,39484.76
4145,Country A,41368.84
4146,Country A,35763.38
4147,Country A,37363.85
4148,Country A,39585.37
4149,Country A,34814.06
4150,Country A,33404.6
4151,Country A,41192.6
4152,Country A,36467.28
4153,Country A,40621.78
4154,Country A,38434.72
4155,Country A,33933.64
4156,Country A,35696.32
4157,Country A,38268.8
4158,Country A,35809.76
4159,Country A,33521.11
4160,Country A,28468.57
4161,Country A,41345.55
4162,Country A,31881.61
4163,Country A,34057.06
4164,Country A,34525.25
4165,Country A,38678.95
4166,Country A,35810.24
4167,Country A,34349.08
4168,Country A,32377.26
4169,Country A,40539.65
4170,Country A,36848.83
4171,Country A,52734.52
4172,Country A,26860.13
4173,Country A,46242.84
4174,Country A,32021.09
4175,Country A,34899.6
4176,Country A,40475.32
4177,Country A,39961.73
4178,Country A,37883.56
4179,Country A,34251.01
4180,Country A,33054.42
4181,Country A,55175.4
4182,Country A,23127.36
4183,Country A,38432.67
4184,Country A,38680.62
4185,Country A,35936.33
4186,Country A,37205.2
4187,Country A,38565.5
4188,Country A,38117.05
4189,Country A,38870.22
4190,Country A,48155.54
4191,Country A,30048.51
4192,Country A,35849.74
4193,Country A,34559.65
4194,Country A,37130.73
4195,Country A,36043.97
4196,Country A,30713.1
4197,Country A,34355.97
4198,Country A,37728.94
4199,Country A,35942.84
4200,Country A,39763.5
4201,Country A,40475.53
4202,Country A,33705.36
4203,Country A,31812.66
4204,Country A,34049.21
4205,Country A,34983.9
4206,Country A,29813.44
4207,Country A,29414.99
4208,Country A,30715.17
4209,Country A,42522.07
4210,Country A,40168.57
4211,Country A,41586.94
4212,Country A,34108.39
4213,Country A,31173.63
4214,Country A,37365.5
4215,Country A,43540.56
4216,Country A,35025.58
4217,Country A,38220.74
4218,Country A,37789.52
4219,Country A,41448.94
4220,Country A,34754.28
4221,Country A,37908.29
4222,Country A,33509.02
4223,Country A,39337.42
4224,Country A,32449.76
4225,Country A,36927.2
4226,Country A,43685.79
4227,Country A,35600.15
4228,Country A,50245.73
4229,Country A,34659.22
4230,Country A,39306.55
4231,Country A,29905.4
4232,Country A,35640.46
4233,Country A,29589.73
4234,Country A,32451.42
4235,Country A,30203.81
4236,Country A,28085.92
4237,Country A,34537.64
4238,Country A,27568.43
4239,Country A,34749.41
4240,Country A,42358.3
4241,Country A,37290.84
4242,Country A,31383.88
4243,Country A,31381.61
4244,Country A,40677.63
4245,Country A,27257.83
4246,Country A,35945.43
4247,Country A,28897.11
4248,Country A,36880.47
4249,Country A,28388.45
4250,Country A,38258.32
4251,Country A,30700.17
4252,Country A,38589.88
4253,Country A,43690.31
4254,Country A,28732.05
4255,Country A,31968.13
4256,Country A,30470.67
4257,Country A,37307.11
4258,Country A,42017.47
4259,Country A,37199.38
4260,Country A,59572.59
4261,Country A,35768.78
4262,Country A,37153.94
4263,Country A,35505.49
4264,Country A,39834.23
4265,Country A,35537.26
4266,Country A,34980.36
4267,Country A,33735.18
4268,Country A,32286.35
4269,Country A,44408.27
4270,Country A,39839.77
4271,Country A,44577
4272,Country A,33676.82
4273,Country A,37951.04
4274,Country A,38411.56
4275,Country A,28411.59
4276,Country A,42082.43
4277,Country A,36613.29
4278,Country A,39112.63
4279,Country A,39977.93
4280,Country A,37318.54
4281,Country A,29229.49
4282,Country A,40175.11
4283,Country A,40300.59
4284,Country A,35315.07
4285,Country A,40644.24
4286,Country A,36561.56
4287,Country A,28275.79
4288,Country A,39925.35
4289,Country A,38139.28
4290,Country A,42780.62
4291,Country A,30289.14
4292,Country A,32522.47
4293,Country A,29768.71
4294,Country A,32515.57
4295,Country A,39998.29
4296,Country A,41263.45
4297,Country A,34778.77
4298,Country A,32992.36
4299,Country A,30768.79
4300,Country A,47814.34
4301,Country A,42056.61
4302,Country A,30767.1
4303,Country A,37130.36
4304,Country A,35074.11
4305,Country A,36430.96
4306,Country A,38362.59
4307,Country A,50415.28
4308,Country A,42660.73
4309,Country A,38541.99
4310,Country A,31577.84
4311,Country A,46015.42
4312,Country A,39930.18
4313,Country A,38034.91
4314,Country A,34449.53
4315,Country A,29065.39
4316,Country A,41619.79
4317,Country A,35529.54
4318,Country A,43032.6
4319,Country A,42718.81
4320,Country A,35951.03
4321,Country A,33975.95
4322,Country A,44995.2
4323,Country A,39794.41
4324,Country A,37536.11
4325,Country A,44125.27
4326,Country A,48841.23
4327,Country A,29351.27
4328,Country A,38377.93
4329,Country A,42628.91
4330,Country A,32946.25
4331,Country A,33585.24
4332,Country A,29762.91
4333,Country A,35943.63
4334,Country A,32978.14
4335,Country A,30409.97
4336,Country A,47081.27
4337,Country A,30293.57
4338,Country A,36607.04
4339,Country A,36816.49
4340,Country A,39476.61
4341,Country A,30741.56
4342,Country A,38112.09
4343,Country A,51494.67
4344,Country A,45400.2
4345,Country A,32579.53
4346,Country A,34807.18
4347,Country A,37986.71
4348,Country A,40459.51
4349,Country A,38634.34
4350,Country A,35249.06
4351,Country A,40857.62
4352,Country A,33444.83
4353,Country A,36993.24
4354,Country A,38143.08
4355,Country A,36694.61
4356,Country A,41269.13
4357,Country A,32488.99
4358,Country A,33156.02
4359,Country A,37737.74
4360,Country A,33904.62
4361,Country A,39814.58
4362,Country A,30184.59
4363,Country A,34694.25
4364,Country A,27384.05
4365,Country A,48111.43
4366,Country A,37913.52
4367,Country A,37387.23
4368,Country A,34164.6
4369,Country A,34900.92
4370,Country A,27758.46
4371,Country A,35888.89
4372,Country A,34439.61
4373,Country A,38748.17
4374,Country A,33284.95
4375,Country A,38198.56
4376,Country A,37746.29
4377,Country A,46649.49
4378,Country A,39135.24
4379,Country A,42032.34
4380,Country A,39668.91
4381,Country A,32561.28
4382,Country A,33460.05
4383,Country A,35283.5
4384,Country A,30201.37
4385,Country A,42319.57
4386,Country A,35953.34
4387,Country A,36650.38
4388,Country A,37687.68
4389,Country A,43581.33
4390,Country A,34538.41
4391,Country A,31236.83
4392,Country A,39694.04
4393,Country A,30793.55
4394,Country A,35410.86
4395,Country A,36704.7
4396,Country A,28323.96
4397,Country A,36065.9
4398,Country A,42896.57
4399,Country A,39848.19
4400,Country A,39580.37
4401,Country A,35994.16
4402,Country A,38797.58
4403,Country A,33845.96
4404,Country A,45109.85
4405,Country A,35296.54
4406,Country A,46998.09
4407,Country A,26845.98
4408,Country A,33865.67
4409,Country A,37789.38
4410,Country A,48882.97
4411,Country A,31667.63
4412,Country A,37687.48
4413,Country A,32767.99
4414,Country A,32612.83
4415,Country A,42362.09
4416,Country A,35751.91
4417,Country A,30558.88
4418,Country A,37164.97
4419,Country A,38633.29
4420,Country A,32625.94
4421,Country A,34732.44
4422,Country A,44590.9
4423,Country A,35269.12
4424,Country A,24383.07
4425,Country A,41093.15
4426,Country A,32925.83
4427,Country A,36627.84
4428,Country A,39585.15
4429,Country A,25669.9
4430,Country A,46940.43
4431,Country A,48608.28
4432,Country A,31955.38
4433,Country A,41970
4434,Country A,54787.09
4435,Country A,30935.65
4436,Country A,40917.74
4437,Country A,31295.83
4438,Country A,33142.97
4439,Country A,34369.79
4440,Country A,35361.23
4441,Country A,45742.2
4442,Country A,43189.71
4443,Country A,42571.69
4444,Country A,38875.14
4445,Country A,41761.99
4446,Country A,35361.12
4447,Country A,33618.22
4448,Country A,31569.87
4449,Country A,31631.34
4450,Country A,41497.13
4451,Country A,33732.82
4452,Country A,30364.42
4453,Country A,46293.87
4454,Country A,46094.09
4455,Country A,43227.19
4456,Country A,35847.78
4457,Country A,28328.82
4458,Country A,41770.93
4459,Country A,37128.61
4460,Country A,32983.33
4461,Country A,36682.93
4462,Country A,34356.45
4463,Country A,42443.83
4464,Country A,29737.8
4465,Country A,43690.69
4466,Country A,34408.44
4467,Country A,40023.48
4468,Country A,32470.57
4469,Country A,40080.64
4470,Country A,28559.11
4471,Country A,30970.57
4472,Country A,44286.3
4473,Country A,24620.94
4474,Country A,40282.26
4475,Country A,36389.33
4476,Country A,30207.2
4477,Country A,33426.27
4478,Country A,37767.3
4479,Country A,35376.78
4480,Country A,38828.81
4481,Country A,38609.93
4482,Country A,50997.77
4483,Country A,33787.58
4484,Country A,39560.64
4485,Country A,35119.56
4486,Country A,29716.62
4487,Country A,38551.38
4488,Country A,28291.78
4489,Country A,40712.25
4490,Country A,36758.93
4491,Country A,39928.3
4492,Country A,31711.47
4493,Country A,34491.32
4494,Country A,31167.02
4495,Country A,42421.24
4496,Country A,29197.24
4497,Country A,41130.83
4498,Country A,37948.85
4499,Country A,41583.07
4500,Country A,37730.29
4501,Country A,41210.49
4502,Country A,35487.69
4503,Country A,31419.83
4504,Country A,26672.02
4505,Country A,45993.48
4506,Country A,44029.86
4507,Country A,27884.39
4508,Country A,42767.62
4509,Country A,33348.6
4510,Country A,39244.6
4511,Country A,33592.41
4512,Country A,46238.29
4513,Country A,44397.57
4514,Country A,43069.62
4515,Country A,33950
4516,Country A,34469.6
4517,Country A,37214.25
4518,Country A,33618.46
4519,Country A,30527.68
4520,Country A,35285.47
4521,Country A,30945.37
4522,Country A,38147.25
4523,Country A,33876.06
4524,Country A,34596.06
4525,Country A,28292.4
4526,Country A,46919.67
4527,Country A,35621.7
4528,Country A,34821.03
4529,Country A,43313.07
4530,Country A,31230.41
4531,Country A,32563.39
4532,Country A,40453.98
4533,Country A,41076.85
4534,Country A,28083.82
4535,Country A,36917.33
4536,Country A,37293.47
4537,Country A,37273.72
4538,Country A,42614.91
4539,Country A,29442.76
4540,Country A,34220.99
4541,Country A,29472.28
4542,Country A,35215.14
4543,Country A,30453.45
4544,Country A,35000.01
4545,Country A,37861.38
4546,Country A,39873.94
4547,Country A,35369.98
4548,Country A,36404.38
4549,Country A,36028.89
4550,Country A,34183.71
4551,Country A,36375.69
4552,Country A,28783.38
4553,Country A,29444.65
4554,Country A,34650.72
4555,Country A,27930.63
4556,Country A,39592.89
4557,Country A,29524.55
4558,Country A,35762.99
4559,Country A,35749.71
4560,Country A,47795.88
4561,Country A,31406.58
4562,Country A,30035.94
4563,Country A,46349.07
4564,Country A,27771.14
4565,Country A,34079.19
4566,Country A,42300.57
4567,Country A,36284.46
4568,Country A,37078.9
4569,Country A,43958.4
4570,Country A,39451.57
4571,Country A,29868.53
4572,Country A,37283
4573,Country A,32213.88
4574,Country A,40297.05
4575,Country A,37064.19
4576,Country A,36325.31
4577,Country A,27315.04
4578,Country A,39470.78
4579,Country A,38039.38
4580,Country A,28847.26
4581,Country A,32512.66
4582,Country A,33397.52
4583,Country A,39803.77
4584,Country A,28701.91
4585,Country A,29981.13
4586,Country A,38679.19
4587,Country A,36449.23
4588,Country A,34493.52
4589,Country A,37820.42
4590,Country A,34970.11
4591,Country A,27650.37
4592,Country A,30346.39
4593,Country A,39062.96
4594,Country A,30510.17
4595,Country A,45114.33
4596,Country A,45361.28
4597,Country A,29125.42
4598,Country A,42509.85
4599,Country A,37055.34
4600,Country A,37721.52
4601,Country A,36755.41
4602,Country A,38330.98
4603,Country A,34204.87
4604,Country A,33343.95
4605,Country A,47183.58
4606,Country A,31854.39
4607,Country A,32689.68
4608,Country A,30712.44
4609,Country A,37875.81
4610,Country A,33050.22
4611,Country A,36818.94
4612,Country A,38050.57
4613,Country A,52598.49
4614,Country A,29934.4
4615,Country A,43539.47
4616,Country A,37014.96
4617,Country A,30246.53
4618,Country A,48635.66
4619,Country A,44720.06
4620,Country A,39157.45
4621,Country A,47954.47
4622,Country A,38210.25
4623,Country A,34764
4624,Country A,42056.42
4625,Country A,43942.28
4626,Country A,27605.23
4627,Country A,38473.73
4628,Country A,42651.87
4629,Country A,39395.68
4630,Country A,34745.16
4631,Country A,33418.95
4632,Country A,34519.03
4633,Country A,37335.49
4634,Country A,34622.29
4635,Country A,36865.13
4636,Country A,39704.49
4637,Country A,40618.67
4638,Country A,35509.52
4639,Country A,31502.22
4640,Country A,35864.12
4641,Country A,36844.42
4642,Country A,26601.71
4643,Country A,27304.68
4644,Country A,34779.7
4645,Country A,32257.28
4646,Country A,33827.86
4647,Country A,32800.64
4648,Country A,26297.56
4649,Country A,34837.45
4650,Country A,34050.76
4651,Country A,34531.96
4652,Country A,32414.4
4653,Country A,44758.35
4654,Country A,34133.26
4655,Country A,32714.49
4656,Country A,36866.95
4657,Country A,37168.56
4658,Country A,38612.39
4659,Country A,28060.03
4660,Country A,41496.42
4661,Country A,35553.44
4662,Country A,37352.72
4663,Country A,34305.22
4664,Country A,33924.57
4665,Country A,38392.33
4666,Country A,37902.9
4667,Country A,35747.63
4668,Country A,39619.66
4669,Country A,43237.58
4670,Country A,31626.78
4671,Country A,33973.89
4672,Country A,35455.69
4673,Country A,30017.9
4674,Country A,41602.15
4675,Country A,36014.63
4676,Country A,30368.43
4677,Country A,37455.19
4678,Country A,35103.52
4679,Country A,33640.77
4680,Country A,32487.88
4681,Country A,48211.41
4682,Country A,43697.58
4683,Country A,33353.81
4684,Country A,37721.67
4685,Country A,37313.47
4686,Country A,40601.6
4687,Country A,33780.98
4688,Country A,46773.33
4689,Country A,40378.65
4690,Country A,39895.81
4691,Country A,34058.83
4692,Country A,42284.12
4693,Country A,40287.88
4694,Country A,39907.85
4695,Country A,32506.82
4696,Country A,38136.91
4697,Country A,35556.03
4698,Country A,36634.21
4699,Country A,36899.07
4700,Country A,29949.57
4701,Country A,37810.63
4702,Country A,29773.23
4703,Country A,37518.25
4704,Country A,46065.79
4705,Country A,43261.71
4706,Country A,38417.7
4707,Country A,30970.2
4708,Country A,33600.78
4709,Country A,36466.17
4710,Country A,32851.98
4711,Country A,36645.62
4712,Country A,31403.21
4713,Country A,39311.08
4714,Country A,35663.09
4715,Country A,32570.58
4716,Country A,32519.59
4717,Country A,34195.32
4718,Country A,37502.89
4719,Country A,37119.46
4720,Country A,35598.29
4721,Country A,31985.7
4722,Country A,43714.78
4723,Country A,37846.22
4724,Country A,33794.07
4725,Country A,35645.25
4726,Country A,39219.13
4727,Country A,27736.41
4728,Country A,30118.74
4729,Country A,31558.6
4730,Country A,41305.05
4731,Country A,35248.59
4732,Country A,40180.03
4733,Country A,34023.17
4734,Country A,43842.53
4735,Country A,42971.95
4736,Country A,38174.93
4737,Country A,30064.21
4738,Country A,35064.41
4739,Country A,29582.48
4740,Country A,28671.06
4741,Country A,32052.7
4742,Country A,41321.1
4743,Country A,43081.74
4744,Country A,37656.23
4745,Country A,40104.4
4746,Country A,32405
4747,Country A,35331.2
4748,Country A,30112.3
4749,Country A,35391.6
4750,Country A,50742.59
4751,Country A,37942.07
4752,Country A,37041.85
4753,Country A,45317.47
4754,Country A,47746.62
4755,Country A,36644.91
4756,Country A,41699.19
4757,Country A,32608.85
4758,Country A,26301.51
4759,Country A,35769.27
4760,Country A,33400.28
4761,Country A,42702.93
4762,Country A,42014.67
4763,Country A,39172.92
4764,Country A,39338.14
4765,Country A,38711.27
4766,Country A,37116.78
4767,Country A,35803.78
4768,Country A,33955.12
4769,Country A,35323.79
4770,Country A,35178.36
4771,Country A,34246.24
4772,Country A,38235.01
4773,Country A,38799.49
4774,Country A,52432.94
4775,Country A,39184.02
4776,Country A,38446.31
4777,Country A,38510.72
4778,Country A,30027.98
4779,Country A,35535.95
4780,Country A,32782.34
4781,Country A,30941.01
4782,Country A,28877.39
4783,Country A,40969.06
4784,Country A,39373.92
4785,Country A,36166.63
4786,Country A,27912.63
4787,Country A,34358.37
4788,Country A,38480.14
4789,Country A,37443.86
4790,Country A,31342.36
4791,Country A,42894.8
4792,Country A,28184.13
4793,Country A,36950.68
4794,Country A,34350.3
4795,Country A,32123.6
4796,Country A,28819.51
4797,Country A,40236.02
4798,Country A,33606.98
4799,Country A,32188.22
4800,Country A,29311.31
4801,Country A,44545.69
4802,Country A,39476.4
4803,Country A,38034.66
4804,Country A,37036.4
4805,Country A,34600.61
4806,Country A,34917.92
4807,Country A,42098.62
4808,Country A,32125.16
4809,Country A,49003.79
4810,Country A,32088.9
4811,Country A,44771.95
4812,Country A,33329.41
4813,Country A,39216.11
4814,Country A,31162.33
4815,Country A,33853.87
4816,Country A,30632.59
4817,Country A,35185.52
4818,Country A,39763.12
4819,Country A,44625.67
4820,Country A,28334.53
4821,Country A,41168.67
4822,Country A,43925.63
4823,Country A,36868.87
4824,Country A,32923.37
4825,Country A,40589.87
4826,Country A,42012.24
4827,Country A,38103.73
4828,Country A,41168.58
4829,Country A,33865.38
4830,Country A,49730.41
4831,Country A,28229.61
4832,Country A,34592.74
4833,Country A,34179.49
4834,Country A,30392.07
4835,Country A,38076.88
4836,Country A,31153.41
4837,Country A,38150.77
4838,Country A,36854.89
4839,Country A,35800.75
4840,Country A,32564.69
4841,Country A,37188.61
4842,Country A,37801.74
4843,Country A,37298.61
4844,Country A,37053.15
4845,Country A,37101.5
4846,Country A,36110.47
4847,Country A,29710.3
4848,Country A,27606.57
4849,Country A,41345.53
4850,Country A,32640.51
4851,Country A,34998.27
4852,Country A,34838.6
4853,Country A,46818.93
4854,Country A,44814.78
4855,Country A,34956.81
4856,Country A,34554.47
4857,Country A,29775.99
4858,Country A,41231.4
4859,Country A,25118.49
4860,Country A,34396.28
4861,Country A,37287.41
4862,Country A,31697.68
4863,Country A,43715.04
4864,Country A,37409.97
4865,Country A,47914.18
4866,Country A,57253.52
4867,Country A,34435.76
4868,Country A,32212
4869,Country A,51114.55
4870,Country A,26595.51
4871,Country A,37892.45
4872,Country A,39472.45
4873,Country A,47331.06
4874,Country A,32659.97
4875,Country A,30921.68
4876,Country A,37009.25
4877,Country A,40824.44
4878,Country A,44581.8
4879,Country A,45953.69
4880,Country A,34107.68
4881,Country A,28748.99
4882,Country A,41881.85
4883,Country A,34097.14
4884,Country A,29980.18
4885,Country A,40871.47
4886,Country A,41074.94
4887,Country A,34595.59
4888,Country A,23914.83
4889,Country A,36243.04
4890,Country A,38036.79
4891,Country A,34528.23
4892,Country A,39470.98
4893,Country A,40729.59
4894,Country A,36767.25
4895,Country A,40051.9
4896,Country A,31837.3
4897,Country A,26923.28
4898,Country A,29819.14
4899,Country A,31765.47
4900,Country A,28602.56
4901,Country A,48881.64
4902,Country A,32249.31
4903,Country A,36954.98
4904,Country A,33299.76
4905,Country A,46555.61
4906,Country A,37118.35
4907,Country A,46895.47
4908,Country A,30897.88
4909,Country A,39326.74
4910,Country A,29387.04
4911,Country A,36044.05
4912,Country A,30254.83
4913,Country A,35110.4
4914,Country A,39101.23
4915,Country A,45108.17
4916,Country A,31507.79
4917,Country A,41069.27
4918,Country A,41356.03
4919,Country A,32108.02
4920,Country A,59922.38
4921,Country A,33922.69
4922,Country A,34722.38
4923,Country A,37289.51
4924,Country A,23559.51
4925,Country A,46203.89
4926,Country A,40141.07
4927,Country A,35512.72
4928,Country A,47905.18
4929,Country A,40439.91
4930,Country A,38001.31
4931,Country A,29912.48
4932,Country A,45800.17
4933,Country A,36327.34
4934,Country A,37732.66
4935,Country A,49198.73
4936,Country A,39006.8
4937,Country A,36990.02
4938,Country A,31058.54
4939,Country A,35581.24
4940,Country A,33043.49
4941,Country A,32972.35
4942,Country A,34846.2
4943,Country A,40639.92
4944,Country A,43992.27
4945,Country A,36383.7
4946,Country A,34509.44
4947,Country A,40874.36
4948,Country A,32112.97
4949,Country A,28292
4950,Country A,39672.76
4951,Country A,35792.71
4952,Country A,25349.87
4953,Country A,26049.7
4954,Country A,37897.92
4955,Country A,42366
4956,Country A,39532.77
4957,Country A,34565.4
4958,Country A,46149.02
4959,Country A,31399.82
4960,Country A,34202.97
4961,Country A,32322.14
4962,Country A,38813.57
4963,Country A,28091.54
4964,Country A,28446.98
4965,Country A,26550.05
4966,Country A,35820.31
4967,Country A,44298.39
4968,Country A,46426.83
4969,Country A,31480.02
4970,Country A,33624.3
4971,Country A,31376.96
4972,Country A,38072.27
4973,Country A,38220.6
4974,Country A,40706.08
4975,Country A,27409.29
4976,Country A,29207.1
4977,Country A,33512.2
4978,Country A,32474.64
4979,Country A,39226.24
4980,Country A,35352.42
4981,Country A,28357.91
4982,Country A,43287.05
4983,Country A,38739.61
4984,Country A,32146.03
4985,Country A,29936.31
4986,Country A,33699.04
4987,Country A,30826.55
4988,Country A,45168.64
4989,Country A,34638.64
4990,Country A,36297.85
4991,Country A,40787.82
4992,Country A,39155.83
4993,Country A,47122.67
4994,Country A,39113.09
4995,Country A,48638.17
4996,Country A,33362.94
4997,Country A,29077.35
4998,Country A,34722.77
4999,Country A,37503.8
5000,Country A,40781.55
5001,Country A,43237.62
5002,Country A,35293.88
5003,Country A,34772.48
5004,Country A,34206.57
5005,Country A,40391.97
5006,Country A,28469.91
5007,Country A,40772.69
5008,Country A,29935.61
5009,Country A,41511.94
5010,Country A,35359.59
5011,Country A,46894.74
5012,Country A,29942.2
5013,Country A,33713.91
5014,Country A,37507.32
5015,Country A,37930.51
5016,Country A,29329.58
5017,Country A,35846.78
5018,Country A,28789.8
5019,Country A,39397.74
5020,Country A,33632.84
5021,Country A,38353.98
5022,Country A,42889.87
5023,Country A,37301.75
5024,Country A,41006.43
5025,Country A,35803.68
5026,Country A,36510.76
5027,Country A,39500.53
5028,Country A,36486.92
5029,Country A,34594.53
5030,Country A,31195.63
5031,Country A,42193.65
5032,Country A,48830.38
5033,Country A,41932.15
5034,Country A,42463.05
5035,Country A,33096.69
5036,Country A,36928.17
5037,Country A,36890.14
5038,Country A,39726.59
5039,Country A,34637.93
5040,Country A,32209.37
5041,Country A,35564.1
5042,Country A,55393.86
5043,Country A,34472.71
5044,Country A,42107.77
5045,Country A,28212.83
5046,Country A,56682.8
5047,Country A,29144.63
5048,Country A,37089.03
5049,Country A,36558.04
5050,Country A,35345.83
5051,Country A,28381.84
5052,Country A,31317.66
5053,Country A,42893.27
5054,Country A,37193.3
5055,Country A,36059.66
5056,Country A,38088.06
5057,Country A,37287.56
5058,Country A,37232.18
5059,Country A,40830.37
5060,Country A,39835.92
5061,Country A,44148.53
5062,Country A,35866.82
5063,Country A,38269.16
5064,Country A,26257.26
5065,Country A,44390.2
5066,Country A,41531.29
5067,Country A,35226.78
5068,Country A,48244.73
5069,Country A,35025.2
5070,Country A,38284.69
5071,Country A,29106.13
5072,Country A,37492.68
5073,Country A,32331.94
5074,Country A,33046.04
5075,Country A,48300.38
5076,Country A,43324.28
5077,Country A,32742.94
5078,Country A,41921.37
5079,Country A,42293.44
5080,Country A,39728.42
5081,Country A,36381.56
5082,Country A,37820.18
5083,Country A,41321.79
5084,Country A,34303.36
5085,Country A,45873.54
5086,Country A,35676.1
5087,Country A,43061.17
5088,Country A,37812.11
5089,Country A,32902.09
5090,Country A,35972.45
5091,Country A,39408.72
5092,Country A,33326.61
5093,Country A,33202.82
5094,Country A,39688.58
5095,Country A,39681.53
5096,Country A,42782.35
5097,Country A,39415.64
5098,Country A,41711.51
5099,Country A,33658.82
5100,Country A,46611.99
5101,Country A,40088.16
5102,Country A,34915.9
5103,Country A,33913.26
5104,Country A,29560.72
5105,Country A,40827.75
5106,Country A,28753.65
5107,Country A,44618.85
5108,Country A,34840.57
5109,Country A,38499.83
5110,Country A,31507.35
5111,Country A,41137.62
5112,Country A,44966.41
5113,Country A,35073.42
5114,Country A,44673.05
5115,Country A,39321.07
5116,Country A,39022.24
5117,Country A,39781.67
5118,Country A,32647.23
5119,Country A,34379.47
5120,Country A,29108.74
5121,Country A,28736.28
5122,Country A,37342.58
5123,Country A,29779.37
5124,Country A,35459.24
5125,Country A,28321.78
5126,Country A,43222.35
5127,Country A,39102.03
5128,Country A,31811.15
5129,Country A,38452.67
5130,Country A,41325.57
5131,Country A,28381.33
5132,Country A,35338.32
5133,Country A,35696.53
5134,Country A,38615.49
5135,Country A,32561.06
5136,Country A,40187.25
5137,Country A,34886.02
5138,Country A,33295.6
5139,Country A,29606.34
5140,Country A,25117.91
5141,Country A,33858.15
5142,Country A,47465.1
5143,Country A,40151.06
5144,Country A,31950.69
5145,Country A,37849.23
5146,Country A,27454.09
5147,Country A,40728.84
5148,Country A,33725.71
5149,Country A,30329.17
5150,Country A,29467.63
5151,Country A,46100.21
5152,Country A,34360.87
5153,Country A,36183.81
5154,Country A,30206.41
5155,Country A,34826.99
5156,Country A,44065.7
5157,Country A,30645.23
5158,Country A,35302.44
5159,Country A,47888.49
5160,Country A,33339.88
5161,Country A,45930.77
5162,Country A,35067.13
5163,Country A,32801.03
5164,Country A,36974.18
5165,Country A,35358.1
5166,Country A,39154.39
5167,Country A,36417.59
5168,Country A,30220.08
5169,Country A,31702.46
5170,Country A,34708.24
5171,Country A,32830.42
5172,Country A,30360.37
5173,Country A,38149.05
5174,Country A,36928.87
5175,Country A,35824.94
5176,Country A,45500.14
5177,Country A,38385.79
5178,Country A,43640.35
5179,Country A,31440.43
5180,Country A,28088.4
5181,Country A,34054.95
5182,Country A,38147.66
5183,Country A,47139.64
5184,Country A,35931.27
5185,Country A,37352.01
5186,Country A,28592.03
5187,Country A,46584.64
5188,Country A,25058.03
5189,Country A,37252.38
5190,Country A,29754.83
5191,Country A,44559.59
5192,Country A,38214.98
5193,Country A,37397.56
5194,Country A,39054.38
5195,Country A,36532.59
5196,Country A,32516.71
5197,Country A,45964.13
5198,Country A,44292.05
5199,Country A,41394.85
5200,Country A,38580.81
5201,Country A,43539.58
5202,Country A,35277.05
5203,Country A,27277.48
5204,Country A,33698.81
5205,Country A,31463.61
5206,Country A,38060.09
5207,Country A,29539.28
5208,Country A,38923.03
5209,Country A,38887.52
5210,Country A,42965.68
5211,Country A,43728.48
5212,Country A,32177.72
5213,Country A,47021.54
5214,Country A,37604.11
5215,Country A,32517.39
5216,Country A,29359.18
5217,Country A,49680.99
5218,Country A,40881.5
5219,Country A,44122.26
5220,Country A,33279.08
5221,Country A,41183.52
5222,Country A,28031.33
5223,Country A,32089.38
5224,Country A,34147.43
5225,Country A,21633.46
5226,Country A,30775.76
5227,Country A,39825.55
5228,Country A,29337.66
5229,Country A,34146.07
5230,Country A,35448.78
5231,Country A,31822.73
5232,Country A,36081.85
5233,Country A,38209.77
5234,Country A,31996.27
5235,Country A,32481.86
5236,Country A,38636.13
5237,Country A,29469.05
5238,Country A,46535.5
5239,Country A,45632.04
5240,Country A,37906.25
5241,Country A,36424.24
5242,Country A,29203.96
5243,Country A,25622.46
5244,Country A,47686.15
5245,Country A,27527.58
5246,Country A,49171.34
5247,Country A,38417.68
5248,Country A,32092.79
5249,Country A,36887.79
5250,Country A,29172.27
5251,Country A,35761.35
5252,Country A,41119.22
5253,Country A,35378.63
5254,Country A,40664.14
5255,Country A,33989.42
5256,Country A,38700.43
5257,Country A,38565.85
5258,Country A,38090.44
5259,Country A,27066.79
5260,Country A,42070.93
5261,Country A,36842.86
5262,Country A,43573.57
5263,Country A,37164.2
5264,Country A,43503.2
5265,Country A,39315.59
5266,Country A,50303.47
5267,Country A,40681.96
5268,Country A,39567.55
5269,Country A,39975.52
5270,Country A,41354.14
5271,Country A,40180.99
5272,Country A,35882.19
5273,Country A,43311.37
5274,Country A,33933.93
5275,Country A,45722.1
5276,Country A,44864.4
5277,Country A,39439.35
5278,Country A,43604.64
5279,Country A,39806.68
5280,Country A,33320.07
5281,Country A,36469.86
5282,Country A,40830.24
5283,Country A,26064.73
5284,Country A,29787.54
5285,Country A,32551.08
5286,Country A,45653.79
5287,Country A,31125.61
5288,Country A,32885.93
5289,Country A,30252.07
5290,Country A,26918.72
5291,Country A,43737.69
5292,Country A,39133.2
5293,Country A,38776.06
5294,Country A,37360.53
5295,Country A,36948.84
5296,Country A,40377.63
5297,Country A,31268.59
5298,Country A,29495.54
5299,Country A,36804.25
5300,Country A,36340.24
5301,Country A,33264.82
5302,Country A,37432.58
5303,Country A,37057.66
5304,Country A,28571.75
5305,Country A,39438.54
5306,Country A,34929.53
5307,Country A,30939.6
5308,Country A,35324.32
5309,Country A,33346.15
5310,Country A,37755.17
5311,Country A,35924.84
5312,Country A,36562.45
5313,Country A,33631.23
5314,Country A,37765.06
5315,Country A,38870.53
5316,Country A,32968.45
5317,Country A,25669.27
5318,Country A,35512.7
5319,Country A,39637.68
5320,Country A,52028.04
5321,Country A,41809.47
5322,Country A,27048.87
5323,Country A,45488.14
5324,Country A,51598.96
5325,Country A,45528.6
5326,Country A,39022.89
5327,Country A,30926.22
5328,Country A,32998.84
5329,Country A,34812.18
5330,Country A,41884.62
5331,Country A,32418.11
5332,Country A,33333.72
5333,Country A,31651.98
5334,Country A,33503.1
5335,Country A,30821.32
5336,Country A,48623.2
5337,Country A,34786.6
5338,Country A,36603.96
5339,Country A,34792.93
5340,Country A,47293.58
5341,Country A,43412.32
5342,Country A,32379.22
5343,Country A,47555.34
5344,Country A,34631.85
5345,Country A,46211.2
5346,Country A,34878.55
5347,Country A,33059.28
5348,Country A,36591.45
5349,Country A,31881.86
5350,Country A,39845.44
5351,Country A,35104.92
5352,Country A,35731.12
5353,Country A,35155.77
5354,Country A,47487.49
5355,Country A,44294.33
5356,Country A,36659.57
5357,Country A,42186.61
5358,Country A,40059.11
5359,Country A,39738.57
5360,Country A,26423.32
5361,Country A,45240.6
5362,Country A,34393.08
5363,Country A,41767.92
5364,Country A,47781.07
5365,Country A,33424.58
5366,Country A,28876.07
5367,Country A,47269.21
5368,Country A,41401.97
5369,Country A,30436.03
5370,Country A,33788.78
5371,Country A,31833.19
5372,Country A,34087.09
5373,Country A,42452.37
5374,Country A,45896.26
5375,Country A,40534.19
5376,Country A,26896.15
5377,Country A,31541.69
5378,Country A,36084.33
5379,Country A,32607.4
5380,Country A,30343
5381,Country A,38703.66
5382,Country A,38168.69
5383,Country A,38789.46
5384,Country A,41596.67
5385,Country A,45653.62
5386,Country A,31982.89
5387,Country A,37947.01
5388,Country A,44464.08
5389,Country A,35226.12
5390,Country A,33745.27
5391,Country A,37077.18
5392,Country A,29767.84
5393,Country A,31425.62
5394,Country A,36115.7
5395,Country A,37087.39
5396,Country A,34933.23
5397,Country A,38832.72
5398,Country A,32028.53
5399,Country A,38562.02
5400,Country A,29380.13
5401,Country A,37080.64
5402,Country A,33264.54
5403,Country A,37083.28
5404,Country A,38297.92
5405,Country A,31028.75
5406,Country A,37946.83
5407,Country A,39592.64
5408,Country A,39039.73
5409,Country A,47571
5410,Country A,43677.77
5411,Country A,38189.86
5412,Country A,41862.63
5413,Country A,49224.59
5414,Country A,34826.32
5415,Country A,30235.15
5416,Country A,33259.08
5417,Country A,32995.08
5418,Country A,49113.16
5419,Country A,42850.23
5420,Country A,36781.47
5421,Country A,31429.63
5422,Country A,36255.62
5423,Country A,42347.34
5424,Country A,30826.3
5425,Country A,26805.38
5426,Country A,41374.22
5427,Country A,29244.56
5428,Country A,43732.4
5429,Country A,40797.03
5430,Country A,28533.92
5431,Country A,35798.21
5432,Country A,29890.25
5433,Country A,27481.67
5434,Country A,32613.74
5435,Country A,33393.13
5436,Country A,43543.23
5437,Country A,36300
5438,Country A,37433.86
5439,Country A,32255.85
5440,Country A,35489.13
5441,Country A,34990.05
5442,Country A,35185.44
5443,Country A,38250.75
5444,Country A,37543.52
5445,Country A,22681.78
5446,Country A,37035.38
5447,Country A,37383.13
5448,Country A,33918.23
5449,Country A,43403.75
5450,Country A,32553.94
5451,Country A,37875.67
5452,Country A,41188.23
5453,Country A,37557.06
5454,Country A,35290.41
5455,Country A,30397.12
5456,Country A,42663.49
5457,Country A,32440.19
5458,Country A,42050.66
5459,Country A,40637.51
5460,Country A,40335.84
5461,Country A,34940.41
5462,Country A,25778.05
5463,Country A,39959.3
5464,Country A,33913.32
5465,Country A,31036.99
5466,Country A,30613.24
5467,Country A,33418.1
5468,Country A,34275.51
5469,Country A,42093.72
5470,Country A,37976.88
5471,Country A,33552.89
5472,Country A,37088.61
5473,Country A,41804.28
5474,Country A,33013.51
5475,Country A,44030.65
5476,Country A,33266.42
5477,Country A,35064.76
5478,Country A,37244.47
5479,Country A,42019.92
5480,Country A,47012.87
5481,Country A,41225.37
5482,Country A,27425.7
5483,Country A,31680.26
5484,Country A,35658.68
5485,Country A,33059.72
5486,Country A,33793.87
5487,Country A,36677.64
5488,Country A,31755.95
5489,Country A,33425.09
5490,Country A,39981.59
5491,Country A,22364.07
5492,Country A,37062.33
5493,Country A,31756.57
5494,Country A,38125.2
5495,Country A,32528.55
5496,Country A,34721.14
5497,Country A,40195.18
5498,Country A,41899.65
5499,Country A,38999.75
5500,Country A,29085.93
5501,Country A,41684.31
5502,Country A,31544.12
5503,Country A,53862.21
5504,Country A,43024.68
5505,Country A,43717.3
5506,Country A,47715.24
5507,Country A,35929.35
5508,Country A,32391.23
5509,Country A,34471.39
5510,Country A,39583.42
5511,Country A,40347.95
5512,Country A,36488.28
5513,Country A,38490.41
5514,Country A,42571.29
5515,Country A,33031.94
5516,Country A,38578.54
5517,Country A,27329.68
5518,Country A,37958.53
5519,Country A,42479.58
5520,Country A,40235.92
5521,Country A,35861.46
5522,Country A,40431.75
5523,Country A,47323.06
5524,Country A,35903.27
5525,Country A,25455.73
5526,Country A,38727.33
5527,Country A,40716.28
5528,Country A,38924.28
5529,Country A,46419.08
5530,Country A,33196.06
5531,Country A,37370.23
5532,Country A,46804.05
5533,Country A,32408.62
5534,Country A,32553.37
5535,Country A,33969.76
5536,Country A,28036.98
5537,Country A,36047.01
5538,Country A,30149.21
5539,Country A,27676.14
5540,Country A,40658.77
5541,Country A,31449.4
5542,Country A,44125.51
5543,Country A,35069.4
5544,Country A,37219.4
5545,Country A,47062.59
5546,Country A,38889.17
5547,Country A,34127.25
5548,Country A,34008.8
5549,Country A,36826.17
5550,Country A,36635.53
5551,Country A,34763.16
5552,Country A,34978.22
5553,Country A,37019.38
5554,Country A,39096.58
5555,Country A,31358.94
5556,Country A,32093.96
5557,Country A,34681.38
5558,Country A,33960.86
5559,Country A,34667.02
5560,Country A,36414.71
5561,Country A,46709.02
5562,Country A,33675.74
5563,Country A,32334.34
5564,Country A,44704.42
5565,Country A,33576.12
5566,Country A,29032.35
5567,Country A,27804.21
5568,Country A,30525.25
5569,Country A,30349.25
5570,Country A,35635.78
5571,Country A,28969.21
5572,Country A,38513.41
5573,Country A,32136.59
5574,Country A,34860.55
5575,Country A,39179.24
5576,Country A,38669.51
5577,Country A,29825.59
5578,Country A,32391.11
5579,Country A,35725.82
5580,Country A,35990.02
5581,Country A,26843.19
5582,Country A,29862.51
5583,Country A,39043.59
5584,Country A,32737.43
5585,Country A,28332.89
5586,Country A,34195.81
5587,Country A,28928.3
5588,Country A,41703.99
5589,Country A,49031.92
5590,Country A,36927.73
5591,Country A,35167.39
5592,Country A,35316.42
5593,Country A,37220.01
5594,Country A,34757.89
5595,Country A,29750.01
5596,Country A,39864.78
5597,Country A,26076.61
5598,Country A,33189.01
5599,Country A,34788.48
5600,Country A,34809.71
5601,Country A,41239.19
5602,Country A,28495.34
5603,Country A,29905.28
5604,Country A,33800.24
5605,Country A,43192.35
5606,Country A,28776.19
5607,Country A,41231.05
5608,Country A,35455.38
5609,Country A,39685.64
5610,Country A,43128.39
5611,Country A,33821.02
5612,Country A,35864.42
5613,Country A,32344.13
5614,Country A,27594.45
5615,Country A,39196.93
5616,Country A,36496.6
5617,Country A,32856.58
5618,Country A,48178.95
5619,Country A,36790.95
5620,Country A,37326.38
5621,Country A,30153.89
5622,Country A,41865.45
5623,Country A,30798.99
5624,Country A,31729.71
5625,Country A,34418.19
5626,Country A,46164.72
5627,Country A,34310.69
5628,Country A,39381.33
5629,Country A,31278.37
5630,Country A,38741.79
5631,Country A,43621.74
5632,Country A,38907.4
5633,Country A,36110.01
5634,Country A,41553.1
5635,Country A,33913.11
5636,Country A,34376.04
5637,Country A,32335.13
5638,Country A,38089.95
5639,Country A,35402.62
5640,Country A,36619.03
5641,Country A,48680.3
5642,Country A,32988.79
5643,Country A,31144.51
5644,Country A,28007.88
5645,Country A,27059.19
5646,Country A,28646.3
5647,Country A,48632.95
5648,Country A,41258.45
5649,Country A,41913.69
5650,Country A,28298
5651,Country A,40088.26
5652,Country A,30611.23
5653,Country A,31894.48
5654,Country A,36314.6
5655,Country A,39718.16
5656,Country A,34938.65
5657,Country A,34547.25
5658,Country A,32953.2
5659,Country A,34954.31
5660,Country A,24380.94
5661,Country A,30475.46
5662,Country A,35365.83
5663,Country A,50079.85
5664,Country A,31798.48
5665,Country A,31261.47
5666,Country A,34401
5667,Country A,24815.36
5668,Country A,38831.19
5669,Country A,47528.68
5670,Country A,47479.49
5671,Country A,32271.3
5672,Country A,37367.51
5673,Country A,41605.37
5674,Country A,43671.41
5675,Country A,41362.64
5676,Country A,29635.2
5677,Country A,28121.27
5678,Country A,38342.42
5679,Country A,37789.32
5680,Country A,28563.22
5681,Country A,41208.51
5682,Country A,40760.21
5683,Country A,29910.58
5684,Country A,36773.86
5685,Country A,36973.93
5686,Country A,34150.09
5687,Country A,42823.22
5688,Country A,31053
5689,Country A,36553.56
5690,Country A,32049.73
5691,Country A,33507.51
5692,Country A,41134.28
5693,Country A,38717.85
5694,Country A,34740.35
5695,Country A,30753
5696,Country A,36752.07
5697,Country A,31662.45
5698,Country A,33210.22
5699,Country A,29589.57
5700,Country A,29373.39
5701,Country A,27472.47
5702,Country A,34422.84
5703,Country A,28186.94
5704,Country A,53123.36
5705,Country A,36766.59
5706,Country A,31107.8
5707,Country A,43215.85
5708,Country A,35218.58
5709,Country A,35335.03
5710,Country A,32960.25
5711,Country A,33744.71
5712,Country A,29867.26
5713,Country A,35204.03
5714,Country A,30707.43
5715,Country A,37713.6
5716,Country A,46388.39
5717,Country A,38736.4
5718,Country A,37244.15
5719,Country A,42927.53
5720,Country A,37722.39
5721,Country A,28793.8
5722,Country A,41392.71
5723,Country A,32248.57
5724,Country A,33496.93
5725,Country A,33279.64
5726,Country A,33768.05
5727,Country A,31246.36
5728,Country A,40633.59
5729,Country A,40076.07
5730,Country A,34854.09
5731,Country A,32408.12
5732,Country A,38523.69
5733,Country A,37527.5
5734,Country A,39044.71
5735,Country A,40109.34
5736,Country A,35356.7
5737,Country A,38070.68
5738,Country A,31461.39
5739,Country A,44784.99
5740,Country A,40619.53
5741,Country A,48525.43
5742,Country A,29022.37
5743,Country A,47028.03
5744,Country A,32528.27
5745,Country A,31982.02
5746,Country A,34940.54
5747,Country A,26388.91
5748,Country A,37327.06
5749,Country A,34929.11
5750,Country A,42141.06
5751,Country A,34965.64
5752,Country A,45434.55
5753,Country A,31751.87
5754,Country A,41963.1
5755,Country A,49518.26
5756,Country A,39907.56
5757,Country A,37442.08
5758,Country A,36105.06
5759,Country A,33908.8
5760,Country A,36840.44
5761,Country A,30634.33
5762,Country A,55426.25
5763,Country A,36047.86
5764,Country A,32659.55
5765,Country A,32231.9
5766,Country A,41723.85
5767,Country A,34694.44
5768,Country A,45218.29
5769,Country A,44177.53
5770,Country A,41456.45
5771,Country A,37519.44
5772,Country A,31734.79
5773,Country A,38158.45
5774,Country A,33392.82
5775,Country A,30376.56
5776,Country A,43789.06
5777,Country A,27117.7
5778,Country A,55006.43
5779,Country A,34302.53
5780,Country A,36344.99
5781,Country A,52224.74
5782,Country A,40444.05
5783,Country A,35424.19
5784,Country A,30453.67
5785,Country A,31990.59
5786,Country A,37651.82
5787,Country A,38584.11
5788,Country A,29748.5
5789,Country A,39303.32
5790,Country A,34346.21
5791,Country A,35464.88
5792,Country A,39078.33
5793,Country A,31879.82
5794,Country A,31853.79
5795,Country A,38295.12
5796,Country A,47196.78
5797,Country A,41761.82
5798,Country A,26728.62
5799,Country A,29543.34
5800,Country A,41274.03
5801,Country A,31589.31
5802,Country A,47673.85
5803,Country A,33433.45
5804,Country A,36920.72
5805,Country A,40854.04
5806,Country A,35305.76
5807,Country A,38952.69
5808,Country A,36826.83
5809,Country A,32749.21
5810,Country A,33665.25
5811,Country A,31921
5812,Country A,36815.74
5813,Country A,35954.85
5814,Country A,32557.31
5815,Country A,35450.59
5816,Country A,40067.58
5817,Country A,37783.22
5818,Country A,39839.56
5819,Country A,36466.51
5820,Country A,40130.88
5821,Country A,28555.53
5822,Country A,34128.7
5823,Country A,34986.87
5824,Country A,36391.33
5825,Country A,28561.01
5826,Country A,44888.11
5827,Country A,41959.1
5828,Country A,37201.29
5829,Country A,42060.89
5830,Country A,35538.19
5831,Country A,40423.67
5832,Country A,41353.49
5833,Country A,42095.43
5834,Country A,35188.27
5835,Country A,35464.42
5836,Country A,45732.95
5837,Country A,29733.84
5838,Country A,40423.43
5839,Country A,41333.4
5840,Country A,27553.3
5841,Country A,35022.43
5842,Country A,45674.31
5843,Country A,36865.44
5844,Country A,34388.29
5845,Country A,32483.02
5846,Country A,34287.01
5847,Country A,40111.03
5848,Country A,37891.2
5849,Country A,39688.82
5850,Country A,34432.53
5851,Country A,33915.73
5852,Country A,31567.92
5853,Country A,38814.06
5854,Country A,42945.86
5855,Country A,35209.58
5856,Country A,42020.42
5857,Country A,36353.49
5858,Country A,33959
5859,Country A,39857.24
5860,Country A,29664.74
5861,Country A,32208.97
5862,Country A,43239.5
5863,Country A,39816.55
5864,Country A,37288.52
5865,Country A,35051.21
5866,Country A,37612.04
5867,Country A,25783.68
5868,Country A,32655.71
5869,Country A,32507.56
5870,Country A,36553.89
5871,Country A,40392.66
5872,Country A,29320.22
5873,Country A,33827.86
5874,Country A,32446.57
5875,Country A,36558.53
5876,Country A,36402.75
5877,Country A,30909.68
5878,Country A,30089.35
5879,Country A,36278.92
5880,Country A,41985.21
5881,Country A,33113.11
5882,Country A,46164.46
5883,Country A,35066.31
5884,Country A,31015.44
5885,Country A,32943.73
5886,Country A,35967.28
5887,Country A,36289.99
5888,Country A,40901.42
5889,Country A,38372.36
5890,Country A,34212.62
5891,Country A,44346.14
5892,Country A,40643.22
5893,Country A,34813.13
5894,Country A,32764
5895,Country A,42616.43
5896,Country A,38630.47
5897,Country A,40257.26
5898,Country A,36355.98
5899,Country A,46569.8
5900,Country A,35739.44
5901,Country A,37643.54
5902,Country A,31496.54
5903,Country A,33948.59
5904,Country A,36787.88
5905,Country A,33528.3
5906,Country A,44003.07
5907,Country A,38911.07
5908,Country A,41867.59
5909,Country A,27615.43
5910,Country A,29501.62
5911,Country A,27335.94
5912,Country A,39393.01
5913,Country A,45830.69
5914,Country A,26628.68
5915,Country A,37533.96
5916,Country A,42642.56
5917,Country A,42759.41
5918,Country A,43507.3
5919,Country A,37339.31
5920,Country A,31670.91
5921,Country A,39725.46
5922,Country A,34935.91
5923,Country A,29905.74
5924,Country A,36271.2
5925,Country A,35124.9
5926,Country A,34006.02
5927,Country A,44873.47
5928,Country A,26934.95
5929,Country A,38043.23
5930,Country A,55947.37
5931,Country A,39973.58
5932,Country A,45201.63
5933,Country A,35415.23
5934,Country A,37512.32
5935,Country A,35972.69
5936,Country A,33246.54
5937,Country A,52782.81
5938,Country A,29254.98
5939,Country A,31345.36
5940,Country A,33697.59
5941,Country A,37180.32
5942,Country A,47687.36
5943,Country A,41149.64
5944,Country A,33427.96
5945,Country A,31565.36
5946,Country A,33181.83
5947,Country A,37899.82
5948,Country A,40216.23
5949,Country A,34515.23
5950,Country A,24526.72
5951,Country A,28368.25
5952,Country A,34307.51
5953,Country A,37236.15
5954,Country A,43193.56
5955,Country A,36886.07
5956,Country A,42586.27
5957,Country A,41075.36
5958,Country A,40560.23
5959,Country A,40198.11
5960,Country A,34427.7
5961,Country A,34041.36
5962,Country A,39436.26
5963,Country A,30074.44
5964,Country A,43432.29
5965,Country A,40538.89
5966,Country A,37545.79
5967,Country A,34417.74
5968,Country A,40848.54
5969,Country A,34582.1
5970,Country A,38361.81
5971,Country A,32959.38
5972,Country A,32902.89
5973,Country A,38717.01
5974,Country A,38466.31
5975,Country A,39989.6
5976,Country A,35121.89
5977,Country A,35100.03
5978,Country A,44653.67
5979,Country A,35704.02
5980,Country A,39333.74
5981,Country A,32652.92
5982,Country A,27826.42
5983,Country A,40943.31
5984,Country A,34380.57
5985,Country A,38912.67
5986,Country A,40848.02
5987,Country A,34164.31
5988,Country A,31455.82
5989,Country A,37884.67
5990,Country A,33552.65
5991,Country A,33435.79
5992,Country A,38059.37
5993,Country A,35682.94
5994,Country A,42269.44
5995,Country A,32294.4
5996,Country A,35375.7
5997,Country A,49226.43
5998,Country A,29404.47
5999,Country A,29465.15
6000,Country A,33142.46
6001,Country A,34746.31
6002,Country A,38933.4
6003,Country A,28837.77
6004,Country A,42105.06
6005,Country A,39916.03
6006,Country A,36629.22
6007,Country A,34295.15
6008,Country A,33025.06
6009,Country A,35947.44
6010,Country A,48450.08
6011,Country A,37589.48
6012,Country A,37517.47
6013,Country A,26239.8
6014,Country A,39611.1
6015,Country A,33262.11
6016,Country A,36167.47
6017,Country A,35602.03
6018,Country A,33118.83
6019,Country A,42902.73
6020,Country A,43400.37
6021,Country A,35273.22
6022,Country A,30004.61
6023,Country A,32384.02
6024,Country A,48598.06
6025,Country A,30154.84
6026,Country A,36583.09
6027,Country A,32649.37
6028,Country A,30817.07
6029,Country A,39875.26
6030,Country A,38803.86
6031,Country A,35951.31
6032,Country A,44220.09
6033,Country A,38168.79
6034,Country A,37938.42
6035,Country A,45695.88
6036,Country A,45552.67
6037,Country A,25867.26
6038,Country A,31981.39
6039,Country A,42037.23
6040,Country A,43749.49
6041,Country A,34859.9
6042,Country A,47628.13
6043,Country A,41290.53
6044,Country A,38018.65
6045,Country A,36599.1
6046,Country A,40776.45
6047,Country A,29618.75
6048,Country A,34593.33
6049,Country A,29343.91
6050,Country A,32282.95
6051,Country A,36581.09
6052,Country A,43508.22
6053,Country A,33046.24
6054,Country A,39647.47
6055,Country A,34186.09
6056,Country A,41779.87
6057,Country A,38781.44
6058,Country A,35717.63
6059,Country A,30572.5
6060,Country A,38016.07
6061,Country A,42009.42
6062,Country A,26483.66
6063,Country A,29813.42
6064,Country A,34006.04
6065,Country A,49194.64
6066,Country A,33756.91
6067,Country A,34434.27
6068,Country A,36132.73
6069,Country A,40665.59
6070,Country A,32383.07
6071,Country A,36185.63
6072,Country A,30763.92
6073,Country A,45683.94
6074,Country A,42415.04
6075,Country A,38786.88
6076,Country A,36559.68
6077,Country A,35053.02
6078,Country A,34754.71
6079,Country A,40305.08
6080,Country A,33189.63
6081,Country A,38285.01
6082,Country A,41119.7
6083,Country A,43427.01
6084,Country A,38866.34
6085,Country A,36247.85
6086,Country A,33038.57
6087,Country A,35613.61
6088,Country A,32665.64
6089,Country A,44603.52
6090,Country A,37679.87
6091,Country A,37582.59
6092,Country A,46154.02
6093,Country A,47654.98
6094,Country A,33828.58
6095,Country A,36018.19
6096,Country A,40483.63
6097,Country A,33700.48
6098,Country A,40243.52
6099,Country A,40202.91
6100,Country A,26837.39
6101,Country A,35528.39
6102,Country A,29586.99
6103,Country A,43307.13
6104,Country A,42684.57
6105,Country A,37110.82
6106,Country A,39131.87
6107,Country A,31254.79
6108,Country A,34707.68
6109,Country A,34864.05
6110,Country A,37396.24
6111,Country A,34966.95
6112,Country A,42462.38
6113,Country A,34799.88
6114,Country A,43821.91
6115,Country A,36954.67
6116,Country A,33996.53
6117,Country A,37562.7
6118,Country A,35383.11
6119,Country A,34637.89
6120,Country A,30419.19
6121,Country A,29782.29
6122,Country A,30829.57
6123,Country A,35877.43
6124,Country A,45098.29
6125,Country A,35356.71
6126,Country A,37690.57
6127,Country A,34789.65
6128,Country A,39564.99
6129,Country A,38247.27
6130,Country A,40771.72
6131,Country A,34986.87
6132,Country A,44410.37
6133,Country A,32221.03
6134,Country A,41772.69
6135,Country A,37466.93
6136,Country A,44194.36
6137,Country A,33095.33
6138,Country A,31012.08
6139,Country A,34686.38
6140,Country A,43937.86
6141,Country A,42538.47
6142,Country A,34443.9
6143,Country A,42554.72
6144,Country A,40951.34
6145,Country A,33970.91
6146,Country A,31523.88
6147,Country A,35057.99
6148,Country A,40798.73
6149,Country A,38426.99
6150,Country A,45963.7
6151,Country A,31792.33
6152,Country A,39629.84
6153,Country A,38222.01
6154,Country A,42170.18
6155,Country A,35024.62
6156,Country A,41991.37
6157,Country A,33204.2
6158,Country A,34057.65
6159,Country A,42905.44
6160,Country A,38838.92
6161,Country A,35909.25
6162,Country A,40376.87
6163,Country A,43763.04
6164,Country A,37328.71
6165,Country A,31608.34
6166,Country A,36066.94
6167,Country A,28213.75
6168,Country A,25321.24
6169,Country A,35190.88
6170,Country A,40456.19
6171,Country A,41530.8
6172,Country A,30800.12
6173,Country A,33954.62
6174,Country A,26154.97
6175,Country A,34735.29
6176,Country A,39850.03
6177,Country A,42087.85
6178,Country A,32937.21
6179,Country A,48849.96
6180,Country A,35184.77
6181,Country A,42468.4
6182,Country A,48410.45
6183,Country A,40305.2
6184,Country A,33546.17
6185,Country A,28432.01
6186,Country A,32473.82
6187,Country A,29165.45
6188,Country A,35502.31
6189,Country A,34457.98
6190,Country A,49315.92
6191,Country A,39388.67
6192,Country A,38278.48
6193,Country A,33902.18
6194,Country A,40817.38
6195,Country A,24447.63
6196,Country A,37454.91
6197,Country A,28586.56
6198,Country A,29176.78
6199,Country A,42463.48
6200,Country A,32436.97
6201,Country A,34227.84
6202,Country A,33966.66
6203,Country A,36179.95
6204,Country A,48144.81
6205,Country A,40041.52
6206,Country A,33655.54
6207,Country A,34219.61
6208,Country A,41109.32
6209,Country A,28383.82
6210,Country A,37908.24
6211,Country A,42388.45
6212,Country A,30847.77
6213,Country A,35123.53
6214,Country A,36855.55
6215,Country A,26349.02
6216,Country A,41736.15
6217,Country A,38362
6218,Country A,27942.19
6219,Country A,29962.64
6220,Country A,35397.71
6221,Country A,34595.88
6222,Country A,32017.75
6223,Country A,29498.3
6224,Country A,43040.15
6225,Country A,37372.52
6226,Country A,44964.68
6227,Country A,31561.16
6228,Country A,35170.38
6229,Country A,39153.25
6230,Country A,38425.97
6231,Country A,38488.26
6232,Country A,37208.1
6233,Country A,33880.23
6234,Country A,33901.41
6235,Country A,37578.92
6236,Country A,33397.45
6237,Country A,38099.69
6238,Country A,27078.72
6239,Country A,32428.47
6240,Country A,36570.33
6241,Country A,32299.57
6242,Country A,37251.46
6243,Country A,47979.75
6244,Country A,45999.88
6245,Country A,32453.92
6246,Country A,36062.56
6247,Country A,34817.12
6248,Country A,32323.65
6249,Country A,37113.18
6250,Country A,36739.8
6251,Country A,33824.45
6252,Country A,33112.86
6253,Country A,37231.51
6254,Country A,34058.78
6255,Country A,27795.55
6256,Country A,35296.08
6257,Country A,34929.33
6258,Country A,34933.02
6259,Country A,34531.49
6260,Country A,31942.61
6261,Country A,31979.27
6262,Country A,28460.48
6263,Country A,40677.93
6264,Country A,30127.11
6265,Country A,35368.72
6266,Country A,25217.89
6267,Country A,34288.15
6268,Country A,38194.45
6269,Country A,31110.71
6270,Country A,33226.51
6271,Country A,40909.37
6272,Country A,32415.19
6273,Country A,41442.01
6274,Country A,41687.73
6275,Country A,41063.04
6276,Country A,38064.83
6277,Country A,40758.73
6278,Country A,36166.67
6279,Country A,45637.58
6280,Country A,39112.78
6281,Country A,35074.33
6282,Country A,43883.21
6283,Country A,36840.27
6284,Country A,39767.05
6285,Country A,30039.67
6286,Country A,39150.27
6287,Country A,42131.15
6288,Country A,36131.42
6289,Country A,45802.16
6290,Country A,31887.08
6291,Country A,39254.62
6292,Country A,39331.18
6293,Country A,41053.66
6294,Country A,47748.75
6295,Country A,36768.89
6296,Country A,40035.02
6297,Country A,37955.03
6298,Country A,27176.79
6299,Country A,33703.51
6300,Country A,31557.35
6301,Country A,32995.52
6302,Country A,31768.79
6303,Country A,35574.46
6304,Country A,36765.82
6305,Country A,31551.51
6306,Country A,38498.93
6307,Country A,42856.94
6308,Country A,31975.11
6309,Country A,37982.78
6310,Country A,38948.45
6311,Country A,31214.8
6312,Country A,33534.8
6313,Country A,34866.27
6314,Country A,35665.21
6315,Country A,39267.23
6316,Country A,35006.4
6317,Country A,36635.79
6318,Country A,33580.78
6319,Country A,38507.69
6320,Country A,30727.55
6321,Country A,47539.02
6322,Country A,26936.43
6323,Country A,33948.4
6324,Country A,29321.69
6325,Country A,41524.26
6326,Country A,34613.24
6327,Country A,30927.91
6328,Country A,30471.49
6329,Country A,36575.13
6330,Country A,28438.87
6331,Country A,33445.67
6332,Country A,38968.45
6333,Country A,52220.33
6334,Country A,33783.16
6335,Country A,34815.66
6336,Country A,51265.8
6337,Country A,40437.48
6338,Country A,46851.94
6339,Country A,30612.93
6340,Country A,36094.94
6341,Country A,38216.95
6342,Country A,35722.25
6343,Country A,31482.98
6344,Country A,34769.64
6345,Country A,24868.08
6346,Country A,34580.09
6347,Country A,44080.57
6348,Country A,38990.81
6349,Country A,37075.66
6350,Country A,33055.19
6351,Country A,30494.17
6352,Country A,40390.07
6353,Country A,49952.16
6354,Country A,33837.22
6355,Country A,32766.34
6356,Country A,36327.17
6357,Country A,34285.4
6358,Country A,39182.74
6359,Country A,33658.99
6360,Country A,46408.45
6361,Country A,32629.35
6362,Country A,42293.45
6363,Country A,38662.53
6364,Country A,33970.66
6365,Country A,39964.33
6366,Country A,37938.5
6367,Country A,45403.7
6368,Country A,38145.92
6369,Country A,41231.53
6370,Country A,35395.22
6371,Country A,32495.51
6372,Country A,42483.28
6373,Country A,35143.52
6374,Country A,35200.2
6375,Country A,31026.75
6376,Country A,38256.79
6377,Country A,37883.69
6378,Country A,36434.87
6379,Country A,37117.08
6380,Country A,32751.05
6381,Country A,36258.49
6382,Country A,41867.63
6383,Country A,31202.31
6384,Country A,38048.46
6385,Country A,26347.75
6386,Country A,50522.8
6387,Country A,32736.43
6388,Country A,26431.15
6389,Country A,37740.71
6390,Country A,38659.84
6391,Country A,36044.82
6392,Country A,43749.34
6393,Country A,43158.55
6394,Country A,36523.44
6395,Country A,41044.86
6396,Country A,48410.8
6397,Country A,31026.7
6398,Country A,41958.48
6399,Country A,33127.93
6400,Country A,40064.61
6401,Country A,36745.51
6402,Country A,37434.83
6403,Country A,37921.27
6404,Country A,37470.73
6405,Country A,39791.79
6406,Country A,40318.87
6407,Country A,36973.88
6408,Country A,40427.71
6409,Country A,40925.74
6410,Country A,33871.95
6411,Country A,51073.87
6412,Country A,30367.52
6413,Country A,35380.78
6414,Country A,34181.43
6415,Country A,27738.83
6416,Country A,47764.91
6417,Country A,33912.21
6418,Country A,32758.66
6419,Country A,27678.38
6420,Country A,44200.16
6421,Country A,32104.05
6422,Country A,40695.79
6423,Country A,36194.89
6424,Country A,45448.44
6425,Country A,27299.15
6426,Country A,34032.53
6427,Country A,31308.69
6428,Country A,43003.42
6429,Country A,41033.81
6430,Country A,32053.15
6431,Country A,47206.7
6432,Country A,39568.3
6433,Country A,31045.86
6434,Country A,33128.59
6435,Country A,39729.85
6436,Country A,41506
6437,Country A,28949.78
6438,Country A,32258.75
6439,Country A,29866.13
6440,Country A,30264.62
6441,Country A,41728.34
6442,Country A,35636.4
6443,Country A,40230.57
6444,Country A,28465.95
6445,Country A,29588.41
6446,Country A,46798.31
6447,Country A,36681.35
6448,Country A,42594.99
6449,Country A,33689.76
6450,Country A,37662.81
6451,Country A,35857.78
6452,Country A,39152.97
6453,Country A,44747.21
6454,Country A,33393.36
6455,Country A,42666.09
6456,Country A,41755.41
6457,Country A,34748.45
6458,Country A,31245.59
6459,Country A,44965.93
6460,Country A,30507.71
6461,Country A,33966.15
6462,Country A,29049.86
6463,Country A,37473.88
6464,Country A,32824.09
6465,Country A,36531.53
6466,Country A,30844.47
6467,Country A,47299.73
6468,Country A,34395.1
6469,Country A,32639.94
6470,Country A,37557.15
6471,Country A,37643.97
6472,Country A,35056.72
6473,Country A,26030.16
6474,Country A,36282.05
6475,Country A,33386.87
6476,Country A,29065.72
6477,Country A,48676.29
6478,Country A,40142.44
6479,Country A,50418.48
6480,Country A,40191.61
6481,Country A,38262.62
6482,Country A,29685.88
6483,Country A,32779.87
6484,Country A,33920.18
6485,Country A,34629.38
6486,Country A,33439.16
6487,Country A,46291.73
6488,Country A,41966.01
6489,Country A,36208.97
6490,Country A,34325.63
6491,Country A,45911.57
6492,Country A,44096.13
6493,Country A,29722.51
6494,Country A,35488.91
6495,Country A,32577.24
6496,Country A,35062.57
6497,Country A,37286.68
6498,Country A,33593.1
6499,Country A,45322.11
6500,Country A,36313.81
6501,Country A,31453.63
6502,Country A,28576.82
6503,Country A,43438.26
6504,Country A,33346.72
6505,Country A,29934.23
6506,Country A,37314.56
6507,Country A,41664.5
6508,Country A,34780.24
6509,Country A,42177.9
6510,Country A,34391.39
6511,Country A,35923.04
6512,Country A,42027.15
6513,Country A,32303.99
6514,Country A,33752.55
6515,Country A,27959.12
6516,Country A,35305.98
6517,Country A,29081.65
6518,Country A,38152.33
6519,Country A,39597.72
6520,Country A,37465.96
6521,Country A,37282.14
6522,Country A,47463.59
6523,Country A,32858.61
6524,Country A,41757.19
6525,Country A,28221.75
6526,Country A,42972.94
6527,Country A,36317.63
6528,Country A,33329.55
6529,Country A,46779.86
6530,Country A,35153.91
6531,Country A,40263.9
6532,Country A,40152
6533,Country A,33578.95
6534,Country A,37436.82
6535,Country A,33421.93
6536,Country A,26428.13
6537,Country A,32154.98
6538,Country A,25620.49
6539,Country A,35453.44
6540,Country A,38173.16
6541,Country A,36969.5
6542,Country A,29100.18
6543,Country A,43034.65
6544,Country A,33572.18
6545,Country A,28760.61
6546,Country A,33917.63
6547,Country A,41005.02
6548,Country A,41097.85
6549,Country A,39215.33
6550,Country A,27642.68
6551,Country A,48005.78
6552,Country A,43987.07
6553,Country A,33736.25
6554,Country A,40965.72
6555,Country A,28352.37
6556,Country A,36226.41
6557,Country A,45722.47
6558,Country A,39569.92
6559,Country A,45433.34
6560,Country A,24888.05
6561,Country A,36054.71
6562,Country A,41169.33
6563,Country A,34531.76
6564,Country A,37806.55
6565,Country A,36116.64
6566,Country A,38830.97
6567,Country A,36080.31
6568,Country A,36048.77
6569,Country A,34688.72
6570,Country A,35485.64
6571,Country A,37261.34
6572,Country A,31178.6
6573,Country A,34219.78
6574,Country A,39000.67
6575,Country A,33824.62
6576,Country A,37465.3
6577,Country A,53352.95
6578,Country A,39685.82
6579,Country A,29103.16
6580,Country A,37742.36
6581,Country A,41031.88
6582,Country A,26971.68
6583,Country A,36662.96
6584,Country A,37703.09
6585,Country A,51108.12
6586,Country A,45866.56
6587,Country A,29382.43
6588,Country A,36673.99
6589,Country A,35329.12
6590,Country A,32436.51
6591,Country A,40076.92
6592,Country A,37689.52
6593,Country A,29048.35
6594,Country A,26648.04
6595,Country A,36160.43
6596,Country A,52124.57
6597,Country A,30261.74
6598,Country A,40216.38
6599,Country A,32620.58
6600,Country A,30892.09
6601,Country A,35947.82
6602,Country A,46194.26
6603,Country A,35539.03
6604,Country A,37015.94
6605,Country A,25429.46
6606,Country A,34011.79
6607,Country A,43904.46
6608,Country A,32472.63
6609,Country A,33309.55
6610,Country A,32171.64
6611,Country A,29294.94
6612,Country A,35426.53
6613,Country A,31970.23
6614,Country A,38830.08
6615,Country A,30673.34
6616,Country A,31387.34
6617,Country A,34131.59
6618,Country A,40438.33
6619,Country A,36486.13
6620,Country A,42325.46
6621,Country A,34546.35
6622,Country A,32441.14
6623,Country A,27429.27
6624,Country A,40101.69
6625,Country A,44832.21
6626,Country A,35452.56
6627,Country A,39364.75
6628,Country A,32823.81
6629,Country A,36739.32
6630,Country A,43241.48
6631,Country A,35686.41
6632,Country A,31571.05
6633,Country A,32251.92
6634,Country A,27727.39
6635,Country A,30845.05
6636,Country A,31362.37
6637,Country A,40944.02
6638,Country A,32443.34
6639,Country A,40299.36
6640,Country A,41575.15
6641,Country A,40937.4
6642,Country A,36250.69
6643,Country A,50143.98
6644,Country A,38964.94
6645,Country A,46805.15
6646,Country A,43262.35
6647,Country A,43933.78
6648,Country A,30857.57
6649,Country A,31455.12
6650,Country A,36462.14
6651,Country A,34496.41
6652,Country A,37325.39
6653,Country A,29159.85
6654,Country A,38423.78
6655,Country A,34191.89
6656,Country A,32576.55
6657,Country A,31054.48
6658,Country A,33308.26
6659,Country A,44141.5
6660,Country A,38713.19
6661,Country A,32561.88
6662,Country A,36080.39
6663,Country A,45709.78
6664,Country A,30089.06
6665,Country A,42285.8
6666,Country A,38088.45
6667,Country A,31746.87
6668,Country A,28740.34
6669,Country A,45261.56
6670,Country A,28555.88
6671,Country A,32787.3
6672,Country A,35894.34
6673,Country A,31066.03
6674,Country A,40412.7
6675,Country A,39711.16
6676,Country A,33818.78
6677,Country A,38586.74
6678,Country A,41890.7
6679,Country A,33620.08
6680,Country A,36483.08
6681,Country A,38261.7
6682,Country A,30833.84
6683,Country A,33684.09
6684,Country A,39277.12
6685,Country A,35655.68
6686,Country A,28758.86
6687,Country A,37128.11
6688,Country A,41189.63
6689,Country A,36728.73
6690,Country A,43481.46
6691,Country A,35385.96
6692,Country A,32782.19
6693,Country A,35434.63
6694,Country A,43321.56
6695,Country A,32511.93
6696,Country A,40223.42
6697,Country A,42660.27
6698,Country A,53884.23
6699,Country A,25747.49
6700,Country A,32485.71
6701,Country A,36964.11
6702,Country A,32533.53
6703,Country A,44000.48
6704,Country A,46040.48
6705,Country A,36061.54
6706,Country A,33596.93
6707,Country A,42520.97
6708,Country A,27615.94
6709,Country A,34215.4
6710,Country A,36761.05
6711,Country A,50130.9
6712,Country A,28860.6
6713,Country A,35869.17
6714,Country A,30663.96
6715,Country A,32448.86
6716,Country A,36895.13
6717,Country A,39498.86
6718,Country A,34737.64
6719,Country A,41769.73
6720,Country A,35002.2
6721,Country A,30939.46
6722,Country A,41350.6
6723,Country A,30067.61
6724,Country A,33130.12
6725,Country A,31963.91
6726,Country A,33692.28
6727,Country A,43027.55
6728,Country A,46623.13
6729,Country A,36155.86
6730,Country A,42479.97
6731,Country A,41720.04
6732,Country A,30815.59
6733,Country A,36075.06
6734,Country A,42006.47
6735,Country A,35571.41
6736,Country A,34452.93
6737,Country A,27979.29
6738,Country A,33216.8
6739,Country A,42623.04
6740,Country A,41698.9
6741,Country A,36816.93
6742,Country A,35380.59
6743,Country A,32672.32
6744,Country A,36547.41
6745,Country A,33186.97
6746,Country A,32561.44
6747,Country A,31996.87
6748,Country A,47093.6
6749,Country A,32946
6750,Country A,36188.12
6751,Country A,40098.74
6752,Country A,28486.05
6753,Country A,35388.88
6754,Country A,37889.58
6755,Country A,30396.38
6756,Country A,31610.78
6757,Country A,44139.19
6758,Country A,54136.11
6759,Country A,39900.52
6760,Country A,28341.02
6761,Country A,38289.13
6762,Country A,36373.3
6763,Country A,32283.11
6764,Country A,36443.79
6765,Country A,44026.45
6766,Country A,31604.41
6767,Country A,35273.71
6768,Country A,34553.05
6769,Country A,36278.68
6770,Country A,24243.53
6771,Country A,39659.67
6772,Country A,37229.31
6773,Country A,35710.77
6774,Country A,35168.13
6775,Country A,34528.24
6776,Country A,34860.65
6777,Country A,41704.58
6778,Country A,33356.73
6779,Country A,35140.58
6780,Country A,32445.52
6781,Country A,35564.35
6782,Country A,28374.3
6783,Country A,56955.63
6784,Country A,30317.62
6785,Country A,38213.22
6786,Country A,47066.92
6787,Country A,41434.42
6788,Country A,37018.49
6789,Country A,34649.9
6790,Country A,34822.57
6791,Country A,34540.1
6792,Country A,28241.09
6793,Country A,34977.55
6794,Country A,32062.17
6795,Country A,27219.74
6796,Country A,34590.65
6797,Country A,31354.23
6798,Country A,31429.83
6799,Country A,34223.09
6800,Country A,28195.33
6801,Country A,30018.99
6802,Country A,32137.27
6803,Country A,32181.33
6804,Country A,42590.59
6805,Country A,30750.75
6806,Country A,31533.07
6807,Country A,36901.13
6808,Country A,37053.64
6809,Country A,42480.32
6810,Country A,36361.38
6811,Country A,35568.38
6812,Country A,40202.81
6813,Country A,33692.08
6814,Country A,46329.73
6815,Country A,31957.61
6816,Country A,32253.77
6817,Country A,31740.23
6818,Country A,36155.05
6819,Country A,39991.81
6820,Country A,36098.05
6821,Country A,30293.23
6822,Country A,39935.44
6823,Country A,46523.97
6824,Country A,39363.54
6825,Country A,30360.45
6826,Country A,41771.36
6827,Country A,29240.22
6828,Country A,36198.4
6829,Country A,34011.1
6830,Country A,40747.02
6831,Country A,39879.6
6832,Country A,32101.25
6833,Country A,26033.46
6834,Country A,40438.54
6835,Country A,33658.2
6836,Country A,33883.16
6837,Country A,33966.45
6838,Country A,46383.72
6839,Country A,30456.89
6840,Country A,32053.27
6841,Country A,33800.22
6842,Country A,30551.78
6843,Country A,35950.69
6844,Country A,34482.17
6845,Country A,33695.47
6846,Country A,38692.15
6847,Country A,40265.04
6848,Country A,35158.04
6849,Country A,36340.5
6850,Country A,30857.63
6851,Country A,38155.24
6852,Country A,35008.91
6853,Country A,34713.16
6854,Country A,33098.37
6855,Country A,37845.35
6856,Country A,42657.74
6857,Country A,39279.94
6858,Country A,35056.49
6859,Country A,38724.85
6860,Country A,34639.49
6861,Country A,36497.93
6862,Country A,43738.47
6863,Country A,27090.11
6864,Country A,38489.47
6865,Country A,38297.88
6866,Country A,38594.13
6867,Country A,29530.88
6868,Country A,46394.79
6869,Country A,48372.41
6870,Country A,32633.75
6871,Country A,36633.83
6872,Country A,34183.8
6873,Country A,35402.93
6874,Country A,34672.94
6875,Country A,42612.86
6876,Country A,44495.65
6877,Country A,32770.24
6878,Country A,43686.05
6879,Country A,37567.85
6880,Country A,34131.16
6881,Country A,36616.47
6882,Country A,39524.4
6883,Country A,36484.33
6884,Country A,53376.96
6885,Country A,37823.65
6886,Country A,29273.54
6887,Country A,33593.26
6888,Country A,34412.19
6889,Country A,32966.18
6890,Country A,31699.47
6891,Country A,36601.97
6892,Country A,42557.54
6893,Country A,24346.48
6894,Country A,39477.92
6895,Country A,41724.05
6896,Country A,40201.09
6897,Country A,32343.73
6898,Country A,29254.06
6899,Country A,45827.29
6900,Country A,42370.23
6901,Country A,26199.67
6902,Country A,28718.51
6903,Country A,30991.34
6904,Country A,29396.96
6905,Country A,48898.03
6906,Country A,44913.24
6907,Country A,38336.54
6908,Country A,37789.37
6909,Country A,34973.47
6910,Country A,32354.72
6911,Country A,36460.31
6912,Country A,51054.02
6913,Country A,29635.4
6914,Country A,43784.43
6915,Country A,43882.71
6916,Country A,35632.66
6917,Country A,39217.25
6918,Country A,33603.1
6919,Country A,28951.56
6920,Country A,42366.82
6921,Country A,38669.24
6922,Country A,40390.95
6923,Country A,46512.68
6924,Country A,34971.43
6925,Country A,39135.15
6926,Country A,38706.41
6927,Country A,40396.85
6928,Country A,37670.92
6929,Country A,37137.18
6930,Country A,31555
6931,Country A,30857.65
6932,Country A,43297.99
6933,Country A,31937.16
6934,Country A,37581.23
6935,Country A,31118.12
6936,Country A,38592.01
6937,Country A,50223.04
6938,Country A,29112.67
6939,Country A,41057.55
6940,Country A,31352.35
6941,Country A,44626.9
6942,Country A,35436.9
6943,Country A,28480.5
6944,Country A,31523.42
6945,Country A,35165.91
6946,Country A,36669.33
6947,Country A,35675.53
6948,Country A,28477.28
6949,Country A,32725.53
6950,Country A,34538.58
6951,Country A,42226.32
6952,Country A,26885.63
6953,Country A,31748.66
6954,Country A,29230.77
6955,Country A,45908.6
6956,Country A,31649.93
6957,Country A,52765.85
6958,Country A,42484.79
6959,Country A,48197.26
6960,Country A,28340.68
6961,Country A,35278.34
6962,Country A,51996.34
6963,Country A,39600.43
6964,Country A,33614.45
6965,Country A,32886.9
6966,Country A,39854.47
6967,Country A,28634.96
6968,Country A,41658.89
6969,Country A,28591.02
6970,Country A,32997.01
6971,Country A,34531.45
6972,Country A,37822.2
6973,Country A,42664.02
6974,Country A,42231.53
6975,Country A,34647.12
6976,Country A,28421.97
6977,Country A,47475.3
6978,Country A,28765.15
6979,Country A,42763
6980,Country A,33739.56
6981,Country A,35051.9
6982,Country A,50676.13
6983,Country A,37029.48
6984,Country A,38861.82
6985,Country A,46518.72
6986,Country A,33135.71
6987,Country A,35504.66
6988,Country A,42592.62
6989,Country A,38847.29
6990,Country A,32070.02
6991,Country A,32826.41
6992,Country A,32654.47
6993,Country A,39620.86
6994,Country A,34504.6
6995,Country A,42927.77
6996,Country A,40160.29
6997,Country A,31262.24
6998,Country A,38433.43
6999,Country A,35117.81
7000,Country A,35244.75
7001,Country A,36609.73
7002,Country A,40660.59
7003,Country A,37702.34
7004,Country A,33975.14
7005,Country A,36042.69
7006,Country A,33854.7
7007,Country A,24475.15
7008,Country A,37681.58
7009,Country A,32869.94
7010,Country A,26970.4
7011,Country A,47332.75
7012,Country A,40920.69
7013,Country A,34085.43
7014,Country A,29870.54
7015,Country A,27140.92
7016,Country A,47052.89
7017,Country A,42319.48
7018,Country A,37723.15
7019,Country A,40166.07
7020,Country A,33528.49
7021,Country A,37894.62
7022,Country A,36589.07
7023,Country A,34759.58
7024,Country A,40745.74
7025,Country A,32027.58
7026,Country A,35504.82
7027,Country A,33592.32
7028,Country A,27413.76
7029,Country A,38493.37
7030,Country A,46153.65
7031,Country A,42098.12
7032,Country A,43672.04
7033,Country A,32619.66
7034,Country A,35624.63
7035,Country A,40688.03
7036,Country A,34288.74
7037,Country A,38739.41
7038,Country A,26698.61
7039,Country A,34686.61
7040,Country A,38586.12
7041,Country A,52259.97
7042,Country A,34381.94
7043,Country A,39015.28
7044,Country A,41163.48
7045,Country A,25995.78
7046,Country A,32829.6
7047,Country A,44328.41
7048,Country A,32779.25
7049,Country A,38530.83
7050,Country A,38971.02
7051,Country A,32747.72
7052,Country A,44496.02
7053,Country A,36532.2
7054,Country A,30139.13
7055,Country A,31127.27
7056,Country A,44239.8
7057,Country A,40118.79
7058,Country A,41901.18
7059,Country A,35957.75
7060,Country A,46805.51
7061,Country A,38855.19
7062,Country A,37565.78
7063,Country A,42926.94
7064,Country A,32604.11
7065,Country A,37499.84
7066,Country A,42345.53
7067,Country A,46443.55
7068,Country A,44332.11
7069,Country A,32057.24
7070,Country A,32814.84
7071,Country A,34320.73
7072,Country A,35919.03
7073,Country A,35113.95
7074,Country A,42598.28
7075,Country A,37993
7076,Country A,37435.27
7077,Country A,30986.26
7078,Country A,35903.86
7079,Country A,33201.26
7080,Country A,28042.61
7081,Country A,38328.58
7082,Country A,33580.2
7083,Country A,49489.64
7084,Country A,33686.17
7085,Country A,38956.54
7086,Country A,45276.37
7087,Country A,39885.13
7088,Country A,32462.62
7089,Country A,28538.42
7090,Country A,40613.39
7091,Country A,32280.17
7092,Country A,33719.62
7093,Country A,36336.34
7094,Country A,35395.57
7095,Country A,42976.41
7096,Country A,31512.8
7097,Country A,37749.56
7098,Country A,42482.1
7099,Country A,38893.28
7100,Country A,34809.83
7101,Country A,33710.86
7102,Country A,35383.66
7103,Country A,31943.8
7104,Country A,51803.89
7105,Country A,33183.72
7106,Country A,34338.98
7107,Country A,36989.29
7108,Country A,26294.9
7109,Country A,38411.11
7110,Country A,43050.78
7111,Country A,52508.01
7112,Country A,28157.71
7113,Country A,42342.65
7114,Country A,37150.3
7115,Country A,46523.13
7116,Country A,35640.58
7117,Country A,46656.51
7118,Country A,24422.77
7119,Country A,31590.31
7120,Country A,42364.17
7121,Country A,42155.87
7122,Country A,34247.09
7123,Country A,35031.12
7124,Country A,35716.08
7125,Country A,46439.38
7126,Country A,29747.8
7127,Country A,35956.32
7128,Country A,35214.89
7129,Country A,46644.53
7130,Country A,37080.59
7131,Country A,36550.67
7132,Country A,33305.02
7133,Country A,28398.2
7134,Country A,36645.57
7135,Country A,32940.96
7136,Country A,28493.8
7137,Country A,36013.74
7138,Country A,33997.06
7139,Country A,36195.4
7140,Country A,37726.02
7141,Country A,38428.69
7142,Country A,34594.04
7143,Country A,42581.74
7144,Country A,51370.21
7145,Country A,32221.2
7146,Country A,36944.85
7147,Country A,44422.31
7148,Country A,43143.7
7149,Country A,41257.32
7150,Country A,29639.86
7151,Country A,35527.08
7152,Country A,32366.31
7153,Country A,25939.44
7154,Country A,25719.98
7155,Country A,42947.96
7156,Country A,46171.35
7157,Country A,34253.4
7158,Country A,26887.67
7159,Country A,44741.58
7160,Country A,31260.92
7161,Country A,37139.89
7162,Country A,42360.25
7163,Country A,35653.32
7164,Country A,46036.32
7165,Country A,31815.52
7166,Country A,30051.29
7167,Country A,40140.21
7168,Country A,31721.18
7169,Country A,40149.05
7170,Country A,35343.32
7171,Country A,38447.08
7172,Country A,26344.23
7173,Country A,39083.16
7174,Country A,31797.5
7175,Country A,29746.4
7176,Country A,38043.02
7177,Country A,39352.42
7178,Country A,39056.9
7179,Country A,33212.75
7180,Country A,35896.47
7181,Country A,40530.48
7182,Country A,32715.86
7183,Country A,48310.04
7184,Country A,39734.26
7185,Country A,40309.03
7186,Country A,31994.67
7187,Country A,26954.01
7188,Country A,37084.27
7189,Country A,37957.8
7190,Country A,42451.11
7191,Country A,39297.14
7192,Country A,36485.15
7193,Country A,34099.09
7194,Country A,33855.9
7195,Country A,39506.12
7196,Country A,32186.19
7197,Country A,37326.27
7198,Country A,42866.98
7199,Country A,31504.7
7200,Country A,38227.1
7201,Country A,42690.56
7202,Country A,27311.48
7203,Country A,30657.01
7204,Country A,47184.59
7205,Country A,46611.44
7206,Country A,39497.66
7207,Country A,35818.79
7208,Country A,45408.4
7209,Country A,37372.17
7210,Country A,34775.25
7211,Country A,34618.98
7212,Country A,35576.29
7213,Country A,48740.78
7214,Country A,33051.11
7215,Country A,42856.95
7216,Country A,42073.28
7217,Country A,27609.01
7218,Country A,39758.3
7219,Country A,45444.87
7220,Country A,37340.39
7221,Country A,39978.17
7222,Country A,26710.12
7223,Country A,35931.43
7224,Country A,39693.69
7225,Country A,35867.69
7226,Country A,33824.8
7227,Country A,28805.62
7228,Country A,37402.32
7229,Country A,41490.56
7230,Country A,35542.9
7231,Country A,45077.43
7232,Country A,32703.36
7233,Country A,35882.3
7234,Country A,28931.26
7235,Country A,36544.28
7236,Country A,37739.73
7237,Country A,35518.18
7238,Country A,31217.62
7239,Country A,35060.36
7240,Country A,33939.71
7241,Country A,32281.79
7242,Country A,36660.46
7243,Country A,34204.1
7244,Country A,31302.16
7245,Country A,42282.62
7246,Country A,35068.81
7247,Country A,40190.79
7248,Country A,32976.81
7249,Country A,33054.29
7250,Country A,28958.74
7251,Country A,39886.65
7252,Country A,40261.65
7253,Country A,31796.62
7254,Country A,48749.19
7255,Country A,30568.58
7256,Country A,33631.74
7257,Country A,41176.02
7258,Country A,34199.6
7259,Country A,33033.99
7260,Country A,51242.49
7261,Country A,45005.3
7262,Country A,45113.69
7263,Country A,54108.91
7264,Country A,41300.04
7265,Country A,41892.86
7266,Country A,28976.44
7267,Country A,31556.27
7268,Country A,37190.22
7269,Country A,29851.29
7270,Country A,31885.32
7271,Country A,28876.55
7272,Country A,38276.59
7273,Country A,41317.16
7274,Country A,25737.33
7275,Country A,39675.86
7276,Country A,46564.09
7277,Country A,38628.25
7278,Country A,37209.56
7279,Country A,30231.68
7280,Country A,32414.11
7281,Country A,32922.69
7282,Country A,35179.33
7283,Country A,36097.57
7284,Country A,33228.79
7285,Country A,39399.96
7286,Country A,33025.52
7287,Country A,36694.4
7288,Country A,36238.33
7289,Country A,28267.15
7290,Country A,38343.41
7291,Country A,37664.8
7292,Country A,29896.87
7293,Country A,36873.91
7294,Country A,43018.15
7295,Country A,41641.03
7296,Country A,41722.19
7297,Country A,36303.98
7298,Country A,37132.95
7299,Country A,48684.27
7300,Country A,33092.13
7301,Country A,32163.4
7302,Country A,39313.18
7303,Country A,39094.5
7304,Country A,34711.06
7305,Country A,30667.01
7306,Country A,35583.49
7307,Country A,46013.09
7308,Country A,42568.85
7309,Country A,37615.85
7310,Country A,33818.6
7311,Country A,31070.78
7312,Country A,36313.31
7313,Country A,36592.88
7314,Country A,40040.57
7315,Country A,44820.31
7316,Country A,39937.43
7317,Country A,38826.7
7318,Country A,41194.76
7319,Country A,29808.6
7320,Country A,53651.52
7321,Country A,31547.87
7322,Country A,33286.2
7323,Country A,45638.32
7324,Country A,32147.47
7325,Country A,26925.11
7326,Country A,34245.98
7327,Country A,37621.45
7328,Country A,42270.47
7329,Country A,28710.12
7330,Country A,37629.61
7331,Country A,42331.08
7332,Country A,34166.78
7333,Country A,35603.86
7334,Country A,34496.25
7335,Country A,32567.49
7336,Country A,30490.16
7337,Country A,36784.78
7338,Country A,39598.99
7339,Country A,34548.33
7340,Country A,42720.98
7341,Country A,37015
7342,Country A,31417.45
7343,Country A,46356.64
7344,Country A,30887.75
7345,Country A,37282.15
7346,Country A,31654.4
7347,Country A,38158.76
7348,Country A,34615.95
7349,Country A,31340.87
7350,Country A,33277.83
7351,Country A,51497.08
7352,Country A,38442.4
7353,Country A,31635.13
7354,Country A,34087.89
7355,Country A,32817.12
7356,Country A,33901.8
7357,Country A,31089.97
7358,Country A,40669.87
7359,Country A,40303.79
7360,Country A,41357.88
7361,Country A,54393.92
7362,Country A,33051.79
7363,Country A,29030.65
7364,Country A,41097.89
7365,Country A,40266.01
7366,Country A,36822.77
7367,Country A,35744.68
7368,Country A,32246.99
7369,Country A,36436.83
7370,Country A,34308.42
7371,Country A,53647.41
7372,Country A,42685.86
7373,Country A,39502.41
7374,Country A,41784.77
7375,Country A,28586.07
7376,Country A,33866.05
7377,Country A,42661.67
7378,Country A,37592.17
7379,Country A,32032.04
7380,Country A,44380.07
7381,Country A,31801.42
7382,Country A,51080.47
7383,Country A,35709.43
7384,Country A,22389.12
7385,Country A,38333.75
7386,Country A,34252.32
7387,Country A,35431.87
7388,Country A,39768.88
7389,Country A,40868.91
7390,Country A,46484.52
7391,Country A,36094.75
7392,Country A,25878.79
7393,Country A,49540.29
7394,Country A,32884.04
7395,Country A,34665.65
7396,Country A,30089.81
7397,Country A,43701.7
7398,Country A,34867.41
7399,Country A,30893.01
7400,Country A,31472.9
7401,Country A,41675.9
7402,Country A,37069.59
7403,Country A,39105.42
7404,Country A,36487.25
7405,Country A,38330.06
7406,Country A,36591.53
7407,Country A,25516.06
7408,Country A,33144.06
7409,Country A,37204.69
7410,Country A,40304.74
7411,Country A,41081.65
7412,Country A,36491.27
7413,Country A,32774.04
7414,Country A,50335.67
7415,Country A,35145.08
7416,Country A,38842.85
7417,Country A,35037.49
7418,Country A,41375.03
7419,Country A,41412.78
7420,Country A,30796.43
7421,Country A,36569.02
7422,Country A,37517.35
7423,Country A,32511.52
7424,Country A,34448.28
7425,Country A,32321.77
7426,Country A,31277.4
7427,Country A,36088.79
7428,Country A,43248.95
7429,Country A,31971.48
7430,Country A,32204.33
7431,Country A,50758.47
7432,Country A,32530.64
7433,Country A,37797.48
7434,Country A,30566.11
7435,Country A,42024.55
7436,Country A,38316.87
7437,Country A,40637.28
7438,Country A,34858.42
7439,Country A,24611.83
7440,Country A,39443.88
7441,Country A,46089.72
7442,Country A,34973.79
7443,Country A,40545.33
7444,Country A,31083.75
7445,Country A,41375.31
7446,Country A,32435.38
7447,Country A,33512.81
7448,Country A,32942.96
7449,Country A,38373.1
7450,Country A,36513.14
7451,Country A,35292.95
7452,Country A,29213.98
7453,Country A,34798.06
7454,Country A,38212.57
7455,Country A,44854.3
7456,Country A,42582.02
7457,Country A,39169.24
7458,Country A,38900.64
7459,Country A,35400.05
7460,Country A,31847.69
7461,Country A,38077.11
7462,Country A,32112.93
7463,Country A,35626.87
7464,Country A,47379.39
7465,Country A,30243.03
7466,Country A,32235.27
7467,Country A,39115.68
7468,Country A,41020.86
7469,Country A,30591.29
7470,Country A,40748.29
7471,Country A,38150.78
7472,Country A,39984.63
7473,Country A,39285.61
7474,Country A,42141.46
7475,Country A,31988.09
7476,Country A,45178.98
7477,Country A,40086.06
7478,Country A,41364.7
7479,Country A,41202.05
7480,Country A,36803.65
7481,Country A,34863.23
7482,Country A,41751.54
7483,Country A,33646.8
7484,Country A,36429.79
7485,Country A,38910.68
7486,Country A,33998.02
7487,Country A,48648.68
7488,Country A,34224.22
7489,Country A,46373.97
7490,Country A,39186.38
7491,Country A,36195.21
7492,Country A,28281.3
7493,Country A,29730.35
7494,Country A,41674.05
7495,Country A,37642.37
7496,Country A,25077.12
7497,Country A,34597.03
7498,Country A,33787.11
7499,Country A,30207.06
7500,Country A,37108.76
7501,Country A,34151.98
7502,Country A,31591.53
7503,Country A,45716.28
7504,Country A,37557.96
7505,Country A,26622.76
7506,Country A,42355.22
7507,Country A,34464.61
7508,Country A,40928.51
7509,Country A,38331.19
7510,Country A,32685.7
7511,Country A,41615.55
7512,Country A,35407.99
7513,Country A,31001.09
7514,Country A,34136.08
7515,Country A,35557.73
7516,Country A,37149.31
7517,Country A,31300.66
7518,Country A,40633.24
7519,Country A,36289.26
7520,Country A,35504.88
7521,Country A,28827.43
7522,Country A,35502.47
7523,Country A,38030.51
7524,Country A,33318.88
7525,Country A,29321.1
7526,Country A,40468.57
7527,Country A,34600.24
7528,Country A,34456.01
7529,Country A,36154.46
7530,Country A,32976.75
7531,Country A,42730.22
7532,Country A,31763.71
7533,Country A,36231.85
7534,Country A,27765.9
7535,Country A,27474.51
7536,Country A,40945.59
7537,Country A,43085.37
7538,Country A,41427.5
7539,Country A,39831.06
7540,Country A,30791.75
7541,Country A,40722.91
7542,Country A,30686.87
7543,Country A,46892.87
7544,Country A,46033.41
7545,Country A,38296.54
7546,Country A,40358.26
7547,Country A,34520.63
7548,Country A,43391.82
7549,Country A,33813.82
7550,Country A,28788.85
7551,Country A,33827.84
7552,Country A,40178.99
7553,Country A,40673.91
7554,Country A,30990.23
7555,Country A,44219.06
7556,Country A,36852.01
7557,Country A,35478.65
7558,Country A,43982.51
7559,Country A,51237.06
7560,Country A,39741.21
7561,Country A,28271.51
7562,Country A,40713.3
7563,Country A,33102.77
7564,Country A,37453.44
7565,Country A,30583.32
7566,Country A,39776.59
7567,Country A,42197.68
7568,Country A,37628.45
7569,Country A,47730.72
7570,Country A,27919.87
7571,Country A,37239.09
7572,Country A,34210.8
7573,Country A,49653.98
7574,Country A,35978.88
7575,Country A,38351.38
7576,Country A,35194.08
7577,Country A,28550.01
7578,Country A,39472.58
7579,Country A,32765.94
7580,Country A,33848.2
7581,Country A,49308.23
7582,Country A,32172.64
7583,Country A,38301.37
7584,Country A,35643.23
7585,Country A,36638.66
7586,Country A,47918.4
7587,Country A,35248.27
7588,Country A,35583.24
7589,Country A,47302.76
7590,Country A,43552.78
7591,Country A,37945.94
7592,Country A,38429.68
7593,Country A,40348.98
7594,Country A,40856.28
7595,Country A,44688.37
7596,Country A,34080.9
7597,Country A,36660.63
7598,Country A,29303.87
7599,Country A,44129.67
7600,Country A,39196.77
7601,Country A,24363.06
7602,Country A,40800.81
7603,Country A,41779.8
7604,Country A,39176.65
7605,Country A,42528.37
7606,Country A,37808.95
7607,Country A,34961.17
7608,Country A,33439.06
7609,Country A,28321.51
7610,Country A,37513.04
7611,Country A,31810.62
7612,Country A,34812.65
7613,Country A,30826.8
7614,Country A,48025.16
7615,Country A,30132.86
7616,Country A,47173.55
7617,Country A,36902.14
7618,Country A,41679.82
7619,Country A,33079.28
7620,Country A,35937.25
7621,Country A,33375.38
7622,Country A,27485.85
7623,Country A,42904.54
7624,Country A,48179.08
7625,Country A,30849.2
7626,Country A,37906.15
7627,Country A,32546.81
7628,Country A,34683.38
7629,Country A,34275.14
7630,Country A,38153.29
7631,Country A,36702.17
7632,Country A,37215.73
7633,Country A,35468.02
7634,Country A,39355.93
7635,Country A,36596.97
7636,Country A,37888.09
7637,Country A,51219.84
7638,Country A,35492.78
7639,Country A,34368.1
7640,Country A,35561.6
7641,Country A,31088.19
7642,Country A,44584.55
7643,Country A,36241.3
7644,Country A,38840.48
7645,Country A,36118.26
7646,Country A,34434.19
7647,Country A,33828.15
7648,Country A,33458.7
7649,Country A,49107.54
7650,Country A,31183.89
7651,Country A,41651.2
7652,Country A,35582.14
7653,Country A,29212.43
7654,Country A,39352.48
7655,Country A,36358.95
7656,Country A,31581.69
7657,Country A,36407.27
7658,Country A,38521.5
7659,Country A,42580.2
7660,Country A,30265.11
7661,Country A,36956.65
7662,Country A,33151.61
7663,Country A,32693.07
7664,Country A,36182.36
7665,Country A,43037.04
7666,Country A,32269.67
7667,Country A,34855.8
7668,Country A,39106.09
7669,Country A,31166.03
7670,Country A,32647.09
7671,Country A,39737.85
7672,Country A,32566.91
7673,Country A,38026.86
7674,Country A,32676.74
7675,Country A,42035.43
7676,Country A,39263.63
7677,Country A,42378.47
7678,Country A,35439.75
7679,Country A,43100.84
7680,Country A,35504.74
7681,Country A,40229.19
7682,Country A,36353.86
7683,Country A,43327.06
7684,Country A,44229.94
7685,Country A,34207.77
7686,Country A,31487.8
7687,Country A,30886.98
7688,Country A,32533.41
7689,Country A,28298.82
7690,Country A,44748.87
7691,Country A,34054.94
7692,Country A,30416.84
7693,Country A,28486.11
7694,Country A,39015.86
7695,Country A,30513.3
7696,Country A,37392.94
7697,Country A,31205.86
7698,Country A,33140.82
7699,Country A,37432.99
7700,Country A,47489.78
7701,Country A,36083.55
7702,Country A,38213.01
7703,Country A,33789.07
7704,Country A,24740.36
7705,Country A,40523.12
7706,Country A,41811.31
7707,Country A,41823.85
7708,Country A,32669.57
7709,Country A,30850.09
7710,Country A,38638.21
7711,Country A,27178.56
7712,Country A,27454.03
7713,Country A,32906.66
7714,Country A,36477.56
7715,Country A,28031.93
7716,Country A,33649.64
7717,Country A,31399.5
7718,Country A,36001.86
7719,Country A,27630.18
7720,Country A,43734.94
7721,Country A,34332.13
7722,Country A,40987.02
7723,Country A,36060.75
7724,Country A,25964.19
7725,Country A,34059.51
7726,Country A,45014.35
7727,Country A,40794.79
7728,Country A,37175.75
7729,Country A,40312.32
7730,Country A,24885.42
7731,Country A,36070.63
7732,Country A,48392.37
7733,Country A,32964.22
7734,Country A,40164.83
7735,Country A,32615.19
7736,Country A,41516.34
7737,Country A,34501.54
7738,Country A,36017.2
7739,Country A,33100.78
7740,Country A,39483.34
7741,Country A,43235.7
7742,Country A,41776.29
7743,Country A,26869.6
7744,Country A,35753.96
7745,Country A,28955.08
7746,Country A,38933.05
7747,Country A,39159.55
7748,Country A,39665.07
7749,Country A,36357.4
7750,Country A,42080.05
7751,Country A,22398.43
7752,Country A,34617.09
7753,Country A,34558.78
7754,Country A,41367.24
7755,Country A,38471.97
7756,Country A,44718.42
7757,Country A,31299.97
7758,Country A,30570.7
7759,Country A,34061.88
7760,Country A,40469.57
7761,Country A,42774.12
7762,Country A,40304.79
7763,Country A,36078.87
7764,Country A,33048.64
7765,Country A,43816.03
7766,Country A,37739.16
7767,Country A,38522.16
7768,Country A,37445.58
7769,Country A,34973.22
7770,Country A,37261.61
7771,Country A,48725.5
7772,Country A,30576.26
7773,Country A,33324.61
7774,Country A,31964.09
7775,Country A,39912.26
7776,Country A,30681.14
7777,Country A,34447.43
7778,Country A,41801.6
7779,Country A,37668.43
7780,Country A,36154.33
7781,Country A,46916.24
7782,Country A,27119.55
7783,Country A,35863.7
7784,Country A,31252.23
7785,Country A,41585.11
7786,Country A,35500.5
7787,Country A,38592.87
7788,Country A,35445.76
7789,Country A,41588.83
7790,Country A,36336.84
7791,Country A,26245.25
7792,Country A,34838.69
7793,Country A,28284.11
7794,Country A,31151.85
7795,Country A,32042.31
7796,Country A,34429.86
7797,Country A,36697.2
7798,Country A,35136.44
7799,Country A,30579.63
7800,Country A,43887.72
7801,Country A,33764.6
7802,Country A,36767.23
7803,Country A,36194.29
7804,Country A,39214
7805,Country A,28022.39
7806,Country A,43497.31
7807,Country A,33872.04
7808,Country A,38673.11
7809,Country A,33082.22
7810,Country A,38851.84
7811,Country A,37301.24
7812,Country A,35445.77
7813,Country A,35841.33
7814,Country A,32365.73
7815,Country A,32433.42
7816,Country A,37015.35
7817,Country A,36781.81
7818,Country A,34038.57
7819,Country A,34473.28
7820,Country A,29076.36
7821,Country A,35624.05
7822,Country A,47562.72
7823,Country A,46786.17
7824,Country A,49191.73
7825,Country A,40268.26
7826,Country A,47551.59
7827,Country A,35341.67
7828,Country A,37435.4
7829,Country A,33156.85
7830,Country A,40929.86
7831,Country A,30421.58
7832,Country A,45719.82
7833,Country A,39909.62
7834,Country A,37677.56
7835,Country A,41762.97
7836,Country A,31716.34
7837,Country A,38281.16
7838,Country A,31067.81
7839,Country A,34898.59
7840,Country A,42968.9
7841,Country A,39400.58
7842,Country A,39885.72
7843,Country A,41245.17
7844,Country A,29563.3
7845,Country A,36831.71
7846,Country A,40525.7
7847,Country A,48151.66
7848,Country A,29135.95
7849,Country A,42220.96
7850,Country A,26804.81
7851,Country A,30296.29
7852,Country A,51351.15
7853,Country A,42684.26
7854,Country A,34539.53
7855,Country A,32945.91
7856,Country A,40600.28
7857,Country A,39434.22
7858,Country A,41177.94
7859,Country A,45736.32
7860,Country A,42805.09
7861,Country A,30767.24
7862,Country A,37868.1
7863,Country A,36081.92
7864,Country A,33278.72
7865,Country A,42906.88
7866,Country A,33094.86
7867,Country A,35578.16
7868,Country A,31009.75
7869,Country A,41542.11
7870,Country A,35115.69
7871,Country A,29905.45
7872,Country A,46488.21
7873,Country A,40568.07
7874,Country A,36696.23
7875,Country A,36220.59
7876,Country A,36970.55
7877,Country A,31610.69
7878,Country A,37408.11
7879,Country A,31104.24
7880,Country A,34551.81
7881,Country A,41972.4
7882,Country A,33126.31
7883,Country A,33557.48
7884,Country A,44959.35
7885,Country A,29608
7886,Country A,34750.35
7887,Country A,36240.32
7888,Country A,42037.53
7889,Country A,31496.79
7890,Country A,40644.66
7891,Country A,33018.81
7892,Country A,35690.92
7893,Country A,32722.65
7894,Country A,37174.52
7895,Country A,42335.06
7896,Country A,30276.61
7897,Country A,39681.92
7898,Country A,47258.11
7899,Country A,40253.1
7900,Country A,28934.28
7901,Country A,34435.4
7902,Country A,37760.14
7903,Country A,24043.24
7904,Country A,34494.78
7905,Country A,42377.19
7906,Country A,36853.63
7907,Country A,33343.64
7908,Country A,38532.21
7909,Country A,38449.25
7910,Country A,32098.05
7911,Country A,29847.67
7912,Country A,40543.86
7913,Country A,47673.37
7914,Country A,33747.44
7915,Country A,26930.48
7916,Country A,42708.41
7917,Country A,36746.57
7918,Country A,37677.97
7919,Country A,33403.71
7920,Country A,35845.83
7921,Country A,46894
7922,Country A,48806.55
7923,Country A,43267.06
7924,Country A,62909
7925,Country A,53455.91
7926,Country A,39310.6
7927,Country A,33628.62
7928,Country A,34697.01
7929,Country A,30126.67
7930,Country A,40331.96
7931,Country A,40321.66
7932,Country A,36012.76
7933,Country A,39468.34
7934,Country A,34852.08
7935,Country A,29925.95
7936,Country A,36687.99
7937,Country A,28016.06
7938,Country A,33362.71
7939,Country A,35020.04
7940,Country A,29831.96
7941,Country A,40105.22
7942,Country A,39157.93
7943,Country A,33487.76
7944,Country A,46948.93
7945,Country A,32928.65
7946,Country A,33757.41
7947,Country A,35135.71
7948,Country A,36736.25
7949,Country A,32894.13
7950,Country A,39220.27
7951,Country A,27180.46
7952,Country A,33929.98
7953,Country A,30911.81
7954,Country A,35629.69
7955,Country A,35448.99
7956,Country A,36935.36
7957,Country A,38663.91
7958,Country A,44965.93
7959,Country A,34976.97
7960,Country A,28109.21
7961,Country A,32636.27
7962,Country A,42989.7
7963,Country A,31678.91
7964,Country A,41641.47
7965,Country A,34430.25
7966,Country A,42128.85
7967,Country A,37912.09
7968,Country A,35348.71
7969,Country A,36025.42
7970,Country A,29991.63
7971,Country A,30334.53
7972,Country A,33694.38
7973,Country A,28776.49
7974,Country A,36366.92
7975,Country A,38521.5
7976,Country A,31355.22
7977,Country A,35452.9
7978,Country A,43247.27
7979,Country A,33672.06
7980,Country A,35390.61
7981,Country A,43156.25
7982,Country A,30138.93
7983,Country A,27194.36
7984,Country A,49117.12
7985,Country A,42906.29
7986,Country A,32422.96
7987,Country A,23661.31
7988,Country A,36138.57
7989,Country A,49484.36
7990,Country A,37478.21
7991,Country A,39072.79
7992,Country A,43349.93
7993,Country A,31703.64
7994,Country A,45046.35
7995,Country A,37095.94
7996,Country A,38579.72
7997,Country A,43271.29
7998,Country A,35768.54
7999,Country A,38812.11
8000,Country A,38014.7
8001,Country A,27720.72
8002,Country A,35740.34
8003,Country A,47811.44
8004,Country A,42344.13
8005,Country A,36292.16
8006,Country A,51122.86
8007,Country A,36994.25
8008,Country A,35539.08
8009,Country A,29798.89
8010,Country A,59409.92
8011,Country A,32385.6
8012,Country A,29326.66
8013,Country A,44803.89
8014,Country A,36824.19
8015,Country A,40547.68
8016,Country A,38849.19
8017,Country A,37850.27
8018,Country A,40876.35
8019,Country A,35450.8
8020,Country A,31650.78
8021,Country A,36816.61
8022,Country A,41324.44
8023,Country A,36643.24
8024,Country A,23114.51
8025,Country A,35773.85
8026,Country A,33604.63
8027,Country A,39642.37
8028,Country A,40275.16
8029,Country A,41222.11
8030,Country A,40203.02
8031,Country A,29248.23
8032,Country A,50560
8033,Country A,43845.27
8034,Country A,40358.75
8035,Country A,27678.97
8036,Country A,32330.23
8037,Country A,35049.28
8038,Country A,30695.36
8039,Country A,30106.08
8040,Country A,32649.49
8041,Country A,37717.38
8042,Country A,41798.61
8043,Country A,38064.27
8044,Country A,46622.75
8045,Country A,36983.73
8046,Country A,33428.35
8047,Country A,39390.55
8048,Country A,42303.19
8049,Country A,26330.5
8050,Country A,31314.06
8051,Country A,32826.87
8052,Country A,42446.48
8053,Country A,36396.81
8054,Country A,32530.83
8055,Country A,35392.66
8056,Country A,44698.78
8057,Country A,26911.6
8058,Country A,40111.11
8059,Country A,33050.67
8060,Country A,37461.21
8061,Country A,39637.72
8062,Country A,56639.93
8063,Country A,33585.23
8064,Country A,30029.06
8065,Country A,29027.35
8066,Country A,40102.17
8067,Country A,29772.35
8068,Country A,35903.47
8069,Country A,34215.51
8070,Country A,41712.34
8071,Country A,54321.25
8072,Country A,28525
8073,Country A,27405.84
8074,Country A,35485.34
8075,Country A,39184.2
8076,Country A,41219.95
8077,Country A,33112.2
8078,Country A,37179.32
8079,Country A,40514.87
8080,Country A,30349.96
8081,Country A,31838.38
8082,Country A,34941.82
8083,Country A,35735.64
8084,Country A,48617.47
8085,Country A,35549.25
8086,Country A,30254.35
8087,Country A,30869.57
8088,Country A,40811.13
8089,Country A,42493.1
8090,Country A,38992.39
8091,Country A,36332.25
8092,Country A,27266.51
8093,Country A,36807.95
8094,Country A,33186.16
8095,Country A,39189.08
8096,Country A,34879.95
8097,Country A,36585.05
8098,Country A,37394.17
8099,Country A,39152.64
8100,Country A,34477.75
8101,Country A,38816.55
8102,Country A,36790.32
8103,Country A,31222.29
8104,Country A,39680.38
8105,Country A,34593.44
8106,Country A,40641.92
8107,Country A,39585.92
8108,Country A,36616.63
8109,Country A,33983.27
8110,Country A,36915.75
8111,Country A,28991.74
8112,Country A,33422.25
8113,Country A,38353.58
8114,Country A,39665.24
8115,Country A,39304.7
8116,Country A,37247.66
8117,Country A,35182.25
8118,Country A,28970.05
8119,Country A,38420.34
8120,Country A,38606.1
8121,Country A,38272.1
8122,Country A,30405.53
8123,Country A,35118.71
8124,Country A,30451.54
8125,Country A,32308.14
8126,Country A,38362.96
8127,Country A,27717.7
8128,Country A,38518.18
8129,Country A,27762.58
8130,Country A,34907.01
8131,Country A,34381.7
8132,Country A,28689.12
8133,Country A,41879.36
8134,Country A,32734.69
8135,Country A,39862.47
8136,Country A,35673.59
8137,Country A,41791.1
8138,Country A,44994.85
8139,Country A,35249.03
8140,Country A,41313.07
8141,Country A,49112.32
8142,Country A,42283.46
8143,Country A,38897.7
8144,Country A,39041.61
8145,Country A,33395.1
8146,Country A,31083.58
8147,Country A,32275.24
8148,Country A,33831.75
8149,Country A,32623.5
8150,Country A,37735.62
8151,Country A,34369.14
8152,Country A,30696.02
8153,Country A,32937.44
8154,Country A,35466.66
8155,Country A,34118.72
8156,Country A,29723.1
8157,Country A,24653.91
8158,Country A,36435.06
8159,Country A,44115.21
8160,Country A,51836.73
8161,Country A,27008.3
8162,Country A,31618.57
8163,Country A,41715.04
8164,Country A,36887.59
8165,Country A,34944.84
8166,Country A,40019.89
8167,Country A,41313.78
8168,Country A,38637.68
8169,Country A,30351.12
8170,Country A,46857.54
8171,Country A,36768.78
8172,Country A,61728.03
8173,Country A,36579.22
8174,Country A,40985.53
8175,Country A,39011.14
8176,Country A,34066.12
8177,Country A,44820.6
8178,Country A,38838.24
8179,Country A,31523.75
8180,Country A,32055.49
8181,Country A,29594.63
8182,Country A,30161.4
8183,Country A,37201.79
8184,Country A,30722.87
8185,Country A,41014.72
8186,Country A,34791.12
8187,Country A,39509.65
8188,Country A,32555.33
8189,Country A,27102.78
8190,Country A,38403.13
8191,Country A,36681.07
8192,Country A,42847.56
8193,Country A,33833.88
8194,Country A,31388.89
8195,Country A,30262.88
8196,Country A,41175.16
8197,Country A,31661.29
8198,Country A,34603.07
8199,Country A,35349.88
8200,Country A,30168.96
8201,Country A,24271.33
8202,Country A,34313.05
8203,Country A,37602.47
8204,Country A,33679.66
8205,Country A,38493.48
8206,Country A,36444.49
8207,Country A,39037.6
8208,Country A,28759.22
8209,Country A,34888.02
8210,Country A,39040.26
8211,Country A,37127.5
8212,Country A,44201.56
8213,Country A,40119.8
8214,Country A,39824.96
8215,Country A,40910.67
8216,Country A,37351.15
8217,Country A,33632.9
8218,Country A,41602.32
8219,Country A,37845.12
8220,Country A,46940.01
8221,Country A,37920.09
8222,Country A,30400.85
8223,Country A,39640.54
8224,Country A,26312
8225,Country A,33363.75
8226,Country A,39058.09
8227,Country A,35747.85
8228,Country A,50519.13
8229,Country A,37037.51
8230,Country A,38430.29
8231,Country A,33888.01
8232,Country A,32183.68
8233,Country A,41090.14
8234,Country A,38744.54
8235,Country A,36572.58
8236,Country A,34025.74
8237,Country A,39438.31
8238,Country A,41404.71
8239,Country A,36376.48
8240,Country A,35884.68
8241,Country A,38077.31
8242,Country A,34982.57
8243,Country A,31116.25
8244,Country A,44051.57
8245,Country A,39001.37
8246,Country A,39565.82
8247,Country A,32771.98
8248,Country A,36157.07
8249,Country A,35151.56
8250,Country A,32242.93
8251,Country A,32513.11
8252,Country A,28059.2
8253,Country A,36109.8
8254,Country A,33386.37
8255,Country A,28839.25
8256,Country A,38130.35
8257,Country A,28053.11
8258,Country A,34077.57
8259,Country A,29148.83
8260,Country A,37974.89
8261,Country A,41215.09
8262,Country A,38369.9
8263,Country A,48879.67
8264,Country A,27382.63
8265,Country A,35276.99
8266,Country A,43044.53
8267,Country A,39312.19
8268,Country A,33726.89
8269,Country A,36726.96
8270,Country A,43450.8
8271,Country A,33645.56
8272,Country A,32120.39
8273,Country A,37528.47
8274,Country A,46137.23
8275,Country A,24730.09
8276,Country A,41169.06
8277,Country A,40235.01
8278,Country A,30130.23
8279,Country A,48720.54
8280,Country A,35733.32
8281,Country A,33570.13
8282,Country A,39073
8283,Country A,49476.05
8284,Country A,41492.03
8285,Country A,30854.77
8286,Country A,28060.79
8287,Country A,36711.98
8288,Country A,38615.48
8289,Country A,31035.16
8290,Country A,33419.05
8291,Country A,32589.69
8292,Country A,32751.23
8293,Country A,33806.5
8294,Country A,48480.51
8295,Country A,32216.32
8296,Country A,44505.38
8297,Country A,37394.05
8298,Country A,33536.66
8299,Country A,37838.02
8300,Country A,45595.35
8301,Country A,43043.32
8302,Country A,35182.49
8303,Country A,34483.23
8304,Country A,36280.17
8305,Country A,33300.05
8306,Country A,34198.61
8307,Country A,38836.44
8308,Country A,37395.01
8309,Country A,40841.77
8310,Country A,40542.07
8311,Country A,35003.4
8312,Country A,29697.73
8313,Country A,39382.29
8314,Country A,33090.76
8315,Country A,34019.66
8316,Country A,33970.95
8317,Country A,39501.83
8318,Country A,41853.39
8319,Country A,52709.8
8320,Country A,30628.64
8321,Country A,36444.01
8322,Country A,34015.76
8323,Country A,40961.62
8324,Country A,36985.73
8325,Country A,32499.96
8326,Country A,34803.84
8327,Country A,39061.5
8328,Country A,36056.98
8329,Country A,34249.06
8330,Country A,48411.48
8331,Country A,45182.52
8332,Country A,41365.8
8333,Country A,38824.78
8334,Country A,37078.35
8335,Country A,34919.33
8336,Country A,41208.96
8337,Country A,35270.78
8338,Country A,28631.25
8339,Country A,37737.68
8340,Country A,34647.56
8341,Country A,31844.88
8342,Country A,30328.46
8343,Country A,42777.32
8344,Country A,37982.26
8345,Country A,26658.19
8346,Country A,36563.8
8347,Country A,40650.28
8348,Country A,29115.6
8349,Country A,32163.4
8350,Country A,31623.38
8351,Country A,32948.44
8352,Country A,33738.73
8353,Country A,42450.28
8354,Country A,45441.53
8355,Country A,39712.71
8356,Country A,52838.77
8357,Country A,35430.89
8358,Country A,40240.16
8359,Country A,37821.98
8360,Country A,40385.89
8361,Country A,39864.82
8362,Country A,38454.56
8363,Country A,43786.24
8364,Country A,37538.41
8365,Country A,37229.73
8366,Country A,32496.72
8367,Country A,30768.81
8368,Country A,27756.4
8369,Country A,33979.87
8370,Country A,34823.23
8371,Country A,46562.2
8372,Country A,35964.99
8373,Country A,44274.05
8374,Country A,42307.43
8375,Country A,37788.11
8376,Country A,37634.11
8377,Country A,41426.13
8378,Country A,32356.8
8379,Country A,35746.93
8380,Country A,40896.62
8381,Country A,33074.04
8382,Country A,38115.33
8383,Country A,42784.82
8384,Country A,39933.4
8385,Country A,38157.01
8386,Country A,39202.55
8387,Country A,42610.19
8388,Country A,35270.4
8389,Country A,39063.58
8390,Country A,23229.91
8391,Country A,42343.33
8392,Country A,39316.49
8393,Country A,45922.88
8394,Country A,38911.1
8395,Country A,35006.78
8396,Country A,26288.97
8397,Country A,26045.42
8398,Country A,41847.55
8399,Country A,39022.87
8400,Country A,42969.29
8401,Country A,49096.11
8402,Country A,39888.8
8403,Country A,32047.66
8404,Country A,30776.37
8405,Country A,36719.9
8406,Country A,31258.93
8407,Country A,35326.69
8408,Country A,40011.9
8409,Country A,40628.9
8410,Country A,42435.04
8411,Country A,39681.66
8412,Country A,36020.51
8413,Country A,44903.04
8414,Country A,37756.64
8415,Country A,33725.69
8416,Country A,41281.65
8417,Country A,36718.6
8418,Country A,26956.32
8419,Country A,41794.67
8420,Country A,37380.55
8421,Country A,48652.08
8422,Country A,30303.42
8423,Country A,40708.25
8424,Country A,37423.22
8425,Country A,28583.63
8426,Country A,38442.68
8427,Country A,35253.51
8428,Country A,32765.01
8429,Country A,38658.54
8430,Country A,28091.74
8431,Country A,32788.86
8432,Country A,33889.9
8433,Country A,35048.38
8434,Country A,42527.82
8435,Country A,36091.38
8436,Country A,34147.21
8437,Country A,35439.53
8438,Country A,35243.71
8439,Country A,34102.46
8440,Country A,30890.68
8441,Country A,32243.23
8442,Country A,31215.1
8443,Country A,32080.5
8444,Country A,39848.69
8445,Country A,36573.87
8446,Country A,33177.29
8447,Country A,35772.13
8448,Country A,40728.68
8449,Country A,48138.18
8450,Country A,37111.79
8451,Country A,34171.55
8452,Country A,39618.16
8453,Country A,39772.18
8454,Country A,37454.89
8455,Country A,36224.72
8456,Country A,28469.1
8457,Country A,33965.87
8458,Country A,42380.05
8459,Country A,34362.44
8460,Country A,37169.08
8461,Country A,41847.04
8462,Country A,40291.72
8463,Country A,41774.82
8464,Country A,37909.5
8465,Country A,34911.25
8466,Country A,35467.43
8467,Country A,30735.85
8468,Country A,31319.41
8469,Country A,38595.57
8470,Country A,43247.85
8471,Country A,37449.89
8472,Country A,33447.06
8473,Country A,41053.64
8474,Country A,42230.27
8475,Country A,39028.43
8476,Country A,32819.78
8477,Country A,40149.67
8478,Country A,50350.82
8479,Country A,33811.41
8480,Country A,39145.19
8481,Country A,35117.58
8482,Country A,34629.9
8483,Country A,30171.8
8484,Country A,27062.19
8485,Country A,42467.77
8486,Country A,32264.46
8487,Country A,32595.69
8488,Country A,31755.85
8489,Country A,37463.07
8490,Country A,27991.94
8491,Country A,31571.85
8492,Country A,29052.22
8493,Country A,49655.21
8494,Country A,27859.26
8495,Country A,31454.04
8496,Country A,36748.83
8497,Country A,32224.26
8498,Country A,29149.55
8499,Country A,42435.84
8500,Country A,35488.47
8501,Country A,36775.54
8502,Country A,28358.38
8503,Country A,43876.06
8504,Country A,38166.56
8505,Country A,36595.8
8506,Country A,31217.53
8507,Country A,36400.31
8508,Country A,39195.05
8509,Country A,42320.44
8510,Country A,37978.47
8511,Country A,33241.69
8512,Country A,42651.75
8513,Country A,30449.69
8514,Country A,44442.59
8515,Country A,36504.28
8516,Country A,34163.64
8517,Country A,32715.19
8518,Country A,33668.44
8519,Country A,34647.68
8520,Country A,44556.29
8521,Country A,40463.92
8522,Country A,36026.16
8523,Country A,48276.5
8524,Country A,35871.72
8525,Country A,31514.53
8526,Country A,48279.1
8527,Country A,26779.44
8528,Country A,43959.73
8529,Country A,39520.87
8530,Country A,29286.61
8531,Country A,45430.66
8532,Country A,28698.19
8533,Country A,35987.62
8534,Country A,31657.3
8535,Country A,35978.71
8536,Country A,41738.51
8537,Country A,39238.58
8538,Country A,33754.46
8539,Country A,39685.95
8540,Country A,31379.8
8541,Country A,35859.44
8542,Country A,36947.32
8543,Country A,27392.36
8544,Country A,29207.75
8545,Country A,31754.1
8546,Country A,40905.4
8547,Country A,40494.1
8548,Country A,33233.39
8549,Country A,25996.32
8550,Country A,32121.76
8551,Country A,33449.06
8552,Country A,49666.58
8553,Country A,35223.81
8554,Country A,34855.3
8555,Country A,45342.95
8556,Country A,33919.67
8557,Country A,39087.98
8558,Country A,35997.16
8559,Country A,32893.85
8560,Country A,37065.96
8561,Country A,37929.77
8562,Country A,42657.16
8563,Country A,36026.02
8564,Country A,33238.94
8565,Country A,32339.18
8566,Country A,38508.99
8567,Country A,34925.67
8568,Country A,38914.47
8569,Country A,34226.14
8570,Country A,34269.82
8571,Country A,30342.86
8572,Country A,38751.21
8573,Country A,40876.1
8574,Country A,31689.44
8575,Country A,50259.62
8576,Country A,36909.14
8577,Country A,28050.47
8578,Country A,39360.98
8579,Country A,38271.33
8580,Country A,34939.44
8581,Country A,39072.72
8582,Country A,39321.35
8583,Country A,40216.01
8584,Country A,31155.62
8585,Country A,41416.91
8586,Country A,33426.12
8587,Country A,32654.78
8588,Country A,44909.51
8589,Country A,27821.49
8590,Country A,41199.96
8591,Country A,27804.64
8592,Country A,40023.43
8593,Country A,39765.4
8594,Country A,34191.41
8595,Country A,29823.73
8596,Country A,34854.9
8597,Country A,38070.99
8598,Country A,51415.59
8599,Country A,32185.95
8600,Country A,39494.42
8601,Country A,30612.06
8602,Country A,26798.35
8603,Country A,31313.53
8604,Country A,44230.18
8605,Country A,35225.73
8606,Country A,40634.99
8607,Country A,28986.32
8608,Country A,37487.2
8609,Country A,33765.22
8610,Country A,36258.89
8611,Country A,42072.7
8612,Country A,27727.54
8613,Country A,39026.32
8614,Country A,41387.86
8615,Country A,37848.78
8616,Country A,40601.6
8617,Country A,49617.46
8618,Country A,38648.53
8619,Country A,33774.71
8620,Country A,39145.64
8621,Country A,34842.02
8622,Country A,36540.03
8623,Country A,24487.67
8624,Country A,32688.69
8625,Country A,38312.83
8626,Country A,46670.19
8627,Country A,33010.31
8628,Country A,40639.76
8629,Country A,37458.64
8630,Country A,34617.26
8631,Country A,35685.24
8632,Country A,39662.19
8633,Country A,45891.63
8634,Country A,36205.73
8635,Country A,43633.51
8636,Country A,37657.6
8637,Country A,39268.86
8638,Country A,30549.71
8639,Country A,34028.71
8640,Country A,36473.88
8641,Country A,46779
8642,Country A,32049.48
8643,Country A,36822.68
8644,Country A,38835.98
8645,Country A,38885.11
8646,Country A,35587.04
8647,Country A,37099.72
8648,Country A,27187.54
8649,Country A,34548.02
8650,Country A,30667.84
8651,Country A,34589.99
8652,Country A,37369.64
8653,Country A,41308.64
8654,Country A,41115.19
8655,Country A,36091.82
8656,Country A,32902.34
8657,Country A,36099.14
8658,Country A,28617.84
8659,Country A,35113.98
8660,Country A,33321.67
8661,Country A,34686.01
8662,Country A,35782.67
8663,Country A,31485.03
8664,Country A,32055.79
8665,Country A,29448.8
8666,Country A,41579.33
8667,Country A,44364.49
8668,Country A,31175.34
8669,Country A,34283.55
8670,Country A,43215.02
8671,Country A,40606.52
8672,Country A,41222.43
8673,Country A,34096.65
8674,Country A,49179.26
8675,Country A,29806.12
8676,Country A,37783.5
8677,Country A,35624.97
8678,Country A,44854.9
8679,Country A,28916.51
8680,Country A,35682.86
8681,Country A,29298.5
8682,Country A,31977.88
8683,Country A,28864.52
8684,Country A,51888.05
8685,Country A,36768.66
8686,Country A,29301.47
8687,Country A,39707.91
8688,Country A,40870.57
8689,Country A,34520.04
8690,Country A,43061.29
8691,Country A,33248.67
8692,Country A,42579.72
8693,Country A,27947.13
8694,Country A,34407.28
8695,Country A,46963.32
8696,Country A,29478.79
8697,Country A,31311.51
8698,Country A,33374.39
8699,Country A,28895.34
8700,Country A,46517.97
8701,Country A,36796.61
8702,Country A,41981.88
8703,Country A,34491.9
8704,Country A,43881.52
8705,Country A,39973.6
8706,Country A,35331.24
8707,Country A,37747.43
8708,Country A,37531.13
8709,Country A,45911.79
8710,Country A,37784.43
8711,Country A,34249.84
8712,Country A,23788.06
8713,Country A,28688.65
8714,Country A,36254.81
8715,Country A,34417.22
8716,Country A,37254.41
8717,Country A,35955.94
8718,Country A,44978.91
8719,Country A,29396.54
8720,Country A,32576.91
8721,Country A,31703.84
8722,Country A,36442.51
8723,Country A,34409.32
8724,Country A,36023.05
8725,Country A,42768.45
8726,Country A,44134.72
8727,Country A,39414.71
8728,Country A,39008.6
8729,Country A,42117.51
8730,Country A,25729.56
8731,Country A,37305.27
8732,Country A,33368.88
8733,Country A,40186.13
8734,Country A,31337.4
8735,Country A,29793.96
8736,Country A,50693.15
8737,Country A,35014.37
8738,Country A,38263.96
8739,Country A,36545.68
8740,Country A,30092.19
8741,Country A,37952.18
8742,Country A,41232.87
8743,Country A,37593.04
8744,Country A,31596.69
8745,Country A,41826.73
8746,Country A,46690.66
8747,Country A,42734.25
8748,Country A,34803.79
8749,Country A,37316.29
8750,Country A,32494.9
8751,Country A,46478.72
8752,Country A,40554.23
8753,Country A,37334.61
8754,Country A,31894.13
8755,Country A,36226.65
8756,Country A,36255.09
8757,Country A,38074.14
8758,Country A,34476.99
8759,Country A,43458.58
8760,Country A,28793.89
8761,Country A,40630.92
8762,Country A,46439.85
8763,Country A,33929.64
8764,Country A,34363.47
8765,Country A,36808.72
8766,Country A,42199.29
8767,Country A,37598.74
8768,Country A,34921.2
8769,Country A,33263.53
8770,Country A,35694.41
8771,Country A,36480.22
8772,Country A,37627.54
8773,Country A,40208.22
8774,Country A,42674.98
8775,Country A,31597.33
8776,Country A,31621.97
8777,Country A,29159.34
8778,Country A,37065.19
8779,Country A,34500.76
8780,Country A,40857.52
8781,Country A,35394.02
8782,Country A,42011.26
8783,Country A,34007.78
8784,Country A,30700.82
8785,Country A,37392.73
8786,Country A,31419.07
8787,Country A,29626.96
8788,Country A,39805.54
8789,Country A,30510.5
8790,Country A,34568.9
8791,Country A,32144.39
8792,Country A,40759.41
8793,Country A,34858.76
8794,Country A,36399.26
8795,Country A,43097.91
8796,Country A,32923.4
8797,Country A,32736.14
8798,Country A,39590.07
8799,Country A,49181.51
8800,Country A,43017.73
8801,Country A,42479.53
8802,Country A,33796.62
8803,Country A,35814.76
8804,Country A,36623.29
8805,Country A,30867.43
8806,Country A,32013.26
8807,Country A,40564.48
8808,Country A,35383.65
8809,Country A,31350.15
8810,Country A,43779.31
8811,Country A,33737.3
8812,Country A,37541.27
8813,Country A,45317.34
8814,Country A,32024.89
8815,Country A,25632.33
8816,Country A,37943.53
8817,Country A,37173.74
8818,Country A,41695.42
8819,Country A,34880.64
8820,Country A,33262.67
8821,Country A,36574.35
8822,Country A,38784.39
8823,Country A,37917.95
8824,Country A,31366.51
8825,Country A,44021.05
8826,Country A,35089.3
8827,Country A,33419.92
8828,Country A,37370.96
8829,Country A,27587.82
8830,Country A,38474.74
8831,Country A,41443.26
8832,Country A,27720.36
8833,Country A,34481.07
8834,Country A,33135.39
8835,Country A,38937.96
8836,Country A,47283.95
8837,Country A,31942.77
8838,Country A,30067.78
8839,Country A,30754.04
8840,Country A,36928.29
8841,Country A,33101.84
8842,Country A,32083.92
8843,Country A,33512.12
8844,Country A,34055.29
8845,Country A,38507.65
8846,Country A,37590.78
8847,Country A,42305.52
8848,Country A,35656.13
8849,Country A,29963.75
8850,Country A,37909.96
8851,Country A,31733.9
8852,Country A,40863.13
8853,Country A,38661.41
8854,Country A,46338.18
8855,Country A,27517.25
8856,Country A,39567.87
8857,Country A,32656.34
8858,Country A,33139
8859,Country A,36625.88
8860,Country A,41867.9
8861,Country A,30110.32
8862,Country A,29528.41
8863,Country A,31663.6
8864,Country A,39730.85
8865,Country A,40892.74
8866,Country A,32877.02
8867,Country A,47075.12
8868,Country A,31516.63
8869,Country A,29183.11
8870,Country A,44448.66
8871,Country A,38434.04
8872,Country A,27154.08
8873,Country A,44013.05
8874,Country A,31934.43
8875,Country A,31908.19
8876,Country A,35568.08
8877,Country A,41369
8878,Country A,43750.57
8879,Country A,47304.38
8880,Country A,38074.89
8881,Country A,36453.86
8882,Country A,32093.5
8883,Country A,34114.05
8884,Country A,43388.32
8885,Country A,33821.38
8886,Country A,35934.88
8887,Country A,35097.6
8888,Country A,31693.93
8889,Country A,40650.4
8890,Country A,42635.46
8891,Country A,35854.34
8892,Country A,33951.31
8893,Country A,37467.57
8894,Country A,38258.89
8895,Country A,36521.29
8896,Country A,30413.52
8897,Country A,36088.49
8898,Country A,37557.69
8899,Country A,32200.83
8900,Country A,29532.77
8901,Country A,39970.75
8902,Country A,43239.35
8903,Country A,36805.04
8904,Country A,38113.23
8905,Country A,32425.03
8906,Country A,44425.9
8907,Country A,34512.56
8908,Country A,40683.09
8909,Country A,33057.84
8910,Country A,36998.8
8911,Country A,36006.75
8912,Country A,34505.06
8913,Country A,41315
8914,Country A,30723
8915,Country A,38338.36
8916,Country A,34287.79
8917,Country A,39133.89
8918,Country A,39300.63
8919,Country A,34999.98
8920,Country A,39756.1
8921,Country A,47126.2
8922,Country A,39218.69
8923,Country A,26520.16
8924,Country A,37490.08
8925,Country A,31421.68
8926,Country A,30409.21
8927,Country A,35150.34
8928,Country A,37455.9
8929,Country A,37581.86
8930,Country A,36321.6
8931,Country A,39273.28
8932,Country A,39918.64
8933,Country A,38520.03
8934,Country A,49881.84
8935,Country A,30019.2
8936,Country A,43305.19
8937,Country A,39901.5
8938,Country A,26536.86
8939,Country A,38817.21
8940,Country A,45562.88
8941,Country A,37241.32
8942,Country A,34581.08
8943,Country A,39062.45
8944,Country A,27644.45
8945,Country A,34975.74
8946,Country A,41851.74
8947,Country A,31689.28
8948,Country A,32890.66
8949,Country A,34637.37
8950,Country A,36302.69
8951,Country A,41200.67
8952,Country A,33528.03
8953,Country A,52542.51
8954,Country A,35482.25
8955,Country A,41492.84
8956,Country A,42960.83
8957,Country A,30038.12
8958,Country A,34696.15
8959,Country A,39556.13
8960,Country A,39430.41
8961,Country A,44100.02
8962,Country A,36267.14
8963,Country A,42345.4
8964,Country A,39857.85
8965,Country A,40702.09
8966,Country A,37287.7
8967,Country A,39304.64
8968,Country A,35529.08
8969,Country A,35325.99
8970,Country A,39771.05
8971,Country A,36002.42
8972,Country A,39539
8973,Country A,44987.63
8974,Country A,43024.2
8975,Country A,29914.19
8976,Country A,35400.61
8977,Country A,35219.86
8978,Country A,38399.99
8979,Country A,29215.52
8980,Country A,36704.66
8981,Country A,30309.73
8982,Country A,39402.73
8983,Country A,29821.54
8984,Country A,26141.97
8985,Country A,42014.83
8986,Country A,44396.6
8987,Country A,34922.41
8988,Country A,34066.12
8989,Country A,27788.51
8990,Country A,36870.68
8991,Country A,36383.39
8992,Country A,29572.37
8993,Country A,30827.19
8994,Country A,31538.46
8995,Country A,34107.17
8996,Country A,38024.9
8997,Country A,50550.02
8998,Country A,42150.98
8999,Country A,38572.25
9000,Country A,34977.92
9001,Country A,25734.54
9002,Country A,36340.86
9003,Country A,28496.85
9004,Country A,47097.23
9005,Country A,32825.09
9006,Country A,35804.8
9007,Country A,32019.15
9008,Country A,35038.04
9009,Country A,36423.69
9010,Country A,35909.49
9011,Country A,30709.4
9012,Country A,37631.66
9013,Country A,40084.11
9014,Country A,35072.92
9015,Country A,42693.27
9016,Country A,37029.68
9017,Country A,38169.43
9018,Country A,34761.27
9019,Country A,37633.07
9020,Country A,43915.68
9021,Country A,34931.79
9022,Country A,28279.24
9023,Country A,36473.64
9024,Country A,46553.1
9025,Country A,27415.92
9026,Country A,30746.82
9027,Country A,26832.67
9028,Country A,52470.25
9029,Country A,42293.03
9030,Country A,24724.48
9031,Country A,39075.06
9032,Country A,41269.57
9033,Country A,27901.43
9034,Country A,27910.27
9035,Country A,38101.11
9036,Country A,31999.58
9037,Country A,42544.87
9038,Country A,35455.84
9039,Country A,30899.72
9040,Country A,36810.94
9041,Country A,30398.54
9042,Country A,38411.49
9043,Country A,32385.99
9044,Country A,33012.75
9045,Country A,37625.94
9046,Country A,37224.73
9047,Country A,42903.09
9048,Country A,33291.99
9049,Country A,37974.54
9050,Country A,38107.99
9051,Country A,27578.52
9052,Country A,36001.15
9053,Country A,30815.19
9054,Country A,40028.46
9055,Country A,40731.68
9056,Country A,35415.75
9057,Country A,36542.68
9058,Country A,38346.52
9059,Country A,25453.69
9060,Country A,47157.18
9061,Country A,39573.58
9062,Country A,37218.27
9063,Country A,29589.23
9064,Country A,40933.98
9065,Country A,44128.76
9066,Country A,41734.3
9067,Country A,36192.09
9068,Country A,44625.58
9069,Country A,29895.89
9070,Country A,36613.43
9071,Country A,31673.6
9072,Country A,34976.75
9073,Country A,42393.55
9074,Country A,38117.08
9075,Country A,40109.96
9076,Country A,30953.34
9077,Country A,41967.18
9078,Country A,39434.29
9079,Country A,27272.83
9080,Country A,36628.91
9081,Country A,31006.47
9082,Country A,34774.52
9083,Country A,31051.07
9084,Country A,32036.29
9085,Country A,36297.55
9086,Country A,28958.8
9087,Country A,32655.07
9088,Country A,38707.64
9089,Country A,39714.73
9090,Country A,30512.55
9091,Country A,25838.38
9092,Country A,32702.14
9093,Country A,30589.35
9094,Country A,41149.49
9095,Country A,44746.98
9096,Country A,38665.43
9097,Country A,34512.78
9098,Country A,42372.39
9099,Country A,34993.24
9100,Country A,31815.53
9101,Country A,44888.06
9102,Country A,33891.3
9103,Country A,37934.22
9104,Country A,35924.05
9105,Country A,50072.68
9106,Country A,44566.29
9107,Country A,36760.25
9108,Country A,32887.91
9109,Country A,32497.34
9110,Country A,40922.05
9111,Country A,30490.71
9112,Country A,40465.21
9113,Country A,33253.11
9114,Country A,40630.48
9115,Country A,33847.45
9116,Country A,40881.04
9117,Country A,41712.02
9118,Country A,35560.79
9119,Country A,41371.73
9120,Country A,38384.31
9121,Country A,39899.07
9122,Country A,37467.11
9123,Country A,33249.87
9124,Country A,35866.07
9125,Country A,32413.29
9126,Country A,26209.25
9127,Country A,32856.88
9128,Country A,42894.12
9129,Country A,26952.63
9130,Country A,35091.8
9131,Country A,28702.59
9132,Country A,33415.43
9133,Country A,38349.47
9134,Country A,34689.27
9135,Country A,37658.47
9136,Country A,27494.6
9137,Country A,42749.97
9138,Country A,39509.1
9139,Country A,28596.5
9140,Country A,34758.39
9141,Country A,42265.78
9142,Country A,30703.69
9143,Country A,34771.29
9144,Country A,38359
9145,Country A,33872.77
9146,Country A,26506.51
9147,Country A,38902.74
9148,Country A,36865.92
9149,Country A,39927.83
9150,Country A,34553.71
9151,Country A,28248.28
9152,Country A,40246.83
9153,Country A,39183.5
9154,Country A,39307.18
9155,Country A,36155.4
9156,Country A,38434.12
9157,Country A,33407.87
9158,Country A,38316.29
9159,Country A,31231
9160,Country A,34087.5
9161,Country A,31215.86
9162,Country A,30968.8
9163,Country A,40477.94
9164,Country A,31057.85
9165,Country A,29655.5
9166,Country A,36050.92
9167,Country A,33410.42
9168,Country A,34786.61
9169,Country A,32042.59
9170,Country A,36663.87
9171,Country A,31228.75
9172,Country A,24891.2
9173,Country A,30482.61
9174,Country A,33787.92
9175,Country A,31915.62
9176,Country A,33268.26
9177,Country A,30713.32
9178,Country A,44589.81
9179,Country A,33045.91
9180,Country A,36250.83
9181,Country A,45617.57
9182,Country A,36231.99
9183,Country A,36938.21
9184,Country A,36727.53
9185,Country A,36796.42
9186,Country A,31069.38
9187,Country A,35227.49
9188,Country A,31575.93
9189,Country A,31398.97
9190,Country A,37979.16
9191,Country A,27034.33
9192,Country A,40563.01
9193,Country A,44488.05
9194,Country A,47291.27
9195,Country A,30280.47
9196,Country A,39611.23
9197,Country A,35441.22
9198,Country A,34577
9199,Country A,31697.35
9200,Country A,43396.22
9201,Country A,31458.62
9202,Country A,37110.17
9203,Country A,40996.74
9204,Country A,31078.1
9205,Country A,37508.05
9206,Country A,36196.74
9207,Country A,31797.58
9208,Country A,43908.18
9209,Country A,34816.43
9210,Country A,21678.16
9211,Country A,38770.21
9212,Country A,43247.64
9213,Country A,36541.41
9214,Country A,36260.36
9215,Country A,38017.08
9216,Country A,39444.94
9217,Country A,36884.26
9218,Country A,41509.02
9219,Country A,30691.34
9220,Country A,36612.33
9221,Country A,37542.02
9222,Country A,33075.4
9223,Country A,40798.91
9224,Country A,40083.2
9225,Country A,47954.84
9226,Country A,42155.13
9227,Country A,30036.99
9228,Country A,38684.15
9229,Country A,42949.01
9230,Country A,33744.95
9231,Country A,38106.15
9232,Country A,37096.13
9233,Country A,25864.48
9234,Country A,37905.1
9235,Country A,31957.68
9236,Country A,30820.93
9237,Country A,29462.88
9238,Country A,42564.84
9239,Country A,35073.86
9240,Country A,34114.13
9241,Country A,41378.93
9242,Country A,39208.54
9243,Country A,42499.19
9244,Country A,26678.8
9245,Country A,38214.72
9246,Country A,36942.31
9247,Country A,34628.22
9248,Country A,31754.47
9249,Country A,37741.13
9250,Country A,31438.46
9251,Country A,28864.22
9252,Country A,33379.87
9253,Country A,30707.78
9254,Country A,39502.61
9255,Country A,35338.33
9256,Country A,34860.24
9257,Country A,29764.1
9258,Country A,40454.17
9259,Country A,48499.52
9260,Country A,36908.61
9261,Country A,31417.05
9262,Country A,28036.19
9263,Country A,29624.72
9264,Country A,36573.41
9265,Country A,42033.77
9266,Country A,43042.72
9267,Country A,31856.12
9268,Country A,31838.06
9269,Country A,43924.94
9270,Country A,34215.65
9271,Country A,33346.89
9272,Country A,46053.9
9273,Country A,30365.32
9274,Country A,29716.03
9275,Country A,43213.23
9276,Country A,42046.45
9277,Country A,34793.34
9278,Country A,34150.78
9279,Country A,26193.88
9280,Country A,35584.53
9281,Country A,30338.13
9282,Country A,34600.88
9283,Country A,46150.82
9284,Country A,41357.4
9285,Country A,39180.39
9286,Country A,33722.79
9287,Country A,33774.38
9288,Country A,34873.02
9289,Country A,37988.45
9290,Country A,45607.89
9291,Country A,30568.98
9292,Country A,38680.33
9293,Country A,42527.47
9294,Country A,41770.23
9295,Country A,37609.35
9296,Country A,38936.53
9297,Country A,52833.43
9298,Country A,35928.48
9299,Country A,36587.61
9300,Country A,50202.24
9301,Country A,32802.15
9302,Country A,41911.63
9303,Country A,57459.25
9304,Country A,33943.67
9305,Country A,34293.67
9306,Country A,38299.18
9307,Country A,34124.16
9308,Country A,51387.62
9309,Country A,39183.97
9310,Country A,43139.1
9311,Country A,46225.51
9312,Country A,42757.99
9313,Country A,47106.87
9314,Country A,32230.8
9315,Country A,37759.43
9316,Country A,41821.94
9317,Country A,35466.87
9318,Country A,36364.89
9319,Country A,34692.58
9320,Country A,37232.9
9321,Country A,38529.25
9322,Country A,28585.15
9323,Country A,36635.56
9324,Country A,24522.78
9325,Country A,33444.23
9326,Country A,25749.1
9327,Country A,35588.85
9328,Country A,36499.98
9329,Country A,34375.98
9330,Country A,33080.43
9331,Country A,26115.96
9332,Country A,39683.06
9333,Country A,48663.5
9334,Country A,30965.19
9335,Country A,33961.13
9336,Country A,37218.31
9337,Country A,32879.71
9338,Country A,37612
9339,Country A,41586.67
9340,Country A,42061.75
9341,Country A,27540.05
9342,Country A,36590.73
9343,Country A,42773.69
9344,Country A,42180.02
9345,Country A,39449.33
9346,Country A,46993.69
9347,Country A,29366.31
9348,Country A,40342.72
9349,Country A,28935.38
9350,Country A,38353.76
9351,Country A,45588.74
9352,Country A,34751
9353,Country A,33268.24
9354,Country A,25316.57
9355,Country A,31505.17
9356,Country A,38307.06
9357,Country A,37383.2
9358,Country A,39408.18
9359,Country A,32149.75
9360,Country A,28329.53
9361,Country A,34427.22
9362,Country A,35051.39
9363,Country A,47216.97
9364,Country A,34880.69
9365,Country A,37715.58
9366,Country A,33535.56
9367,Country A,28090.64
9368,Country A,33076.51
9369,Country A,48702.13
9370,Country A,44092.92
9371,Country A,46925.15
9372,Country A,41538.44
9373,Country A,29422.89
9374,Country A,36651.85
9375,Country A,36892.33
9376,Country A,37460.83
9377,Country A,43175.54
9378,Country A,24520.89
9379,Country A,32764.69
9380,Country A,34368.46
9381,Country A,38028.25
9382,Country A,37466.39
9383,Country A,24002.54
9384,Country A,39854.8
9385,Country A,34844.81
9386,Country A,38015.24
9387,Country A,29330.31
9388,Country A,29642.09
9389,Country A,38062.29
9390,Country A,35982.64
9391,Country A,37501.35
9392,Country A,30846.38
9393,Country A,26929.91
9394,Country A,33247.62
9395,Country A,33004.96
9396,Country A,32133.91
9397,Country A,32722.87
9398,Country A,42127.85
9399,Country A,35451.67
9400,Country A,33635.17
9401,Country A,29483.33
9402,Country A,34286.24
9403,Country A,32391.52
9404,Country A,29622.89
9405,Country A,36033.94
9406,Country A,48424.12
9407,Country A,35295.85
9408,Country A,36488.76
9409,Country A,36324.35
9410,Country A,32240.1
9411,Country A,38301.17
9412,Country A,33260.79
9413,Country A,33413.94
9414,Country A,34795.3
9415,Country A,40417.99
9416,Country A,28647.51
9417,Country A,31733.89
9418,Country A,41691.88
9419,Country A,40995.07
9420,Country A,31821.93
9421,Country A,37233.56
9422,Country A,37217.8
9423,Country A,36607.5
9424,Country A,40479.26
9425,Country A,38662.46
9426,Country A,47514.79
9427,Country A,47697.89
9428,Country A,40453.15
9429,Country A,34109
9430,Country A,30941.4
9431,Country A,32340.46
9432,Country A,31568.49
9433,Country A,32448.92
9434,Country A,37144.17
9435,Country A,26861.12
9436,Country A,47621.86
9437,Country A,27747.22
9438,Country A,34132.3
9439,Country A,42989.37
9440,Country A,32255.1
9441,Country A,39667.64
9442,Country A,36991.28
9443,Country A,41141.96
9444,Country A,43262.31
9445,Country A,34595.9
9446,Country A,42908.5
9447,Country A,41428.56
9448,Country A,35264.2
9449,Country A,48880.11
9450,Country A,43501.18
9451,Country A,32909.53
9452,Country A,35238.52
9453,Country A,39239.25
9454,Country A,39020.65
9455,Country A,40730.29
9456,Country A,30861.09
9457,Country A,50353.16
9458,Country A,41487.1
9459,Country A,43312.92
9460,Country A,35907.21
9461,Country A,35617.34
9462,Country A,39258.17
9463,Country A,39824.65
9464,Country A,39367.45
9465,Country A,32283.96
9466,Country A,44022.31
9467,Country A,25530.11
9468,Country A,41104.14
9469,Country A,31115.15
9470,Country A,38179.35
9471,Country A,33253.84
9472,Country A,38740.79
9473,Country A,36070.33
9474,Country A,34791.28
9475,Country A,41246.4
9476,Country A,43882.27
9477,Country A,36872.97
9478,Country A,31473.82
9479,Country A,36454.02
9480,Country A,23891.45
9481,Country A,32064.47
9482,Country A,40821.94
9483,Country A,44130.52
9484,Country A,35420.45
9485,Country A,36956.78
9486,Country A,39777.7
9487,Country A,33709.82
9488,Country A,40568.87
9489,Country A,40672.85
9490,Country A,55290.22
9491,Country A,38445.5
9492,Country A,33562.72
9493,Country A,40823.43
9494,Country A,34981.88
9495,Country A,32300.62
9496,Country A,27708.18
9497,Country A,33154.03
9498,Country A,35328.16
9499,Country A,31555.41
9500,Country A,27762.67
9501,Country A,37611.9
9502,Country A,36638.32
9503,Country A,43161.49
9504,Country A,46581.36
9505,Country A,40895.85
9506,Country A,36789.63
9507,Country A,36027.33
9508,Country A,33286.64
9509,Country A,35981.84
9510,Country A,35293.1
9511,Country A,38913.63
9512,Country A,32321.15
9513,Country A,32679.3
9514,Country A,40251.19
9515,Country A,36481.59
9516,Country A,32276.91
9517,Country A,39906.7
9518,Country A,33232.84
9519,Country A,34155.71
9520,Country A,38807.2
9521,Country A,47963.21
9522,Country A,24659.7
9523,Country A,40426.12
9524,Country A,41016.72
9525,Country A,48521.29
9526,Country A,39556.59
9527,Country A,32037.16
9528,Country A,40507.39
9529,Country A,34329.65
9530,Country A,34195.79
9531,Country A,36041.96
9532,Country A,42903.03
9533,Country A,34192.21
9534,Country A,29324.86
9535,Country A,33972.32
9536,Country A,28235.11
9537,Country A,36176.91
9538,Country A,42433.36
9539,Country A,26603.16
9540,Country A,43738.48
9541,Country A,34505.77
9542,Country A,35315.65
9543,Country A,40128.23
9544,Country A,42480.61
9545,Country A,32199.22
9546,Country A,34746.93
9547,Country A,42434.51
9548,Country A,35304.51
9549,Country A,37046.6
9550,Country A,31368.14
9551,Country A,34841.89
9552,Country A,35766.98
9553,Country A,34518.29
9554,Country A,35943.98
9555,Country A,37650.71
9556,Country A,32468.94
9557,Country A,45241.91
9558,Country A,34494.05
9559,Country A,39705.46
9560,Country A,33353.61
9561,Country A,33123.1
9562,Country A,30701.04
9563,Country A,32223.26
9564,Country A,32925.65
9565,Country A,42094.53
9566,Country A,33723.83
9567,Country A,30739.28
9568,Country A,35652.45
9569,Country A,37902.2
9570,Country A,51094.89
9571,Country A,42943.94
9572,Country A,31421.73
9573,Country A,37475
9574,Country A,37284.01
9575,Country A,42104.6
9576,Country A,36813.95
9577,Country A,29410.9
9578,Country A,32968.41
9579,Country A,28698.56
9580,Country A,29364.53
9581,Country A,44183.21
9582,Country A,42672.9
9583,Country A,34499.16
9584,Country A,38970.92
9585,Country A,36628.28
9586,Country A,37020.63
9587,Country A,44292.26
9588,Country A,36566.49
9589,Country A,35196.97
9590,Country A,34109.53
9591,Country A,39812.48
9592,Country A,40384.02
9593,Country A,36063.52
9594,Country A,33794.3
9595,Country A,34985.63
9596,Country A,37567.57
9597,Country A,33933.58
9598,Country A,38996.11
9599,Country A,43961.31
9600,Country A,38043.22
9601,Country A,31795.88
9602,Country A,40418.52
9603,Country A,37353.66
9604,Country A,42583.21
9605,Country A,34898.43
9606,Country A,29361.51
9607,Country A,30974.83
9608,Country A,37214.15
9609,Country A,42583.82
9610,Country A,31460.65
9611,Country A,36989.42
9612,Country A,42012.46
9613,Country A,34449.11
9614,Country A,33480.2
9615,Country A,39094.56
9616,Country A,33339.85
9617,Country A,26915.04
9618,Country A,39505.52
9619,Country A,35334.23
9620,Country A,30516.87
9621,Country A,33622.8
9622,Country A,28423.97
9623,Country A,30572.97
9624,Country A,38745.41
9625,Country A,35959.84
9626,Country A,35804.32
9627,Country A,32421.28
9628,Country A,37883.58
9629,Country A,36558
9630,Country A,47282.24
9631,Country A,30494.16
9632,Country A,36557.94
9633,Country A,36753.05
9634,Country A,55494.18
9635,Country A,40101.95
9636,Country A,37820.19
9637,Country A,40771.1
9638,Country A,31546.63
9639,Country A,36074.58
9640,Country A,42919.86
9641,Country A,37130.56
9642,Country A,26818.38
9643,Country A,40206.94
9644,Country A,35688.27
9645,Country A,31313.8
9646,Country A,41657.69
9647,Country A,42446.8
9648,Country A,37471.19
9649,Country A,33953.87
9650,Country A,39699.8
9651,Country A,43807.31
9652,Country A,34839.65
9653,Country A,38758.07
9654,Country A,36150.44
9655,Country A,43449.94
9656,Country A,37778.23
9657,Country A,48134.13
9658,Country A,36452.34
9659,Country A,44130.08
9660,Country A,36873.37
9661,Country A,35635.74
9662,Country A,34434.02
9663,Country A,34845.09
9664,Country A,29168.46
9665,Country A,31754.99
9666,Country A,37175.66
9667,Country A,33027.48
9668,Country A,34747.59
9669,Country A,45278.29
9670,Country A,41509.96
9671,Country A,27913.24
9672,Country A,43054.42
9673,Country A,29984.97
9674,Country A,36609.02
9675,Country A,40459.5
9676,Country A,31623.01
9677,Country A,37238.07
9678,Country A,42123.58
9679,Country A,36113.55
9680,Country A,49301
9681,Country A,39539.75
9682,Country A,36016.93
9683,Country A,32464.35
9684,Country A,36669.06
9685,Country A,33406.82
9686,Country A,35215.53
9687,Country A,37724.92
9688,Country A,45891.13
9689,Country A,31922.75
9690,Country A,36975.5
9691,Country A,29570.75
9692,Country A,41197.59
9693,Country A,47719.71
9694,Country A,30568.27
9695,Country A,33866.71
9696,Country A,49110.01
9697,Country A,34228.42
9698,Country A,39155.62
9699,Country A,37000.31
9700,Country A,34205.24
9701,Country A,36583.69
9702,Country A,29214.48
9703,Country A,42547.69
9704,Country A,30235.53
9705,Country A,33929.97
9706,Country A,37413.35
9707,Country A,40216.83
9708,Country A,34132.99
9709,Country A,34272.6
9710,Country A,31406.29
9711,Country A,47495.17
9712,Country A,37399.69
9713,Country A,33005.05
9714,Country A,30849.23
9715,Country A,43077.72
9716,Country A,37176.36
9717,Country A,34047.62
9718,Country A,37578.92
9719,Country A,43531.08
9720,Country A,43732.99
9721,Country A,35564.15
9722,Country A,43025.16
9723,Country A,28556.98
9724,Country A,32138.63
9725,Country A,38513.6
9726,Country A,31298.33
9727,Country A,33045.93
9728,Country A,32115.94
9729,Country A,37325.57
9730,Country A,35314.56
9731,Country A,35159.8
9732,Country A,32014.07
9733,Country A,39641.63
9734,Country A,42331.85
9735,Country A,37718.32
9736,Country A,30704.07
9737,Country A,40074.16
9738,Country A,49023.91
9739,Country A,33962.56
9740,Country A,32522.24
9741,Country A,25474.83
9742,Country A,30552.74
9743,Country A,34857.48
9744,Country A,33671.57
9745,Country A,39164.62
9746,Country A,28629.75
9747,Country A,37357.87
9748,Country A,33929.67
9749,Country A,36941.72
9750,Country A,38614.31
9751,Country A,35649.12
9752,Country A,31260.53
9753,Country A,35629.9
9754,Country A,46502.45
9755,Country A,42681.64
9756,Country A,33906.7
9757,Country A,24309.63
9758,Country A,46665.35
9759,Country A,31697.34
9760,Country A,33664.66
9761,Country A,31256.92
9762,Country A,37980.91
9763,Country A,29704.78
9764,Country A,43435.19
9765,Country A,34957.35
9766,Country A,42764.64
9767,Country A,35483.64
9768,Country A,41798.39
9769,Country A,30607.76
9770,Country A,38018.7
9771,Country A,39279.48
9772,Country A,31787.37
9773,Country A,32539.24
9774,Country A,35263.44
9775,Country A,37710.43
9776,Country A,34328.26
9777,Country A,33516.76
9778,Country A,28861.88
9779,Country A,29904.66
9780,Country A,54072.38
9781,Country A,40770.9
9782,Country A,35939.16
9783,Country A,33680.69
9784,Country A,28678.54
9785,Country A,30193.91
9786,Country A,37172.79
9787,Country A,33266.43
9788,Country A,30363.05
9789,Country A,36439.59
9790,Country A,36211.98
9791,Country A,27103.13
9792,Country A,27274.18
9793,Country A,32996.6
9794,Country A,36770.25
9795,Country A,38171
9796,Country A,36134.39
9797,Country A,42501.26
9798,Country A,34710.77
9799,Country A,44050.86
9800,Country A,39644.81
9801,Country A,40525.35
9802,Country A,33977.07
9803,Country A,39925.7
9804,Country A,35176.59
9805,Country A,30742.33
9806,Country A,38697.99
9807,Country A,44143.46
9808,Country A,33564.82
9809,Country A,40237.77
9810,Country A,43019.28
9811,Country A,34719.46
9812,Country A,34694.99
9813,Country A,37306.06
9814,Country A,38214.28
9815,Country A,33184.55
9816,Country A,30118.51
9817,Country A,38420.21
9818,Country A,34811.76
9819,Country A,30433.7
9820,Country A,38869.25
9821,Country A,36328.2
9822,Country A,39417.75
9823,Country A,48931.31
9824,Country A,34040.46
9825,Country A,35983.3
9826,Country A,47315.65
9827,Country A,35980.3
9828,Country A,39515.35
9829,Country A,43876.88
9830,Country A,44760.17
9831,Country A,33292.3
9832,Country A,34208.36
9833,Country A,32974.39
9834,Country A,36301.3
9835,Country A,40392
9836,Country A,31683.35
9837,Country A,34181.64
9838,Country A,29193.21
9839,Country A,37595.65
9840,Country A,45925.2
9841,Country A,35839.91
9842,Country A,52393.76
9843,Country A,40274.45
9844,Country A,36031.72
9845,Country A,39963.77
9846,Country A,36295.42
9847,Country A,32898.37
9848,Country A,36853.59
9849,Country A,30886.23
9850,Country A,40248.22
9851,Country A,41282.7
9852,Country A,36629.59
9853,Country A,33138.04
9854,Country A,33649.38
9855,Country A,41232.82
9856,Country A,32689.65
9857,Country A,38902.89
9858,Country A,42481.45
9859,Country A,40010.1
9860,Country A,34440.18
9861,Country A,40234.54
9862,Country A,37736.81
9863,Country A,31248.79
9864,Country A,45517.11
9865,Country A,35191.2
9866,Country A,46491.82
9867,Country A,36302.75
9868,Country A,36755.77
9869,Country A,42095.98
9870,Country A,42897.05
9871,Country A,32991.81
9872,Country A,34496.67
9873,Country A,32374.88
9874,Country A,38355.42
9875,Country A,26926.95
9876,Country A,31911.09
9877,Country A,50756.66
9878,Country A,31980.69
9879,Country A,47474.52
9880,Country A,30003.01
9881,Country A,40946.72
9882,Country A,33846.25
9883,Country A,30348.09
9884,Country A,37148.02
9885,Country A,32155.84
9886,Country A,50487.6
9887,Country A,37939.52
9888,Country A,29284.04
9889,Country A,40281.66
9890,Country A,48542.46
9891,Country A,45253.3
9892,Country A,30740.43
9893,Country A,38304.12
9894,Country A,38023.64
9895,Country A,31063.23
9896,Country A,36104.55
9897,Country A,35860.04
9898,Country A,32294.91
9899,Country A,35971.1
9900,Country A,27070.67
9901,Country A,43554.5
9902,Country A,40179.54
9903,Country A,33990.42
9904,Country A,33494.25
9905,Country A,37321.32
9906,Country A,40403.74
9907,Country A,53837.06
9908,Country A,34378.33
9909,Country A,32843.3
9910,Country A,41519.84
9911,Country A,32846.68
9912,Country A,36202.2
9913,Country A,33374.6
9914,Country A,45487.43
9915,Country A,42744.44
9916,Country A,32737.46
9917,Country A,49390.36
9918,Country A,47670.27
9919,Country A,30822.11
9920,Country A,40132.99
9921,Country A,37289.34
9922,Country A,35497.61
9923,Country A,37971.72
9924,Country A,31051.95
9925,Country A,46410.5
9926,Country A,42128.3
9927,Country A,33395.38
9928,Country A,28130.68
9929,Country A,28225.28
9930,Country A,27293.88
9931,Country A,32809.97
9932,Country A,39239.44
9933,Country A,31425.37
9934,Country A,44202.17
9935,Country A,32792.81
9936,Country A,37751.76
9937,Country A,37227.77
9938,Country A,35068.86
9939,Country A,38356.48
9940,Country A,34518.09
9941,Country A,36315.91
9942,Country A,31436.98
9943,Country A,45986.02
9944,Country A,46011.99
9945,Country A,43368.18
9946,Country A,48872.77
9947,Country A,36050.22
9948,Country A,41731.42
9949,Country A,43584.89
9950,Country A,37467.33
9951,Country A,31887.48
9952,Country A,36100.6
9953,Country A,27708.33
9954,Country A,39095.17
9955,Country A,32171.23
9956,Country A,41014.9
9957,Country A,38571.01
9958,Country A,40778.12
9959,Country A,31979.98
9960,Country A,39605.07
9961,Country A,45721.56
9962,Country A,36728.92
9963,Country A,41921.15
9964,Country A,39295.72
9965,Country A,36513.44
9966,Country A,39726.48
9967,Country A,37466.54
9968,Country A,37428.03
9969,Country A,33758.31
9970,Country A,47758.19
9971,Country A,40464.4
9972,Country A,26947
9973,Country A,38262.53
9974,Country A,42676.76
9975,Country A,32451.91
9976,Country A,37146.97
9977,Country A,28179.21
9978,Country A,47085.57
9979,Country A,38372.14
9980,Country A,33223.01
9981,Country A,40224.01
9982,Country A,43370.66
9983,Country A,31833.59
9984,Country A,44300.73
9985,Country A,34778.36
9986,Country A,38301.49
9987,Country A,35002.87
9988,Country A,30889.05
9989,Country A,29576.41
9990,Country A,48176.89
9991,Country A,32732.91
9992,Country A,36544.4
9993,Country A,27631.95
9994,Country A,35539.65
9995,Country A,34006.47
9996,Country A,32087.01
9997,Country A,37548.36
9998,Country A,34937.46
9999,Country A,41598.9
10000,Country A,40575.63
