GEOID,NAME,county_fips,population,median_rent,median_income,median_age,college_share,wfh_share,foreign_born_share,poverty_rate,homeownership_rate
55001950100,Census Tract 9501; Adams County; Wisconsin,55001,3415,1411,79286,63.9,0.3614740368509213,0.21988205560235888,0.7037037037037037,0.05170387779083431,0.9544887780548629
55001950201,Census Tract 9502.01; Adams County; Wisconsin,55001,1564,767,60688,57.1,0.12648221343873522,0.1014760147601476,0.13953488372093023,0.17774936061381075,0.93
55001950203,Census Tract 9502.03; Adams County; Wisconsin,55001,1089,1131,59444,53.2,0.08807134894091417,0.0738255033557047,0.11504424778761062,0.13774104683195593,0.89375
55001950204,Census Tract 9502.04; Adams County; Wisconsin,55001,2060,995,46458,58.1,0.15974253949678174,0.07556675062972293,0.36681222707423583,0.14611650485436894,0.8911111111111111
55001950400,Census Tract 9504; Adams County; Wisconsin,55001,4753,766,50504,50.1,0.13331508349301946,0.06134969325153374,0.1945392491467577,0.21272024065320155,0.6903158984981874
55001950501,Census Tract 9505.01; Adams County; Wisconsin,55001,1534,1135,43510,62.2,0.1272430668841762,0.12085769980506822,0.12077294685990338,0.13624511082138202,0.8990825688073395
55001950502,Census Tract 9505.02; Adams County; Wisconsin,55001,3128,753,55542,51.2,0.11310661062285055,0.08703878902554399,0.2571428571428571,0.15777171795870665,0.9115456238361266
55001950700,Census Tract 9507; Adams County; Wisconsin,55001,3580,1255,72986,49.6,0.17085076708507674,0.07364975450081833,0.2,0.10614525139664804,0.9239130434782609
55003940000,Census Tract 9400; Ashland County; Wisconsin,55003,1887,465,65341,35.2,0.13650793650793647,0.07429963459196103,0.16,0.11134789557805008,0.9466192170818505
55003950300,Census Tract 9503; Ashland County; Wisconsin,55003,2680,768,50114,38.2,0.3383503913305238,0.11760409057706354,0.2925170068027211,0.12979732643380767,0.6435845213849287
55003950400,Census Tract 9504; Ashland County; Wisconsin,55003,2350,734,39500,43.8,0.2968574635241302,0.04195205479452055,0.19796954314720813,0.22607110300820418,0.5357852882703777
55003950500,Census Tract 9505; Ashland County; Wisconsin,55003,2303,847,77578,37.6,0.21027397260273972,0.10009624639076034,0.0582010582010582,0.036244541484716154,0.8959899749373433
55003950600,Census Tract 9506; Ashland County; Wisconsin,55003,1530,591,65781,52.3,0.18404907975460127,0.07704160246533127,0.06172839506172839,0.12433155080213903,0.90311986863711
55003950700,Census Tract 9507; Ashland County; Wisconsin,55003,2132,625,61250,55,0.19274241522903035,0.11358574610244988,0.14935064935064934,0.12071395021136684,0.8456104944500504
55003950800,Census Tract 9508; Ashland County; Wisconsin,55003,3198,820,66281,45,0.2887630662020906,0.12844036697247707,0.0970464135021097,0.16994917407878019,0.7659222497932175
55005000100,Census Tract 1; Barron County; Wisconsin,55005,3754,846,75292,54.9,0.2572293207800942,0.10051107325383304,0.07659574468085106,0.06721792477994132,0.8916876574307305
55005000200,Census Tract 2; Barron County; Wisconsin,55005,4123,911,64331,45.4,0.2751137556877844,0.08383894098179813,0.06806282722513089,0.2420897718910964,0.7633451957295374
55005000300,Census Tract 3; Barron County; Wisconsin,55005,4175,797,71071,48,0.20985639686684077,0.09905660377358491,0.06048387096774194,0.06716417910447761,0.7994428969359332
55005000400,Census Tract 4; Barron County; Wisconsin,55005,5879,923,65240,43.1,0.1908935962990017,0.05682747342600163,0.38082901554404147,0.13267429760665972,0.8216318785578748
55005000500,Census Tract 5; Barron County; Wisconsin,55005,5102,752,57264,34.6,0.3304777594728171,0.07240204429301533,0.29876543209876544,0.11640530759951749,0.6056622851365016
55005000601,Census Tract 6.01; Barron County; Wisconsin,55005,2272,1035,52000,43.7,0.2678571428571429,0.05980650835532102,0.1111111111111111,0.1347708894878706,0.5789946140035906
55005000602,Census Tract 6.02; Barron County; Wisconsin,55005,3486,871,61705,42.8,0.1877133105802048,0.08893709327548807,0.05198776758409786,0.08111308466548253,0.6486486486486487
55005000800,Census Tract 8; Barron County; Wisconsin,55005,5679,937,73519,42.7,0.2501256913021619,0.08072048032021348,0.20266666666666666,0.07998578030572343,0.83718820861678
55005000900,Census Tract 9; Barron County; Wisconsin,55005,4929,858,67540,46.4,0.16318948270934552,0.09685534591194969,0.2098360655737705,0.12157744176542705,0.8430379746835444
55005001001,Census Tract 10.01; Barron County; Wisconsin,55005,1968,1134,71111,48.1,0.2016689847009736,0.09513960703205791,0.12987012987012986,0.09053916581892167,0.9472222222222222
55005001003,Census Tract 10.03; Barron County; Wisconsin,55005,1490,1115,87202,51.9,0.24040920716112535,0.08458390177353342,0.024271844660194174,0.04832214765100671,0.8509036144578314
55005001004,Census Tract 10.04; Barron County; Wisconsin,55005,3940,820,64464,51.8,0.23149350649350653,0.11105424769703173,0.029535864978902954,0.09105018106570098,0.8804007514088916
55007960100,Census Tract 9601; Bayfield County; Wisconsin,55007,2978,692,65069,53.7,0.37311446317657493,0.15857605177993528,0.16326530612244897,0.17587258556421553,0.8841978287092883
55007960200,Census Tract 9602; Bayfield County; Wisconsin,55007,1851,800,73385,58.4,0.3788860103626943,0.10980392156862745,0.06363636363636363,0.08698001080497028,0.8883553421368547
55007960300,Census Tract 9603; Bayfield County; Wisconsin,55007,3714,838,73523,49.9,0.39985969835145563,0.1405672009864365,0.14084507042253522,0.05763927192498621,0.7824609109449354
55007960401,Census Tract 9604.01; Bayfield County; Wisconsin,55007,2124,747,66250,55.6,0.2975106253794778,0.13277511961722488,0.10191082802547771,0.09051516610495908,0.7976570820021299
55007960402,Census Tract 9604.02; Bayfield County; Wisconsin,55007,3406,1101,77788,48.5,0.26930615444923556,0.08233173076923077,0.07142857142857142,0.07916421424367275,0.9207317073170732
55007960600,Census Tract 9606; Bayfield County; Wisconsin,55007,2502,857,65179,61.5,0.376,0.2035306334371755,0.059782608695652176,0.10245078344716754,0.8826530612244898
55009000100,Census Tract 1; Brown County; Wisconsin,55009,2911,939,63895,33.8,0.18096809680968096,0.10301837270341208,0.41839762611275966,0.11510289501220788,0.550321199143469
55009000200,Census Tract 2; Brown County; Wisconsin,55009,6541,857,67857,39.1,0.22643601685517856,0.0674614713579529,0.2958579881656805,0.14806308375440208,0.7066167290886392
55009000302,Census Tract 3.02; Brown County; Wisconsin,55009,4006,772,52875,35.8,0.2851737186102511,0.0558848433530906,0.4020618556701031,0.1469182389937107,0.44404846756949395
55009000303,Census Tract 3.03; Brown County; Wisconsin,55009,2776,859,55467,36.5,0.2016932270916335,0.08030726256983241,0.3527336860670194,0.20074766355140186,0.5737211634904714
55009000401,Census Tract 4.01; Brown County; Wisconsin,55009,5126,758,56635,35.5,0.11368421052631583,0.11020104244229337,0.1918876755070203,0.20353982300884957,0.5126373626373626
55009000402,Census Tract 4.02; Brown County; Wisconsin,55009,2215,1153,87097,39.8,0.3789599521817095,0.16708023159636062,0.47388059701492535,0.04424379232505643,0.8309692671394799
55009000500,Census Tract 5; Brown County; Wisconsin,55009,2758,996,64222,40.5,0.21933267909715404,0.08451612903225807,0.26136363636363635,0.0674401740391588,0.8423114593535749
55009000600,Census Tract 6; Brown County; Wisconsin,55009,3888,1313,72500,41.9,0.2740300594197833,0.09417528579205225,0.3717171717171717,0.11368312757201646,0.8814172089660159
55009000700,Census Tract 7; Brown County; Wisconsin,55009,4828,1145,68771,30.8,0.25216811207471646,0.10531697341513292,0.20930232558139536,0.1496427070197562,0.772264631043257
55009000800,Census Tract 8; Brown County; Wisconsin,55009,1996,933,57281,29.5,0.09864253393665157,0.07335490830636461,0.32275132275132273,0.20390781563126253,0.362116991643454
55009000900,Census Tract 9; Brown County; Wisconsin,55009,3817,936,45364,32.6,0.05847457627118646,0.027261462205700124,0.41648106904231624,0.23592042588960493,0.551487414187643
55009001000,Census Tract 10; Brown County; Wisconsin,55009,1232,975,53160,51.6,0.3784505788067676,0.11509715994020926,0.4603174603174603,0.2510822510822511,0.37846153846153846
55009001100,Census Tract 11; Brown County; Wisconsin,55009,2244,827,60865,32.5,0.14152966404574696,0.08177777777777778,0.25,0.11698283649503162,0.5180722891566265
55009001200,Census Tract 12; Brown County; Wisconsin,55009,2441,1033,46198,31.4,0.1875,0.10907504363001745,0.5058275058275058,0.24237358963643962,0.38064516129032255
55009001300,Census Tract 13; Brown County; Wisconsin,55009,2404,849,64891,39.9,0.41803743618831535,0.14765694076038904,0.6086956521739131,0.10366624525916561,0.5120307988450433
55009001400,Census Tract 14; Brown County; Wisconsin,55009,3364,1029,66851,38.8,0.23860967590418036,0.14180024660912455,0.4144385026737968,0.1260053619302949,0.7504215851602024
55009001600,Census Tract 16; Brown County; Wisconsin,55009,6343,874,45186,29.5,0.176749079431878,0.16208153795160757,0.8281036834924966,0.3242944978716696,0.5232129697862933
55009001701,Census Tract 17.01; Brown County; Wisconsin,55009,3767,805,39508,29.3,0.11708860759493667,0.10916289592760181,0.4526166902404526,0.2256437483408548,0.47313237221494103
55009001702,Census Tract 17.02; Brown County; Wisconsin,55009,3888,983,66176,29.2,0.22445695897023332,0.0756108805901337,0.5555555555555556,0.2041028304336536,0.1876274643099932
55009001801,Census Tract 18.01; Brown County; Wisconsin,55009,5458,1077,79485,42.4,0.2996216897856242,0.08144020574367766,0.23022598870056496,0.06857257097161136,0.4698019801980198
55009001802,Census Tract 18.02; Brown County; Wisconsin,55009,6712,1124,108103,25.5,0.44359800761793144,0.07277187244480784,0.21020408163265306,0.08035714285714286,0.8569604086845466
55009002001,Census Tract 20.01; Brown County; Wisconsin,55009,9060,1000,79949,38.5,0.30084408345277913,0.12681963977300764,0.3640960809102402,0.1345466726217061,0.7419904567143831
55009002002,Census Tract 20.02; Brown County; Wisconsin,55009,4696,896,65882,35.4,0.3316993464052288,0.11425462459194777,0.20031545741324921,0.08543357539513029,0.5888417222559127
55009002003,Census Tract 20.03; Brown County; Wisconsin,55009,3523,1209,72260,43.6,0.40392760877936085,0.16533180778032036,0.14004914004914004,0.07694499857509261,0.7204850031908104
55009010100,Census Tract 101; Brown County; Wisconsin,55009,5937,1100,97713,41,0.536271186440678,0.14380604450348722,0.0917941585535466,0.02290719218460502,0.7731060606060606
55009010201,Census Tract 102.01; Brown County; Wisconsin,55009,4855,1105,60172,21.7,0.259167492566898,0.08263422818791946,0.17713004484304934,0.10978603998596984,0.556403731976251
55009010202,Census Tract 102.02; Brown County; Wisconsin,55009,5031,1013,73781,40.4,0.2813504823151125,0.09140625,0.10479573712255773,0.10162932790224033,0.6688778330569375
55009010300,Census Tract 103; Brown County; Wisconsin,55009,7319,1095,82974,42.4,0.37092264678471576,0.1301594746716698,0.12936046511627908,0.044624467939036114,0.6669925057021832
55009020100,Census Tract 201; Brown County; Wisconsin,55009,5706,961,104660,49.6,0.27572859744990896,0.20830650354153252,0.1053639846743295,0.0418801908464393,0.9148843299869053
55009020203,Census Tract 202.03; Brown County; Wisconsin,55009,6566,1169,107637,42.3,0.42192921582234555,0.1684652278177458,0.09233449477351917,0.04112092598233323,0.8351603735282176
55009020204,Census Tract 202.04; Brown County; Wisconsin,55009,6419,1510,124757,41.5,0.49020995517810806,0.21591284252228457,0.12609457092819615,0.0084125253154697,0.9648265754763068
55009020502,Census Tract 205.02; Brown County; Wisconsin,55009,5664,1019,64464,34.8,0.2399030694668821,0.10893854748603352,0.3115942028985507,0.08818841862936072,0.4494010739363899
55009020504,Census Tract 205.04; Brown County; Wisconsin,55009,7675,1299,130406,40.1,0.445447409733124,0.15663801337153774,0.21866666666666668,0.005732899022801303,0.7893152746425884
55009020505,Census Tract 205.05; Brown County; Wisconsin,55009,5260,1085,83594,47.2,0.3367680321688866,0.17576664173522813,0.30859375,0.0568793235972329,0.6631865637766682
55009020506,Census Tract 205.06; Brown County; Wisconsin,55009,2488,1112,77165,46.1,0.40490430622009566,0.10872781065088757,0.0390625,0.09807073954983923,0.7843336724313327
55009020600,Census Tract 206; Brown County; Wisconsin,55009,5709,885,93594,39.2,0.24192256341789053,0.07588985896574882,0.07394366197183098,0.08189806678383128,0.8495893223819302
55009020702,Census Tract 207.02; Brown County; Wisconsin,55009,7989,1197,137630,35.7,0.4844696229732369,0.10675990675990676,0.491183879093199,0.03418054338299737,0.7774336283185841
55009020703,Census Tract 207.03; Brown County; Wisconsin,55009,7572,1213,82861,42.3,0.29854280510018216,0.10380539499036609,0.2564102564102564,0.03187516671112297,0.8114895080839353
55009020704,Census Tract 207.04; Brown County; Wisconsin,55009,8870,1128,85822,40.6,0.30940310711365493,0.1181151832460733,0.2825040128410915,0.04771078875793291,0.6084471260717688
55009020800,Census Tract 208; Brown County; Wisconsin,55009,2445,1088,57188,38.9,0.26608505997818976,0.12537612838515547,0.12341197822141561,0.10004221190375685,0.6963302752293578
55009020900,Census Tract 209; Brown County; Wisconsin,55009,2765,1306,95857,46.4,0.5308924485125859,0.15298507462686567,0.09443099273607748,0.025,0.9623824451410659
55009021200,Census Tract 212; Brown County; Wisconsin,55009,5006,1049,98312,43.4,0.35097419694576093,0.12603966730646193,0.07093821510297482,0.03570712136409228,0.7919154800183739
55009021301,Census Tract 213.01; Brown County; Wisconsin,55009,3020,1007,79837,46.7,0.26634906886097875,0.1787375415282392,0.16619718309859155,0.1119205298013245,0.7297959183673469
55009021302,Census Tract 213.02; Brown County; Wisconsin,55009,6019,1067,90865,44.1,0.37038734815493923,0.15122287289011369,0.10787671232876712,0.051891529963173755,0.8596059113300493
55009021303,Census Tract 213.03; Brown County; Wisconsin,55009,4090,855,41887,39,0.28431015653440117,0.1072340425531915,0.3799126637554585,0.24329844268572887,0.35373054213633925
55009021304,Census Tract 213.04; Brown County; Wisconsin,55009,2311,1034,58750,40.1,0.33989266547406083,0.0980544747081712,0.3609022556390977,0.07615750757247945,0.4331087584215592
55009021400,Census Tract 214; Brown County; Wisconsin,55009,8875,1034,109750,37.1,0.39242012236573764,0.11468855218855219,0.2628458498023715,0.028328611898016998,0.7954319761668321
55009021500,Census Tract 215; Brown County; Wisconsin,55009,3316,1150,91176,41.7,0.20827886710239651,0.0834319526627219,0.2169811320754717,0.056009688162276715,0.8940568475452196
55009021600,Census Tract 216; Brown County; Wisconsin,55009,6510,895,75980,35.3,0.28332083020755183,0.143245078071962,0.6774193548387096,0.061224489795918366,0.7665979381443299
55009940002,Census Tract 9400.02; Brown County; Wisconsin,55009,4642,1197,108125,40.7,0.44599745870393903,0.20017072129748187,0.2554945054945055,0.029297716501507972,0.8270348837209303
55009940003,Census Tract 9400.03; Brown County; Wisconsin,55009,3609,890,76912,35.8,0.41596989966555187,0.11363636363636363,0.17798594847775176,0.09897136502641089,0.6884765625
55009940004,Census Tract 9400.04; Brown County; Wisconsin,55009,3146,1076,75125,40.2,0.29502093997208,0.07676490747087046,0.18406593406593408,0.15159235668789808,0.7085253456221198
55009940005,Census Tract 9400.05; Brown County; Wisconsin,55009,7285,1378,104602,38.6,0.571021571021571,0.17191533298915848,0.3737957610789981,0.03980168020933756,0.7130177514792899
55009940007,Census Tract 9400.07; Brown County; Wisconsin,55009,3966,1071,110446,34.5,0.4565305297209866,0.2330978809283552,0.6554455445544555,0.046142208774583963,0.7265238879736409
55009940008,Census Tract 9400.08; Brown County; Wisconsin,55009,6711,1207,86207,33.1,0.47789430392761667,0.13013854190324778,0.5190839694656488,0.07967115097159941,0.45583650848631796
55011960100,Census Tract 9601; Buffalo County; Wisconsin,55011,2471,1206,84904,46,0.20657534246575338,0.1339820359281437,0.1267605633802817,0.07116564417177915,0.8918918918918919
55011960200,Census Tract 9602; Buffalo County; Wisconsin,55011,3013,893,54412,39.6,0.1748381128584644,0.05540355677154583,0.2835820895522388,0.1317024128686327,0.5713178294573643
55011960300,Census Tract 9603; Buffalo County; Wisconsin,55011,2181,780,70500,53,0.26460071513706795,0.10164271047227925,0.1826086956521739,0.09672897196261682,0.7701271186440678
55011960400,Census Tract 9604; Buffalo County; Wisconsin,55011,2451,744,77250,50,0.20108695652173914,0.0940677966101695,0.08982035928143713,0.0647010647010647,0.884180790960452
55011960500,Census Tract 9605; Buffalo County; Wisconsin,55011,3277,842,75000,46.9,0.2602389078498294,0.11554015020219527,0.14965986394557823,0.05714285714285714,0.8384379785604901
55013970400,Census Tract 9704; Burnett County; Wisconsin,55013,4570,807,64911,61.1,0.24356913183279738,0.1622618315918869,0.07258064516129033,0.13016710642040458,0.8668341708542714
55013970600,Census Tract 9706; Burnett County; Wisconsin,55013,2247,650,67500,51.9,0.25874125874125875,0.07861271676300578,0.16129032258064516,0.10595130748422002,0.8853591160220995
55013970700,Census Tract 9707; Burnett County; Wisconsin,55013,2721,1042,58452,58.2,0.23215898825654924,0.11725452812202097,0.1188118811881188,0.11020408163265306,0.909410729991205
55013970800,Census Tract 9708; Burnett County; Wisconsin,55013,2292,726,54512,57.2,0.18157033805888767,0.1084070796460177,0.11055276381909548,0.18402471315092675,0.8155053974484789
55013970900,Census Tract 9709; Burnett County; Wisconsin,55013,3030,783,57727,44.1,0.1838202247191011,0.07112970711297072,0.07317073170731707,0.13507109004739337,0.8192771084337349
55015020100,Census Tract 201; Calumet County; Wisconsin,55015,4930,808,66990,38.3,0.18105446118192348,0.07889467360833,0.08,0.09284253578732106,0.8053235908141962
55015020200,Census Tract 202; Calumet County; Wisconsin,55015,3288,1075,73750,43.4,0.16659655027345388,0.16009557945041816,0.38783269961977185,0.07866544230180594,0.8752978554408261
55015020303,Census Tract 203.03; Calumet County; Wisconsin,55015,3941,1130,81927,41.2,0.31042901988140914,0.08601633829889477,0.2699228791773779,0.03939008894536213,0.888646288209607
55015020304,Census Tract 203.04; Calumet County; Wisconsin,55015,3501,809,58692,36.8,0.2900634249471459,0.13893557422969188,0.403954802259887,0.17994858611825193,0.6015100671140939
55015020306,Census Tract 203.06; Calumet County; Wisconsin,55015,7331,1363,104322,42.5,0.4070847851335656,0.15667744342203432,0.3501144164759725,0.03677375256322625,0.9694339622641509
55015020308,Census Tract 203.08; Calumet County; Wisconsin,55015,5355,1402,122866,41.4,0.4838888888888889,0.20244716351501668,0.46839080459770116,0.019461077844311378,0.811011116993118
55015020400,Census Tract 204; Calumet County; Wisconsin,55015,3248,744,73523,52.9,0.19992236024844723,0.12693498452012383,0.04,0.051463790446841295,0.921124828532236
55015020500,Census Tract 205; Calumet County; Wisconsin,55015,5324,971,80750,40.4,0.18715740015661708,0.10769774011299435,0.1559633027522936,0.07388510959939532,0.7153541575010999
55015020600,Census Tract 206; Calumet County; Wisconsin,55015,5210,790,66278,44.7,0.23844345782188558,0.08628485305199698,0.12105263157894737,0.07982866043613707,0.7752703338034791
55015020700,Census Tract 207; Calumet County; Wisconsin,55015,4875,1425,141286,36.4,0.5080475857242828,0.17373600271462505,0.29906542056074764,0.012952302631578948,0.9410131852879945
55015020800,Census Tract 208; Calumet County; Wisconsin,55015,5939,1290,102906,41.8,0.5164784512560499,0.21159179145867998,0.6424116424116424,0.03367570298029971,0.6842369477911646
55017010100,Census Tract 101; Chippewa County; Wisconsin,55017,3059,1097,98365,39.1,0.28334866605335784,0.09445460085313832,0.08717948717948718,0.11575139756658993,0.8219584569732937
55017010200,Census Tract 102; Chippewa County; Wisconsin,55017,6969,1196,66114,41.1,0.2521121351766513,0.10632911392405063,0.2741652021089631,0.09683480271715565,0.6771964461994077
55017010300,Census Tract 103; Chippewa County; Wisconsin,55017,5619,833,58245,42.7,0.2518387014963226,0.09009009009009009,0.08480565371024736,0.14596832253419725,0.5967604433077579
55017010400,Census Tract 104; Chippewa County; Wisconsin,55017,5263,985,100486,43.9,0.32551944592434734,0.18392523364485983,0.09689922480620156,0.059847036328871894,0.8428927680798005
55017010500,Census Tract 105; Chippewa County; Wisconsin,55017,6083,927,69297,38.3,0.1977970471056949,0.11713286713286714,0.009900990099009901,0.12818562190947128,0.5209141871496334
55017010700,Census Tract 107; Chippewa County; Wisconsin,55017,8384,994,87572,48.3,0.35731727169135596,0.1375378170816849,0.19883040935672514,0.08155943554173643,0.7267457907811207
55017010800,Census Tract 108; Chippewa County; Wisconsin,55017,6918,922,83381,40.4,0.1509507939619682,0.11460192788289897,0.234375,0.1463589193057792,0.83163512857836
55017010900,Census Tract 109; Chippewa County; Wisconsin,55017,5797,752,57880,41.5,0.15210766886744542,0.08586911213005419,0.04735376044568245,0.1638830897703549,0.7250755287009063
55017011001,Census Tract 110.01; Chippewa County; Wisconsin,55017,3274,829,67545,42.3,0.15006412997007268,0.08881987577639752,0.039473684210526314,0.12871287128712872,0.7938066465256798
55017011002,Census Tract 110.02; Chippewa County; Wisconsin,55017,4304,1250,91250,49.5,0.2661022074387662,0.16151202749140894,0.1549636803874092,0.0294049008168028,0.9337822671156004
55017011100,Census Tract 111; Chippewa County; Wisconsin,55017,4385,854,77983,46,0.23756564720420137,0.13694117647058823,0.03343465045592705,0.10206896551724139,0.8995865327820437
55017011200,Census Tract 112; Chippewa County; Wisconsin,55017,6744,889,68897,38.5,0.23521535371568847,0.07601977750309023,0.12072892938496584,0.047884354765848514,0.7946009389671361
55019950100,Census Tract 9501; Clark County; Wisconsin,55019,4881,878,62976,34.9,0.14933515172178657,0.10238751147842057,0.49324324324324326,0.11183246073298429,0.7029177718832891
55019950200,Census Tract 9502; Clark County; Wisconsin,55019,4642,840,70234,33.9,0.09145059565522073,0.10597689603214465,0.36585365853658536,0.12446448703494926,0.7957446808510639
55019950300,Census Tract 9503; Clark County; Wisconsin,55019,4609,838,61447,34.9,0.10018484288354901,0.09341252699784017,0.088,0.10599078341013825,0.812992125984252
55019950400,Census Tract 9504; Clark County; Wisconsin,55019,4027,716,68917,32.9,0.11450692746536262,0.18492784607161947,0.07168458781362007,0.10981486178037028,0.8134130146082338
55019950500,Census Tract 9505; Clark County; Wisconsin,55019,5140,852,74844,32.5,0.13201871657754005,0.14958927799394725,0.08994708994708994,0.1055403823644167,0.831603229527105
55019950600,Census Tract 9506; Clark County; Wisconsin,55019,4870,802,67736,35.2,0.1536351165980796,0.14436296975252064,0.25,0.1661831744716121,0.8243243243243243
55019950700,Census Tract 9507; Clark County; Wisconsin,55019,3431,754,66607,44.4,0.1698272229245681,0.07466340269277846,0.11481481481481481,0.12369907820398454,0.7900072411296162
55019950800,Census Tract 9508; Clark County; Wisconsin,55019,3139,1033,63309,50.3,0.1306575576430401,0.1247498332221481,0.14358974358974358,0.11543367346938775,0.843036109064112
55021970100,Census Tract 9701; Columbia County; Wisconsin,55021,4277,742,80000,39.9,0.19310587407667956,0.09915296462381665,0.09848484848484848,0.10316529894490035,0.8205128205128205
55021970200,Census Tract 9702; Columbia County; Wisconsin,55021,5497,982,85286,43.7,0.17916235780765255,0.10293621329733378,0.2885714285714286,0.05704760140766809,0.8017795353435492
55021970300,Census Tract 9703; Columbia County; Wisconsin,55021,4319,979,70475,46.8,0.23906976744186048,0.05476566614007372,0.2084130019120459,0.10150023441162681,0.7222222222222222
55021970401,Census Tract 9704.01; Columbia County; Wisconsin,55021,2760,1150,70355,42.4,0.18370044052863432,0.10587102983638114,0.23049645390070922,0.08115468409586056,0.35343035343035345
55021970402,Census Tract 9704.02; Columbia County; Wisconsin,55021,3838,829,76750,35.1,0.19139700078926603,0.05038387715930902,0.3736842105263158,0.092904953145917,0.6827773995915589
55021970500,Census Tract 9705; Columbia County; Wisconsin,55021,4098,1001,60787,36.8,0.22347949080622342,0.06526315789473684,0.18872549019607843,0.1999493799038218,0.6951066499372648
55021970700,Census Tract 9707; Columbia County; Wisconsin,55021,4467,896,97667,44.6,0.27434456928838946,0.130997079682937,0.05166051660516605,0.07299596954769369,0.8142137660884163
55021970800,Census Tract 9708; Columbia County; Wisconsin,55021,5942,1384,117895,49.5,0.4066258225550261,0.16916070266753416,0.13861386138613863,0.035084745762711866,0.8424576604962584
55021970900,Census Tract 9709; Columbia County; Wisconsin,55021,4975,1268,122165,46.3,0.380578847714363,0.20540129326740206,0.284,0.019095477386934675,0.9312039312039312
55021971000,Census Tract 9710; Columbia County; Wisconsin,55021,4110,925,90595,44.9,0.23388704318936882,0.0929816718819848,0.09556313993174062,0.0881630648330059,0.8304878048780487
55021971100,Census Tract 9711; Columbia County; Wisconsin,55021,3639,1142,90135,40.4,0.24732949876746102,0.0951129795060431,0.13306451612903225,0.06861111111111111,0.7961538461538461
55021971200,Census Tract 9712; Columbia County; Wisconsin,55021,5669,874,76616,40.4,0.27538314176245215,0.1840902163974398,1.0684931506849316,0.06824712643678162,0.6728734659331358
55023960100,Census Tract 9601; Crawford County; Wisconsin,55023,2837,765,58438,46.1,0.19933554817275745,0.08699472759226713,0.5436893203883495,0.1625314635023373,0.7688848920863309
55023960200,Census Tract 9602; Crawford County; Wisconsin,55023,2385,788,70481,55.7,0.20263157894736838,0.12446808510638298,0.1380952380952381,0.0869382612347753,0.8910133843212237
55023960300,Census Tract 9603; Crawford County; Wisconsin,55023,2411,869,68719,45.1,0.17198581560283688,0.06057781919850885,0.06748466257668712,0.14285714285714285,0.8612204724409449
55023960400,Census Tract 9604; Crawford County; Wisconsin,55023,2692,772,73487,48.1,0.17736045905059994,0.05327868852459016,0.0797872340425532,0.08364451082897685,0.7824591573516767
55023960500,Census Tract 9605; Crawford County; Wisconsin,55023,1824,838,60114,43.2,0.17194570135746612,0.073224043715847,0.12562814070351758,0.14309484193011648,0.7202007528230866
55023960600,Census Tract 9606; Crawford County; Wisconsin,55023,3893,770,53103,46.7,0.17453157529493413,0.03711066931742876,0.14163090128755365,0.19357914812460267,0.6539895600298284
55025000100,Census Tract 1; Dane County; Wisconsin,55025,2576,1624,99954,37.9,0.7576227390180879,0.2174984596426371,0.8497409326424871,0.05046583850931677,0.6482142857142857
55025000201,Census Tract 2.01; Dane County; Wisconsin,55025,2483,1190,98214,38.8,0.6631944444444444,0.3238493723849372,0.1620795107033639,0.031010873942811115,0.7837837837837838
55025000202,Census Tract 2.02; Dane County; Wisconsin,55025,3262,1646,135556,39.7,0.756244616709733,0.15226848974518334,0.7270194986072424,0.06437768240343347,0.6626506024096386
55025000204,Census Tract 2.04; Dane County; Wisconsin,55025,5449,1376,80890,34.6,0.661194833153929,0.2557266241081487,0.3428232502965599,0.15031238515251746,0.6093276801938219
55025000205,Census Tract 2.05; Dane County; Wisconsin,55025,4867,1471,111771,55.1,0.7843240399789584,0.3158798283261803,0.300796812749004,0.024039449352784056,0.8377862595419847
55025000301,Census Tract 3.01; Dane County; Wisconsin,55025,3511,1199,51418,34.5,0.6013441811107181,0.17385057471264367,0.7735849056603774,0.23624964377315474,0.14148351648351648
55025000302,Census Tract 3.02; Dane County; Wisconsin,55025,2266,1462,150221,44.2,0.7901554404145078,0.27088830255057167,0.5223367697594502,0.012797881729920565,0.853448275862069
55025000401,Census Tract 4.01; Dane County; Wisconsin,55025,3453,1750,143672,43.2,0.8718553459119497,0.24561403508771928,0.2808988764044944,0.04662612221256878,0.8139381985535832
55025000402,Census Tract 4.02; Dane County; Wisconsin,55025,3145,1627,106477,47.2,0.751603249251817,0.239375,0.4436974789915966,0.10842607313195549,0.8300086730268864
55025000406,Census Tract 4.06; Dane County; Wisconsin,55025,3798,1498,91003,33,0.6740608228980323,0.1212406015037594,0.43820224719101125,0.06529752501316483,0.33112216694306246
55025000407,Census Tract 4.07; Dane County; Wisconsin,55025,4777,1266,82145,38.8,0.5628865979381443,0.18916857360793288,0.27906976744186046,0.07933849696462215,0.894524959742351
55025000408,Census Tract 4.08; Dane County; Wisconsin,55025,2040,1362,44276,70.4,0.5383720930232558,0.08897742363877822,0.4582043343653251,0.11385099685204617,0.1317365269461078
55025000409,Census Tract 4.09; Dane County; Wisconsin,55025,3956,1426,79632,32.7,0.6891133557800224,0.22011605415860735,0.6634382566585957,0.04903943377148635,0.4711864406779661
55025000410,Census Tract 4.10; Dane County; Wisconsin,55025,2333,1428,61017,27.5,0.6010818120351589,0.15715948777648428,0.43201376936316693,0.07072438919845692,0.026869158878504672
55025000501,Census Tract 5.01; Dane County; Wisconsin,55025,5182,1243,99159,39.5,0.5285326086956521,0.2856532877882152,0.43610013175230566,0.05414813382324502,0.8039940828402367
55025000504,Census Tract 5.04; Dane County; Wisconsin,55025,7497,1703,109551,34.6,0.5679462571976968,0.24368432819137045,0.37733142037302725,0.06882753101240496,0.6553359683794466
55025000505,Census Tract 5.05; Dane County; Wisconsin,55025,3467,1428,92274,35.2,0.5127982646420824,0.21174728529121423,0.4226579520697168,0.1161849710982659,0.672573189522342
55025000506,Census Tract 5.06; Dane County; Wisconsin,55025,3765,1240,62558,32.6,0.42713567839195976,0.17169260700389105,0.5355805243445693,0.05604249667994688,0.6357702349869452
55025000600,Census Tract 6; Dane County; Wisconsin,55025,5346,1148,66474,32.4,0.42753832803008385,0.07462686567164178,0.7445255474452555,0.1627384960718294,0.5599268069533394
55025000700,Census Tract 7; Dane County; Wisconsin,55025,2944,1314,136167,41.1,0.828966880869995,0.2640990371389271,0.2638190954773869,0.05163511187607573,0.8754612546125461
55025000800,Census Tract 8; Dane County; Wisconsin,55025,3952,1703,100636,33.6,0.7247771836007131,0.343778801843318,0.3925233644859813,0.10197368421052631,0.6450534759358288
55025000901,Census Tract 9.01; Dane County; Wisconsin,55025,2125,1603,183750,43.7,0.9221556886227544,0.31711409395973156,0.461038961038961,0.05411764705882353,0.8084632516703786
55025000902,Census Tract 9.02; Dane County; Wisconsin,55025,5677,1425,41620,24.1,0.8540983606557377,0.16831124894276853,0.2557471264367816,0.33986572309925606,0.2926267281105991
55025001000,Census Tract 10; Dane County; Wisconsin,55025,2518,1588,125000,31.3,0.8173970783532536,0.15165262475696695,0.23423423423423423,0.07850834151128558,0.6754675467546755
55025001101,Census Tract 11.01; Dane County; Wisconsin,55025,5280,1700,16755,20.9,0.2545454545454545,0.2022804054054054,0.4113573407202216,0.8603550295857988,0
55025001102,Census Tract 11.02; Dane County; Wisconsin,55025,4055,1049,10114,19,0,0.14317507418397626,0.527363184079602,0.8894230769230769,0
55025001200,Census Tract 12; Dane County; Wisconsin,55025,6554,1533,60865,24.5,0.723527518506598,0.14386734942696902,0.3618421052631579,0.31666666666666665,0.2898671096345515
55025001300,Census Tract 13; Dane County; Wisconsin,55025,2712,1297,115132,34.8,0.7097976570820022,0.23331364441819255,0.26063829787234044,0.1161504424778761,0.5038167938931297
55025001401,Census Tract 14.01; Dane County; Wisconsin,55025,6576,1162,49592,27.9,0.3612458514169007,0.11310452418096724,0.5048648648648648,0.22399635036496351,0.2531715388858246
55025001402,Census Tract 14.02; Dane County; Wisconsin,55025,5265,1186,66055,28.6,0.5599085863532485,0.19365660262275083,0.5820379965457686,0.18841405508072176,0.48150782361308675
55025001404,Census Tract 14.04; Dane County; Wisconsin,55025,4882,1420,101149,41.2,0.631578947368421,0.20877565463552725,0.40585009140767825,0.05325686194182712,0.695573074590661
55025001405,Census Tract 14.05; Dane County; Wisconsin,55025,4183,1451,77188,33.2,0.5275486638073243,0.15468409586056645,0.4273927392739274,0.11604342581423402,0.49746478873239436
55025001501,Census Tract 15.01; Dane County; Wisconsin,55025,2596,1410,91284,37.5,0.4927691483663631,0.15368421052631578,0.5057471264367817,0.07395993836671803,0.5174129353233831
55025001502,Census Tract 15.02; Dane County; Wisconsin,55025,5905,1196,58971,34.5,0.24235924932975872,0.1556431184914157,0.6006458557588805,0.2193056731583404,0.5629228687415426
55025001603,Census Tract 16.03; Dane County; Wisconsin,55025,4769,1305,12577,21.6,0.7292418772563176,0.08153204398938187,0.33407572383073497,0.803103375969805,0.02376103190767142
55025001604,Census Tract 16.04; Dane County; Wisconsin,55025,5326,1375,23505,21.9,0.3437256430241621,0.06456043956043957,0.3390894819466248,0.6210473058436631,0.019596541786743516
55025001605,Census Tract 16.05; Dane County; Wisconsin,55025,3228,1445,49290,26.9,0.8249258160237389,0.14187550525464834,0.3720472440944882,0.23141263940520446,0.11099585062240663
55025001606,Census Tract 16.06; Dane County; Wisconsin,55025,8835,1703,30683,20.5,0.5668073136427567,0.18340270551508844,0.46986301369863015,0.6746221161495625,0.05163727959697733
55025001704,Census Tract 17.04; Dane County; Wisconsin,55025,4175,1666,52262,33,0.6332032635686413,0.19420415224913495,0.1659056316590563,0.3475252794039383,0.27452025586353945
55025001706,Census Tract 17.06; Dane County; Wisconsin,55025,3053,1316,51102,27.1,0.8398727465535525,0.13973799126637554,0.23122529644268774,0.2803154781465659,0.18647887323943663
55025001707,Census Tract 17.07; Dane County; Wisconsin,55025,1538,1561,67555,26.2,0.8670157068062827,0.32682574114244395,0.36464088397790057,0.18985695708712613,0.01358695652173913
55025001802,Census Tract 18.02; Dane County; Wisconsin,55025,3554,1388,76667,33.1,0.7861682242990654,0.3042347696879643,0.2913907284768212,0.16901805869074493,0.29941860465116277
55025001804,Census Tract 18.04; Dane County; Wisconsin,55025,4401,1455,60395,29.5,0.5990367248645394,0.23108320251177394,0.43724696356275305,0.14083865086599817,0.20357833655705995
55025001901,Census Tract 19.01; Dane County; Wisconsin,55025,5040,1625,76370,29.5,0.7024681312720369,0.23997803404722678,0.29161118508655126,0.12340764331210191,0.27925270403146507
55025001902,Census Tract 19.02; Dane County; Wisconsin,55025,3269,1621,92244,35.2,0.7211642112827883,0.22331566994700985,0.11416781292984869,0.08473539308657081,0.3612424037812289
55025002000,Census Tract 20; Dane County; Wisconsin,55025,6226,1435,81815,37.7,0.6655773420479303,0.3094648166501487,0.2610062893081761,0.1269280205655527,0.5542299349240781
55025002100,Census Tract 21; Dane County; Wisconsin,55025,5325,1023,62284,33.4,0.48243167875069715,0.20851951146857314,0.19328585961342828,0.1589840075258702,0.5637840420449116
55025002200,Census Tract 22; Dane County; Wisconsin,55025,4040,1190,60029,38.6,0.49257425742574257,0.2178477690288714,0.014619883040935672,0.19702970297029704,0.49355531686358756
55025002301,Census Tract 23.01; Dane County; Wisconsin,55025,3768,1230,78333,26,0.2786885245901639,0.14468085106382977,0.4657718120805369,0.3036093418259023,0.8856624319419237
55025002302,Census Tract 23.02; Dane County; Wisconsin,55025,1637,1194,97868,46.3,0.48567119155354455,0.19437939110070257,0.3937007874015748,0.04066265060240964,0.6978653530377669
55025002401,Census Tract 24.01; Dane County; Wisconsin,55025,3381,1759,91389,43,0.43363192182410426,0.2750406063887385,0.399581589958159,0.12114014251781473,0.8636363636363636
55025002402,Census Tract 24.02; Dane County; Wisconsin,55025,4290,974,86875,35.6,0.46653144016227177,0.23319407519939234,0.26608505997818976,0.1526340545625588,0.7661227661227661
55025002500,Census Tract 25; Dane County; Wisconsin,55025,1999,1049,57639,33.7,0.281226626776365,0.1511879049676026,0.2545931758530184,0.27641462193289934,0.6328928046989721
55025002601,Census Tract 26.01; Dane County; Wisconsin,55025,1844,1113,54815,43.5,0.39537953795379543,0.11050228310502283,0.4879032258064516,0.18492407809110628,0.5118110236220472
55025002602,Census Tract 26.02; Dane County; Wisconsin,55025,5481,1239,71455,33.7,0.40083289953149404,0.15169541939321832,0.5099431818181818,0.11276127612761276,0.5248478701825557
55025002603,Census Tract 26.03; Dane County; Wisconsin,55025,5220,1139,61750,36.2,0.394122493820379,0.22083470259612226,0.6779089376053963,0.07337164750957854,0.4458004307250538
55025002700,Census Tract 27; Dane County; Wisconsin,55025,3290,1608,78681,42.9,0.5445580715850986,0.1989076012744652,0.26959247648902823,0.057750759878419454,0.7103990326481258
55025002800,Census Tract 28; Dane County; Wisconsin,55025,1985,1171,94844,45,0.5254237288135593,0.23901098901098902,0.20714285714285716,0.04977145759268664,0.8664072632944229
55025002900,Census Tract 29; Dane County; Wisconsin,55025,3378,1225,76325,42.2,0.44978337928318235,0.20947488584474885,0.22898032200357782,0.12707838479809977,0.6911196911196911
55025003001,Census Tract 30.01; Dane County; Wisconsin,55025,4250,1202,88798,45.6,0.44127171033264645,0.23792160437556972,0.20652173913043478,0.04685990338164251,0.8402122641509434
55025003002,Census Tract 30.02; Dane County; Wisconsin,55025,3707,1319,71941,34.2,0.3377795213809337,0.10402532790592492,0.34951456310679613,0.18004932858317346,0.4009132420091324
55025003100,Census Tract 31; Dane County; Wisconsin,55025,5930,1400,99706,44.1,0.49304952215464815,0.2290748898678414,0.137987012987013,0.08010118043844856,0.8970649028524184
55025003200,Census Tract 32; Dane County; Wisconsin,55025,2459,1186,41875,28.8,0.9563918757467145,0.1277591973244147,1.013793103448276,0.19357462383082555,0.09251968503937008
55025010100,Census Tract 101; Dane County; Wisconsin,55025,2123,1919,143750,38.2,0.921919770773639,0.22095238095238096,0.3022670025188917,0.054168629298162976,0.6186186186186187
55025010200,Census Tract 102; Dane County; Wisconsin,55025,1296,1900,202813,46.3,0.8678611422172453,0.20907617504051865,0.14285714285714285,0.026234567901234566,0.9523809523809523
55025010300,Census Tract 103; Dane County; Wisconsin,55025,4114,1318,120625,41.9,0.6337209302325582,0.2450892857142857,0.3434343434343434,0.047399124939231894,0.6513198281154082
55025010400,Census Tract 104; Dane County; Wisconsin,55025,3160,1184,86981,46.4,0.5266752027315408,0.23470031545741324,0.1875,0.13069620253164557,0.60646521433591
55025010501,Census Tract 105.01; Dane County; Wisconsin,55025,4405,1861,122419,31.8,0.5828877005347594,0.19941593658740092,0.18356643356643357,0.029511918274687854,0.6165664662658651
55025010503,Census Tract 105.03; Dane County; Wisconsin,55025,5216,1763,127313,41.4,0.5503260561383612,0.2115732368896926,0.5041782729805014,0.04351993865030675,0.899890590809628
55025010504,Census Tract 105.04; Dane County; Wisconsin,55025,3612,1338,77580,40.9,0.4176260420801906,0.22158548233046801,0.3146067415730337,0.02719200887902331,0.618828176431863
55025010600,Census Tract 106; Dane County; Wisconsin,55025,5709,1087,120948,52.2,0.5200977126360204,0.20518867924528303,0.40974212034383956,0.04784520668425682,0.9545255793616091
55025010701,Census Tract 107.01; Dane County; Wisconsin,55025,6922,1523,135670,42,0.6778085443037974,0.2226595445600225,0.28711256117455136,0.024270442068766253,0.8642160540135033
55025010702,Census Tract 107.02; Dane County; Wisconsin,55025,10978,1699,109683,34.6,0.7043456417985431,0.13142930989919877,0.3173784977908689,0.04027713625866051,0.5967078189300411
55025010801,Census Tract 108.01; Dane County; Wisconsin,55025,6789,1651,119669,38.9,0.6023493163874447,0.2309422082302676,0.2968553459119497,0.04665071770334928,0.6585009140767825
55025010802,Census Tract 108.02; Dane County; Wisconsin,55025,5735,1777,157821,38.5,0.66793893129771,0.28319697923222154,0.6061855670103092,0.009067131647776809,0.9072276159654801
55025010903,Census Tract 109.03; Dane County; Wisconsin,55025,4107,1539,124261,34.4,0.7339514978601998,0.24067240672406723,0.4358974358974359,0.028731434136839543,0.5538656527249683
55025010905,Census Tract 109.05; Dane County; Wisconsin,55025,6713,1754,109982,35.5,0.7008580343213728,0.2106010411736867,0.32046783625730996,0.02487710412632206,0.44314868804664725
55025010906,Census Tract 109.06; Dane County; Wisconsin,55025,5323,1820,141932,37.2,0.7728724949172233,0.3492063492063492,0.6656101426307448,0.04358444486191997,0.5381263616557734
55025010907,Census Tract 109.07; Dane County; Wisconsin,55025,5607,1812,164357,40.4,0.6906609579876907,0.19754601226993865,0.6622073578595318,0.0795434278580346,0.6831916902738433
55025010908,Census Tract 109.08; Dane County; Wisconsin,55025,5350,1756,119583,46.1,0.5911088136469371,0.18389592123769338,0.48883374689826303,0.025794392523364486,0.718011811023622
55025011000,Census Tract 110; Dane County; Wisconsin,55025,4743,1399,102614,40.3,0.6658725431804646,0.2931839402427638,0.3856858846918489,0.0431886549204985,0.5810575246949448
55025011101,Census Tract 111.01; Dane County; Wisconsin,55025,5861,1260,79493,36.1,0.4626654064272212,0.11954952353450765,0.6693418940609952,0.15655443513929243,0.5075876504447933
55025011103,Census Tract 111.03; Dane County; Wisconsin,55025,5743,1316,74783,38.4,0.6087278106508875,0.22727272727272727,0.727580372250423,0.06616750827093854,0.4139344262295082
55025011104,Census Tract 111.04; Dane County; Wisconsin,55025,4174,1438,190034,44,0.8362989323843416,0.3830227743271222,0.30227272727272725,0.005749880210828941,0.8647482014388489
55025011201,Census Tract 112.01; Dane County; Wisconsin,55025,3736,1020,97955,49.9,0.691497366440933,0.2512019230769231,0.23732718894009217,0.09814963797264682,0.8983739837398373
55025011202,Census Tract 112.02; Dane County; Wisconsin,55025,6636,1338,147125,43.7,0.5716430716430716,0.1787941787941788,0.22424242424242424,0.04642313546423135,0.8388625592417062
55025011301,Census Tract 113.01; Dane County; Wisconsin,55025,7456,1247,118243,40.9,0.5951025056947608,0.24727916983042267,0.5154109589041096,0.01752479282706154,0.8286474164133738
55025011302,Census Tract 113.02; Dane County; Wisconsin,55025,3577,1296,105025,38.2,0.47525562372188135,0.2634920634920635,0.42127659574468085,0.05184977578475336,0.7266932270916334
55025011403,Census Tract 114.03; Dane County; Wisconsin,55025,3061,1747,114494,36.7,0.4959928762243989,0.15849056603773584,0.5471698113207547,0.025808559294348252,0.6885069817400644
55025011404,Census Tract 114.04; Dane County; Wisconsin,55025,8047,1718,115450,35.6,0.5821661077135529,0.2595264937993236,0.5718654434250765,0.029526322402311848,0.6379542395693136
55025011405,Census Tract 114.05; Dane County; Wisconsin,55025,5249,1757,85337,37.7,0.5064456721915285,0.22958199356913184,0.5640686922060766,0.03202301054650048,0.4398936170212766
55025011406,Census Tract 114.06; Dane County; Wisconsin,55025,6464,1644,106165,32.7,0.5022399203583873,0.16765163297045102,0.16079494128274616,0.03430451127819549,0.6089926010244735
55025011407,Census Tract 114.07; Dane County; Wisconsin,55025,1731,979,70045,58.5,0.4792503346720214,0.14345114345114346,0.1824561403508772,0.032351242056614674,0.7024185068349106
55025011504,Census Tract 115.04; Dane County; Wisconsin,55025,5994,1530,105451,34.3,0.5706666666666667,0.173657964212379,0.4531435349940688,0.053945384486513655,0.48355795148247976
55025011505,Census Tract 115.05; Dane County; Wisconsin,55025,4227,1286,71016,33.7,0.3197432993582484,0.18274318274318274,0.4723756906077348,0.13521330441070137,0.5869720830350752
55025011506,Census Tract 115.06; Dane County; Wisconsin,55025,6895,1442,68924,37.4,0.46986970684039087,0.1613710282712034,0.29465648854961835,0.053004576996899457,0.45224312590448623
55025011507,Census Tract 115.07; Dane County; Wisconsin,55025,5938,1706,118583,41.8,0.6325581395348837,0.2433008526187576,0.47149643705463185,0.06996935648621042,0.8198420533070089
55025011508,Census Tract 115.08; Dane County; Wisconsin,55025,4239,1278,107038,42,0.5394562334217506,0.16330114135206322,0.2254697286012526,0.017928756782259966,0.8231744115872058
55025011600,Census Tract 116; Dane County; Wisconsin,55025,7648,1129,96351,37.3,0.4669304691916337,0.16918967052537845,0.09133489461358314,0.047594142259414225,0.7850232891436761
55025011700,Census Tract 117; Dane County; Wisconsin,55025,4079,1816,136923,44.1,0.4960924226979273,0.23818019625334522,0.16161616161616163,0.018386859524393232,0.9159789947486872
55025011800,Census Tract 118; Dane County; Wisconsin,55025,6155,933,92798,39.6,0.2455540355677155,0.16547585024292655,0.4971537001897533,0.1081435359659184,0.8422818791946308
55025011900,Census Tract 119; Dane County; Wisconsin,55025,7084,1196,97800,39.9,0.3701612903225806,0.1338426711941143,0.42045454545454547,0.06350354404744683,0.8191447626520204
55025012002,Census Tract 120.02; Dane County; Wisconsin,55025,4977,900,113401,52.5,0.4173249078462349,0.1588679245283019,0.17094017094017094,0.03705195328231978,0.9332344213649851
55025012003,Census Tract 120.03; Dane County; Wisconsin,55025,7086,1523,142762,35.9,0.5894398715117446,0.192722371967655,0.7564102564102564,0.02893028506915044,0.7390223695111847
55025012004,Census Tract 120.04; Dane County; Wisconsin,55025,3114,1691,120583,41.6,0.46770499312872194,0.12231100184388445,0.07419898819561552,0.04399486191393706,0.806184012066365
55025012100,Census Tract 121; Dane County; Wisconsin,55025,2597,1349,108242,42.7,0.24812834224598934,0.14627081824764662,0.18411552346570398,0.053691275167785234,0.9166666666666666
55025012201,Census Tract 122.01; Dane County; Wisconsin,55025,2412,952,85750,56.4,0.3544433094994893,0.2334293948126801,0.05725971370143149,0.024275979557069848,0.8258887876025525
55025012202,Census Tract 122.02; Dane County; Wisconsin,55025,6554,1208,83224,39.1,0.39501941969385423,0.1731952993844432,0.17304492512479203,0.08097606465651228,0.7353413654618474
55025012300,Census Tract 123; Dane County; Wisconsin,55025,5032,1144,85057,38.7,0.4176755447941889,0.15107659724673492,0.1523809523809524,0.08383233532934131,0.6294859359844811
55025012400,Census Tract 124; Dane County; Wisconsin,55025,4619,1165,116641,46,0.4505461165048543,0.20489690721649484,0.08136482939632546,0.02424767265641914,0.836801752464403
55025012501,Census Tract 125.01; Dane County; Wisconsin,55025,7029,1207,83846,42.6,0.34638314785373614,0.16242203742203742,0.38498402555910544,0.06656169481820784,0.6789083557951483
55025012502,Census Tract 125.02; Dane County; Wisconsin,55025,6704,1339,120818,38.2,0.5692916849978003,0.26739690721649484,0.9792452830188679,0.015956543880495673,0.8527472527472527
55025012600,Census Tract 126; Dane County; Wisconsin,55025,4380,983,93250,42.4,0.3805970149253731,0.1894234937147811,0.07164179104477612,0.03928734582000914,0.8641399416909621
55025012700,Census Tract 127; Dane County; Wisconsin,55025,4304,1367,116359,44.7,0.4801420729738457,0.2589869281045752,0.4530612244897959,0.03651162790697674,0.8092753623188406
55025012800,Census Tract 128; Dane County; Wisconsin,55025,8316,1239,108595,39,0.49246501614639393,0.1697216564833673,1.1597222222222223,0.02751181674948491,0.7377532228360958
55025012900,Census Tract 129; Dane County; Wisconsin,55025,3802,1205,121750,51,0.43713197090405265,0.18109846610588817,0.06504065040650407,0.020515518148342977,0.8889627659574468
55025013000,Census Tract 130; Dane County; Wisconsin,55025,4883,1433,108169,40.2,0.4627511591962906,0.18251928020565553,0.16883116883116883,0.01968096125958152,0.7299391256225789
55025013100,Census Tract 131; Dane County; Wisconsin,55025,4785,980,86853,46.5,0.3085904920767306,0.17427205562798784,0.09930715935334873,0.06710276429626504,0.8459948320413436
55025013201,Census Tract 132.01; Dane County; Wisconsin,55025,4021,1015,116964,38.2,0.32514177693761814,0.18356409111210362,0.28063241106719367,0.0233947237431558,0.833092485549133
55025013202,Census Tract 132.02; Dane County; Wisconsin,55025,8087,1400,114691,39.4,0.4361387001219724,0.18005709624796085,0.2854122621564482,0.0566341041177198,0.7408986552968186
55025013301,Census Tract 133.01; Dane County; Wisconsin,55025,5892,1320,100156,37.7,0.4145242512589451,0.13706381640993398,0.29942418426103645,0.04039375424304141,0.7470489038785835
55025013302,Census Tract 133.02; Dane County; Wisconsin,55025,5879,1535,103836,42.1,0.37164470473401656,0.23949718822361893,0.25557809330628806,0.0665079095084198,0.8944153577661431
55025013700,Census Tract 137; Dane County; Wisconsin,55025,8510,1522,107580,38.9,0.6667253831248898,0.23130162982808664,0.3112701252236136,0.01042654028436019,0.6092190252495596
55027960100,Census Tract 9601; Dodge County; Wisconsin,55027,6207,1106,77978,42,0.2020224225104419,0.11518771331058021,0.3782991202346041,0.09197843489625879,0.7322360497792051
55027960200,Census Tract 9602; Dodge County; Wisconsin,55027,3023,893,88227,47.9,0.215195246179966,0.11373260738052027,0.08426966292134831,0.07495003331112592,0.8878281622911695
55027960300,Census Tract 9603; Dodge County; Wisconsin,55027,7883,965,61307,38.7,0.1237565334682178,0.05418882978723404,1.1407407407407408,0.19064414330796361,0.5807252856433184
55027960400,Census Tract 9604; Dodge County; Wisconsin,55027,4647,893,93015,50.3,0.3203994293865906,0.04129032258064516,0.13649025069637882,0.04056128042096031,0.9321449108683151
55027960500,Census Tract 9605; Dodge County; Wisconsin,55027,4154,1222,84740,42.1,0.19229602669093115,0.13390139987827146,0.13432835820895522,0.06369230769230769,0.7624434389140271
55027960600,Census Tract 9606; Dodge County; Wisconsin,55027,3971,858,84963,46.9,0.20407433881343817,0.08070356958096224,0.1724137931034483,0.05574193548387097,0.853494623655914
55027960700,Census Tract 9607; Dodge County; Wisconsin,55027,4681,1035,61667,44.3,0.3135264257987459,0.11996644295302013,0.19955654101995565,0.06081370449678801,0.49559164733178657
55027960800,Census Tract 9608; Dodge County; Wisconsin,55027,3570,1082,73750,40,0.2790603483191576,0.08877805486284289,0.34805194805194806,0.08108866442199776,0.7800436999271668
55027960900,Census Tract 9609; Dodge County; Wisconsin,55027,4420,973,70281,40.3,0.1564885496183206,0.08397880146759071,0.2590909090909091,0.08792247695580241,0.5627099664053752
55027961000,Census Tract 9610; Dodge County; Wisconsin,55027,4213,825,62083,41.6,0.23826597131681881,0.05456212746446584,0.09832134292565947,0.125390343502282,0.5514118273841236
55027961100,Census Tract 9611; Dodge County; Wisconsin,55027,4396,893,80781,44.8,0.1515151515151515,0.052,0.6049382716049383,0.1391561806069578,0.7559322033898305
55027961200,Census Tract 9612; Dodge County; Wisconsin,55027,3432,857,53033,37.9,0.17620419925895425,0.08378216636744465,0.12290502793296089,0.15580239695995324,0.7188703465982028
55027961300,Census Tract 9613; Dodge County; Wisconsin,55027,5530,838,67160,42.3,0.20470227446971634,0.07183297947629158,0.25405405405405407,0.06233956729006234,0.7375360527400082
55027961400,Census Tract 9614; Dodge County; Wisconsin,55027,4110,1080,98833,45.1,0.17592273197654362,0.07862523540489642,0.08841463414634146,0.03653653653653654,0.8765352294764059
55027961500,Census Tract 9615; Dodge County; Wisconsin,55027,5122,1082,95807,46.1,0.22445695897023332,0.0757086472909939,0.042735042735042736,0.07056293979671618,0.8530183727034121
55027961600,Census Tract 9616; Dodge County; Wisconsin,55027,4164,969,86250,47,0.21164540399084064,0.08177570093457943,0.08681672025723473,0.06364073006724304,0.8114499066583696
55027961700,Census Tract 9617; Dodge County; Wisconsin,55027,2968,1123,74255,47.8,0.20526793823796552,0.10899344848123883,0.06818181818181818,0.07056043214044565,0.7545605306799337
55027961800,Census Tract 9618; Dodge County; Wisconsin,55027,4401,972,87400,42.5,0.20189274447949523,0.15077605321507762,0.23890784982935154,0.06441297396071266,0.8486454652532391
55027961900,Census Tract 9619; Dodge County; Wisconsin,55027,5553,1184,76628,42.4,0.15053191489361706,0.08815028901734104,0.6151079136690647,0.08063631376851343,0.6569709127382146
55027962000,Census Tract 9620; Dodge County; Wisconsin,55027,2297,1094,60722,49.2,0.1727654469106179,0.053763440860215055,0.2454212454212454,0.05103969754253308,0.4835164835164835
55029100100,Census Tract 1001; Door County; Wisconsin,55029,2626,1121,77849,64.5,0.5491949910554561,0.15151515151515152,0.22272727272727272,0.059907834101382486,0.8958818958818959
55029100300,Census Tract 1003; Door County; Wisconsin,55029,2728,1078,81944,58.5,0.559620596205962,0.2469244288224956,0.13533834586466165,0.12260967379077616,0.738359201773836
55029100400,Census Tract 1004; Door County; Wisconsin,55029,3403,1231,76563,58.8,0.482484651498736,0.11950098489822718,0.32209737827715357,0.07878430215402774,0.8538785327720986
55029100600,Census Tract 1006; Door County; Wisconsin,55029,3407,948,88850,48,0.24059247397918337,0.09806157354618016,0.14096916299559473,0.0472972972972973,0.8970125786163522
55029100700,Census Tract 1007; Door County; Wisconsin,55029,5074,1066,61269,45.4,0.24032258064516132,0.13711857860177676,0.17684210526315788,0.10476000796654053,0.6766339171294319
55029100800,Census Tract 1008; Door County; Wisconsin,55029,5748,1114,61627,48.7,0.2974950121924186,0.12515842839036756,0.14925373134328357,0.07005253940455342,0.6227733147048551
55029100900,Census Tract 1009; Door County; Wisconsin,55029,1454,870,83409,57.3,0.28103448275862064,0.07620528771384137,0.17682926829268292,0.07006369426751592,0.8848580441640379
55029101000,Census Tract 1010; Door County; Wisconsin,55029,2318,1298,84492,53.5,0.304297994269341,0.1048313582497721,0.052884615384615384,0.05010799136069115,0.9306532663316583
55031020300,Census Tract 203; Douglas County; Wisconsin,55031,2892,985,46820,49,0.24627519719544255,0.13876967095851217,0.21944444444444444,0.22880747126436782,0.3742816091954023
55031020400,Census Tract 204; Douglas County; Wisconsin,55031,3454,798,89938,36.3,0.3041530944625407,0.11586356253383866,0.042682926829268296,0.04254062038404727,0.7682656826568266
55031020500,Census Tract 205; Douglas County; Wisconsin,55031,3415,1123,93313,28.1,0.3745257452574525,0.140607424071991,0.1625615763546798,0.10337768679631525,0.7220309810671256
55031020600,Census Tract 206; Douglas County; Wisconsin,55031,3862,866,59261,34.7,0.27415143603133163,0.07384468794664126,0.2661498708010336,0.08816644993498049,0.5110270951480781
55031020700,Census Tract 207; Douglas County; Wisconsin,55031,4060,868,84049,45.4,0.3461021505376344,0.06315240083507306,0.17647058823529413,0.0854486051771802,0.7728096676737161
55031020800,Census Tract 208; Douglas County; Wisconsin,55031,3705,951,72059,43.6,0.3311048557353976,0.07168458781362007,0.09146341463414634,0.09596238938053098,0.6943543153796237
55031020900,Census Tract 209; Douglas County; Wisconsin,55031,1689,937,58015,43,0.35145197319434107,0.08277830637488107,0.21653543307086615,0.13084665482534044,0.6895261845386533
55031021000,Census Tract 210; Douglas County; Wisconsin,55031,2273,1051,68304,36.8,0.13337547408343864,0.04407951598962835,0.045146726862302484,0.08778120864578738,0.7369614512471655
55031021100,Census Tract 211; Douglas County; Wisconsin,55031,2007,713,27746,36.4,0.18373275236020337,0.032511210762331835,0.11343283582089553,0.4739795918367347,0.2371584699453552
55031030101,Census Tract 301.01; Douglas County; Wisconsin,55031,4132,961,91053,45.9,0.29628378378378384,0.108371854134566,0.14615384615384616,0.05220389066732332,0.939106901217862
55031030102,Census Tract 301.02; Douglas County; Wisconsin,55031,1958,800,68958,46.5,0.3153153153153153,0.09970384995064166,0.06857142857142857,0.05975485188968335,0.8456057007125891
55031030200,Census Tract 302; Douglas County; Wisconsin,55031,5217,1029,96146,45.6,0.24393391843056278,0.06644655385885266,0.03273809523809524,0.05393302180685358,0.8835651725914477
55031030301,Census Tract 303.01; Douglas County; Wisconsin,55031,3045,1542,82500,53.8,0.25366876310272535,0.08623298033282904,0.0891089108910891,0.0910884577441631,0.9642585551330799
55031030302,Census Tract 303.02; Douglas County; Wisconsin,55031,2520,785,78700,57.7,0.2874572962420693,0.15862808145766344,0.12352941176470589,0.12094017094017094,0.9185929648241206
55033970100,Census Tract 9701; Dunn County; Wisconsin,55033,3992,813,77197,45.9,0.20613287904599664,0.13519091847265222,0.07725321888412018,0.09670936950514945,0.8681388012618296
55033970200,Census Tract 9702; Dunn County; Wisconsin,55033,4831,894,76726,42.1,0.15402499273467019,0.09427207637231504,0.07582938388625593,0.08608858390517779,0.7940717628705148
55033970300,Census Tract 9703; Dunn County; Wisconsin,55033,6070,940,83612,42,0.30228680323963797,0.10043942247332077,0.17045454545454544,0.07685922974767596,0.7777292576419214
55033970400,Census Tract 9704; Dunn County; Wisconsin,55033,6652,1144,93267,38.8,0.27484291366069347,0.1477803738317757,0.19148936170212766,0.0691063057613791,0.8267987936234382
55033970500,Census Tract 9705; Dunn County; Wisconsin,55033,6610,1063,73307,39.6,0.3982062780269058,0.07461381521422326,0.2056451612903226,0.08503679476696648,0.6200300075018754
55033970600,Census Tract 9706; Dunn County; Wisconsin,55033,4181,1128,81078,46.6,0.2428430404738401,0.10743019403691434,0.10431654676258993,0.07526366251198466,0.830238726790451
55033970700,Census Tract 9707; Dunn County; Wisconsin,55033,6838,996,65408,26.3,0.3966800228963938,0.10895685417804478,0.18043478260869567,0.16741405082212257,0.4539249146757679
55033970801,Census Tract 9708.01; Dunn County; Wisconsin,55033,2738,893,25966,19.8,0.4918032786885246,0.06466512702078522,0.15560640732265446,0.3705103969754253,0.13421052631578947
55033970802,Census Tract 9708.02; Dunn County; Wisconsin,55033,3615,908,56042,35.5,0.33731958762886594,0.04025527736867943,0.3058823529411765,0.15936366173597544,0.3764783180026281
55035000100,Census Tract 1; Eau Claire County; Wisconsin,55035,5137,765,68086,33.6,0.13637815394442665,0.13333333333333333,0.02406417112299465,0.14661354581673305,0.8104693140794224
55035000200,Census Tract 2; Eau Claire County; Wisconsin,55035,4873,1046,90676,40.8,0.259507149376331,0.11320015667841755,0.0851063829787234,0.07105862854775223,0.8519585253456221
55035000301,Census Tract 3.01; Eau Claire County; Wisconsin,55035,3876,1179,95694,45.6,0.37179936864258156,0.09477577438742488,0.375,0.04695562435500516,0.8887293610911702
55035000302,Census Tract 3.02; Eau Claire County; Wisconsin,55035,8629,1330,87175,37.7,0.44709666497376,0.16716038933559035,0.20641562064156208,0.057146196096762886,0.5974351826038472
55035000401,Census Tract 4.01; Eau Claire County; Wisconsin,55035,2543,976,88783,41.3,0.42718968296614723,0.22036874451273047,0.18110236220472442,0.128659793814433,0.5084388185654009
55035000402,Census Tract 4.02; Eau Claire County; Wisconsin,55035,6066,1222,88220,37.4,0.38942665673864485,0.11841289522628642,0.05188679245283019,0.13027522935779817,0.5996570938705529
55035000501,Census Tract 5.01; Eau Claire County; Wisconsin,55035,4173,1070,91923,42.4,0.27467675812046677,0.0966183574879227,0.20911528150134048,0.056793673616103525,0.8154320987654321
55035000502,Census Tract 5.02; Eau Claire County; Wisconsin,55035,4898,1240,100099,46.2,0.3389423076923077,0.13124533929903057,0.214123006833713,0.08044099632503063,0.755589430894309
55035000600,Census Tract 6; Eau Claire County; Wisconsin,55035,4817,866,55402,34.3,0.16375150784077197,0.10358408822371012,0.38618524332810045,0.1672940192388122,0.5049455984174085
55035000700,Census Tract 7; Eau Claire County; Wisconsin,55035,5239,924,72102,35.7,0.4274746366876885,0.15018193847171685,0.22990353697749197,0.10303146584804297,0.684085510688836
55035000802,Census Tract 8.02; Eau Claire County; Wisconsin,55035,4038,980,83620,41.8,0.5764705882352941,0.140990990990991,0.46168958742632615,0.06934125804853888,0.8210320052253429
55035000803,Census Tract 8.03; Eau Claire County; Wisconsin,55035,6412,1107,59781,39.2,0.3970070422535211,0.08054711246200608,0.18044354838709678,0.15763779527559055,0.3260953858084529
55035000900,Census Tract 9; Eau Claire County; Wisconsin,55035,5338,918,59117,35.1,0.42042478906022696,0.10791826309067688,0.2881944444444444,0.09208033345964381,0.42158447857720294
55035001101,Census Tract 11.01; Eau Claire County; Wisconsin,55035,2622,1202,50441,25.4,0.35522388059701493,0.10220994475138122,0.12641083521444696,0.3095546908776481,0.05436893203883495
55035001200,Census Tract 12; Eau Claire County; Wisconsin,55035,5333,845,38071,22.3,0.2611464968152867,0.04965920155793573,0.11320754716981132,0.4419710806697108,0.25726872246696036
55035001300,Census Tract 13; Eau Claire County; Wisconsin,55035,5628,1077,85343,35.9,0.4256961676316515,0.1564281190626979,0.3076923076923077,0.11985624438454627,0.7373626373626374
55035001401,Census Tract 14.01; Eau Claire County; Wisconsin,55035,3993,1232,76354,38.3,0.35315847801994826,0.14944939695857368,0.319047619047619,0.03598971722365039,0.6221889055472264
55035001402,Census Tract 14.02; Eau Claire County; Wisconsin,55035,3716,1097,66212,34.8,0.29876450767502805,0.10140237324703344,0.20689655172413793,0.07966286025013594,0.7246290801186943
55035001500,Census Tract 15; Eau Claire County; Wisconsin,55035,3937,1204,84601,38.5,0.36290936785986294,0.13756613756613756,0.07246376811594203,0.09398018796037592,0.5649392194497761
55035001600,Census Tract 16; Eau Claire County; Wisconsin,55035,6394,1431,112795,42.9,0.39382940108892917,0.15692124105011934,1.0094637223974763,0.03597122302158273,0.8889887640449439
55035001700,Census Tract 17; Eau Claire County; Wisconsin,55035,5658,966,59132,20.4,0.5199724517906337,0.16109188773548636,0.5081967213114754,0.27695487426799864,0.46695652173913044
55037190101,Census Tract 1901.01; Florence County; Wisconsin,55037,1175,808,57083,51.2,0.20850622406639008,0.1006423982869379,0.07746478873239436,0.11528150134048257,0.8178137651821862
55037190102,Census Tract 1901.02; Florence County; Wisconsin,55037,1432,930,58846,57.3,0.42317822651448644,0.1261101243339254,0.07042253521126761,0.0356145251396648,0.9390728476821192
55037190200,Census Tract 1902; Florence County; Wisconsin,55037,2039,633,74148,55.2,0.15303593556381656,0.10658682634730539,0.037037037037037035,0.07597434632461766,0.933806146572104
55039040100,Census Tract 401; Fond du Lac County; Wisconsin,55039,4413,1026,69644,44.8,0.23043746149106592,0.09323583180987204,0.14853556485355648,0.13672677470897054,0.8468819599109132
55039040200,Census Tract 402; Fond du Lac County; Wisconsin,55039,2738,1117,60368,34.1,0.14293628808864267,0.19625468164794008,0.4448979591836735,0.1857360793287567,0.6514227642276422
55039040300,Census Tract 403; Fond du Lac County; Wisconsin,55039,6241,861,61164,35.7,0.0767554479418886,0.04776119402985075,0.22234513274336284,0.11105753776920604,0.39606616003576217
55039040400,Census Tract 404; Fond du Lac County; Wisconsin,55039,3400,935,59527,33.6,0.17113305124588618,0.020226055919095775,0.13220338983050847,0.0680813439434129,0.7275518035303147
55039040500,Census Tract 405; Fond du Lac County; Wisconsin,55039,3917,773,32750,32.9,0.12443095599393017,0.08741030658838878,0.2657952069716776,0.3057692307692308,0.19740900678593462
55039040700,Census Tract 407; Fond du Lac County; Wisconsin,55039,4991,1106,82241,36.6,0.270701595904848,0.090684544812985185,0.2706766917293233,0.040922768304914744,0.5696798493408662
55039040800,Census Tract 408; Fond du Lac County; Wisconsin,55039,4968,829,77118,35.2,0.21943159286186387,0.10597726439310598,0.47164948453608246,0.10151668351870577,0.7120098039215687
55039040900,Census Tract 409; Fond du Lac County; Wisconsin,55039,3612,1039,59123,34.7,0.25755640698169435,0.08586147681740126,0.1111111111111111,0.1143288084464555,0.8402505873140172
55039041000,Census Tract 410; Fond du Lac County; Wisconsin,55039,2961,795,56725,40.4,0.2105034722222222,0.03706030150753769,0.43213296398891965,0.1314808539478143,0.6473645137342242
55039041101,Census Tract 411.01; Fond du Lac County; Wisconsin,55039,4437,1209,74432,47.1,0.36938069789374406,0.13358369098712447,0.35294117647058826,0.09115646258503401,0.7304147465437788
55039041102,Census Tract 411.02; Fond du Lac County; Wisconsin,55039,4690,979,76875,42.9,0.2895384615384615,0.13310867733782644,0.27621483375959077,0.08476190476190476,0.620253164556962
55039041300,Census Tract 413; Fond du Lac County; Wisconsin,55039,6246,1124,62027,41.8,0.14208125135781013,0.06871727748691099,0.7450980392156863,0.11191162343900096,0.6300085251491901
55039041400,Census Tract 414; Fond du Lac County; Wisconsin,55039,6356,1183,95637,45.9,0.18358531317494597,0.06747512437810946,0.17252396166134185,0.03422357268511115,0.8742762613730356
55039041500,Census Tract 415; Fond du Lac County; Wisconsin,55039,3297,1067,54216,44.3,0.1836820083682008,0.10677242220866381,0.322884012539185,0.07462216624685139,0.6914329037149356
55039041600,Census Tract 416; Fond du Lac County; Wisconsin,55039,5845,700,64495,41.3,0.2916560994166878,0.11908871246116673,0.17525773195876287,0.1612840843163798,0.6791141988710377
55039041700,Census Tract 417; Fond du Lac County; Wisconsin,55039,3991,936,97581,41.5,0.1823224852071006,0.06683168316831684,0.08015267175572519,0.052327044025157234,0.8731884057971014
55039041800,Census Tract 418; Fond du Lac County; Wisconsin,55039,4864,831,83533,42.7,0.22576760987357014,0.0625244236029699,0.40225563909774437,0.09627648631968731,0.8809936452917388
55039041901,Census Tract 419.01; Fond du Lac County; Wisconsin,55039,3986,875,99917,49.5,0.19538714991762762,0.12,0.14925373134328357,0.043222506393861895,0.8973277074542897
55039041902,Census Tract 419.02; Fond du Lac County; Wisconsin,55039,3291,988,92500,47.2,0.2562637362637362,0.06830122591943957,0.08860759493670886,0.07414159829838955,0.8569374550682962
55039042001,Census Tract 420.01; Fond du Lac County; Wisconsin,55039,3038,968,114886,51.1,0.4623376623376624,0.05986959098992294,0.27419354838709675,0.020737327188940093,0.8255627009646302
55039042002,Census Tract 420.02; Fond du Lac County; Wisconsin,55039,6139,1136,105345,51,0.2850850850850851,0.09427609427609428,0.7768595041322314,0.040579157934844734,0.8551174124944617
55039042100,Census Tract 421; Fond du Lac County; Wisconsin,55039,4707,795,94625,47.8,0.2086705202312139,0.14374445430346053,0.04776119402985075,0.05016216216216216,0.9275664408546118
55039042200,Census Tract 422; Fond du Lac County; Wisconsin,55039,6009,991,91509,45.8,0.1982003315178783,0.09842393052428433,0.10817307692307693,0.06367292225201072,0.8112778535698044
55041950100,Census Tract 9501; Forest County; Wisconsin,55041,1390,638,63906,56.1,0.19475655430711614,0.18846153846153846,0.04411764705882353,0.08645533141210375,0.9305301645338209
55041950200,Census Tract 9502; Forest County; Wisconsin,55041,2774,605,57969,46.3,0.15647298674821608,0.07175712971481141,0.056962025316455694,0.1631814787154593,0.8072417465388712
55041950300,Census Tract 9503; Forest County; Wisconsin,55041,2672,613,57500,46.3,0.16985028394424373,0.05776892430278884,0.07537688442211055,0.18562644119907765,0.8294491525423728
55041950400,Census Tract 9504; Forest County; Wisconsin,55041,2533,558,66641,51.7,0.14004044489383216,0.056533827618164965,0.08333333333333333,0.14263074484944532,0.8983050847457628
55043960100,Census Tract 9601; Grant County; Wisconsin,55043,3697,774,73125,40.3,0.1779935275080906,0.09106529209621993,0.13805970149253732,0.11464618760285245,0.8183760683760684
55043960200,Census Tract 9602; Grant County; Wisconsin,55043,4698,680,59519,37.2,0.1346095411728958,0.07656879677605066,0.08333333333333333,0.1541636319495023,0.624207492795389
55043960300,Census Tract 9603; Grant County; Wisconsin,55043,4570,768,61909,35.3,0.21062073914603519,0.08450704225352113,0.059322033898305086,0.19308035714285715,0.7424065420560748
55043960400,Census Tract 9604; Grant County; Wisconsin,55043,3623,708,68793,42.8,0.1440843420538852,0.08180300500834725,0.27555555555555555,0.08015478164731896,0.8543478260869565
55043960500,Census Tract 9605; Grant County; Wisconsin,55043,3692,716,73226,47,0.13943768996960482,0.18753606462781305,0.03773584905660377,0.11439414475467606,0.8475304223335719
55043960600,Census Tract 9606; Grant County; Wisconsin,55043,3899,855,78472,37.2,0.20515970515970516,0.16996699669966997,0.18430034129692832,0.1044420941300899,0.8634600465477114
55043960700,Census Tract 9607; Grant County; Wisconsin,55043,4146,806,85000,45.3,0.3415435139573071,0.05064993276557597,0.589041095890411,0.06230149034937699,0.7767749699157641
55043960800,Census Tract 9608; Grant County; Wisconsin,55043,2954,946,78542,41.8,0.2553516819571865,0.11015262110152621,0.0918918918918919,0.09177430319510536,0.8206713780918727
55043960900,Census Tract 9609; Grant County; Wisconsin,55043,5060,874,39842,25.6,0.43740279937791604,0.06917521854808058,0.4105504587155963,0.24469026548672565,0.4336677814938685
55043961000,Census Tract 9610; Grant County; Wisconsin,55043,7324,848,56171,22.6,0.43830334190231357,0.07901761879337961,0.16129032258064516,0.19701321079839174,0.4624277456647399
55043961100,Census Tract 9611; Grant County; Wisconsin,55043,4175,740,73528,45,0.2826747720364742,0.1404728789986092,0.11538461538461539,0.04335047759000735,0.7954815695600476
55043961200,Census Tract 9612; Grant County; Wisconsin,55043,3932,917,81339,42.6,0.277078965758211,0.1406570841889117,0.06748466257668712,0.09811515620965659,0.7036802030456852
55045960100,Census Tract 9601; Green County; Wisconsin,55045,6599,894,99691,42.7,0.34706134706134706,0.13690649577628897,0.15,0.04722854973424449,0.8543956043956044
55045960200,Census Tract 9602; Green County; Wisconsin,55045,5960,1011,106207,45.6,0.3742634928116898,0.1415189026430244,0.13978494623655913,0.04886769964243146,0.8367992766726944
55045960300,Census Tract 9603; Green County; Wisconsin,55045,5083,916,97938,46.2,0.2651598676957001,0.10229885057471265,0.08561643835616438,0.06237343053867963,0.8468040147913365
55045960400,Census Tract 9604; Green County; Wisconsin,55045,4341,930,61676,43.4,0.3072983354673495,0.06510416666666667,0.2809278350515464,0.10985384252710985,0.4741687979539642
55045960500,Census Tract 9605; Green County; Wisconsin,55045,3950,809,74435,41.4,0.2605706428325886,0.1845,0.2966101694915254,0.07900852052672347,0.7340425531914894
55045960600,Census Tract 9606; Green County; Wisconsin,55045,3409,795,73120,40.4,0.2657675525585085,0.1692047377326565,0.19195046439628483,0.06604050484297036,0.7749029754204398
55045960700,Census Tract 9607; Green County; Wisconsin,55045,3532,975,77368,46.1,0.1468364504576204,0.10283315844700944,0.30456852791878175,0.11904761904761904,0.8517964071856288
55045960800,Census Tract 9608; Green County; Wisconsin,55045,4143,689,60385,42.7,0.14658303070320233,0.05238970588235294,0.04790419161676647,0.12111573281135307,0.741130820399113
55047100100,Census Tract 1001; Green Lake County; Wisconsin,55047,3577,858,62411,36.8,0.17279574656623842,0.09223623092236231,0.17832167832167833,0.17535410764872522,0.612012987012987
55047100200,Census Tract 1002; Green Lake County; Wisconsin,55047,2880,819,65804,45.9,0.1808750563824989,0.050034270047978065,0.19665271966527198,0.09717314487632508,0.6418711656441718
55047100300,Census Tract 1003; Green Lake County; Wisconsin,55047,2965,764,63359,49.2,0.19540747411076087,0.11631108052305575,0.15207373271889402,0.10683906090506975,0.8234842670759785
55047100400,Census Tract 1004; Green Lake County; Wisconsin,55047,2887,748,84028,54.2,0.3725135623869801,0.10226442658875091,0.08056872037914692,0.07583965330444203,0.7579666160849773
55047100500,Census Tract 1005; Green Lake County; Wisconsin,55047,3157,877,82560,46,0.22805343511450382,0.1751592356687898,0.08130081300813008,0.18994591154947502,0.8846787479406919
55047100600,Census Tract 1006; Green Lake County; Wisconsin,55047,3797,713,72011,46.2,0.22309417040358748,0.1278592375366569,0.38860103626943004,0.15903036760788491,0.8331005586592178
55049950100,Census Tract 9501; Iowa County; Wisconsin,55049,3951,1063,96515,49.3,0.31144211238997965,0.1618669314796425,0.12272727272727273,0.06328144934932381,0.8587570621468926
55049950200,Census Tract 9502; Iowa County; Wisconsin,55049,3115,763,67976,46.6,0.18788410886742757,0.10817610062893082,0.11848341232227488,0.13091740124061377,0.8328
55049950300,Census Tract 9503; Iowa County; Wisconsin,55049,2916,927,76875,43.5,0.19990525817148275,0.09134615384615384,0.059113300492610835,0.11242603550295859,0.7794486215538847
55049950400,Census Tract 9504; Iowa County; Wisconsin,55049,5451,997,73046,39.7,0.3194998669859005,0.1501219087425984,0.3923076923076923,0.06057781919850885,0.6808025535795713
55049950500,Census Tract 9505; Iowa County; Wisconsin,55049,4964,908,101360,44.3,0.3143015521064302,0.15343347639484978,0.13553113553113552,0.07307613798734436,0.8454734651404787
55049950600,Census Tract 9506; Iowa County; Wisconsin,55049,3470,889,83178,43.5,0.31659751037344397,0.1314475873544093,0.07142857142857142,0.03894216797442604,0.7474472430224642
55051180100,Census Tract 1801; Iron County; Wisconsin,55051,2639,679,54234,46.9,0.2083965604451189,0.04236006051437216,0.1935483870967742,0.13750985027580773,0.8396551724137931
55051180200,Census Tract 1802; Iron County; Wisconsin,55051,1447,883,66806,52.3,0.2128755364806867,0.04302670623145401,0.050724637681159424,0.06532314107018763,0.9576868829337094
55053960100,Census Tract 9601; Jackson County; Wisconsin,55053,4371,799,60196,42.5,0.09441408621736491,0.04312865497076023,0.16666666666666666,0.17081113084665484,0.7383573243014394
55053960200,Census Tract 9602; Jackson County; Wisconsin,55053,3587,859,68155,40.7,0.13971486761710794,0.10650887573964497,0.13745704467353953,0.10028011204481793,0.8421455938697318
55053960300,Census Tract 9603; Jackson County; Wisconsin,55053,4007,839,69750,45.5,0.17804878048780493,0.09804955192409066,0.047619047619047616,0.10581745235707121,0.8695372750642674
55053960400,Census Tract 9604; Jackson County; Wisconsin,55053,4355,853,73889,40.9,0.1752717391304348,0.075990675990676,0.23728813559322035,0.1407185628742515,0.8713304184884447
55053960500,Census Tract 9605; Jackson County; Wisconsin,55053,4661,606,68625,46.2,0.20310296191819466,0.05175517551755175,0.23255813953488372,0.10603048376408217,0.7310717797443461
55055100100,Census Tract 1001; Jefferson County; Wisconsin,55055,5039,1017,73135,42.9,0.18509212730318259,0.0410958904109589,0.09939148073022312,0.15558642587815041,0.661874334398296
55055100200,Census Tract 1002; Jefferson County; Wisconsin,55055,3678,894,65610,37.3,0.13119999999999998,0.030193236714975844,0.26252158894645944,0.09643149005720512,0.5509193776520509
55055100301,Census Tract 1003.01; Jefferson County; Wisconsin,55055,3841,845,78424,44.6,0.2647710487444609,0.10832907511497189,0.10810810810810811,0.07003384535277271,0.8545845272206304
55055100302,Census Tract 1003.02; Jefferson County; Wisconsin,55055,2343,1091,57196,25.1,0.15816326530612246,0.06193969030154849,0.11355311355311355,0.10215903106898368,0.44761904761904764
55055100400,Census Tract 1004; Jefferson County; Wisconsin,55055,6080,1098,89415,39.1,0.266448138609225,0.15613054983828287,0.26730310262529833,0.11721974574872049,0.7682367653188829
55055100500,Census Tract 1005; Jefferson County; Wisconsin,55055,7283,1206,91414,40.9,0.435349018082831,0.14065934065934066,0.6136363636363636,0.04718290313627533,0.6973495702005731
55055100602,Census Tract 1006.02; Jefferson County; Wisconsin,55055,3348,1184,93353,51.4,0.39984319874558993,0.1606022584692597,0.3443396226415094,0.09118086696562033,0.8999305072967339
55055100700,Census Tract 1007; Jefferson County; Wisconsin,55055,4673,1221,98702,39.3,0.313035204567079,0.07406056183874499,0.43820224719101125,0.05018307129011415,0.8288288288288288
55055100800,Census Tract 1008; Jefferson County; Wisconsin,55055,3557,1010,101131,48.8,0.2944741532976827,0.10189452124935997,0.07692307692307693,0.0701803833145434,0.7708333333333334
55055100900,Census Tract 1009; Jefferson County; Wisconsin,55055,3903,1267,93176,51.6,0.23007968127490042,0.1257606490872211,0.06578947368421052,0.05515277058518902,0.9003003003003003
55055101000,Census Tract 1010; Jefferson County; Wisconsin,55055,3860,1018,77089,41.7,0.25715294948781353,0.05729676787463271,0.2894736842105263,0.11076523994811932,0.8087392550143266
55055101100,Census Tract 1011; Jefferson County; Wisconsin,55055,4141,1096,80139,43.1,0.19128409846972716,0.04735632183908046,0.47878787878787876,0.11077389984825493,0.660205935796487
55055101201,Census Tract 1012.01; Jefferson County; Wisconsin,55055,2123,1213,98456,49.8,0.2474535650089874,0.12042310821806347,0.6666666666666666,0.08687440982058546,0.9131455399061033
55055101202,Census Tract 1012.02; Jefferson County; Wisconsin,55055,1740,950,120234,40,0.3499095840867993,0.06970128022759602,0.03731343283582089,0.02528735632183908,0.9574829931972789
55055101300,Census Tract 1013; Jefferson County; Wisconsin,55055,6108,972,80792,47.3,0.24989191526156507,0.10902896081771721,0.5090252707581228,0.06401440733464309,0.7415384615384616
55055101400,Census Tract 1014; Jefferson County; Wisconsin,55055,3313,914,84119,41.7,0.2161624203821656,0.06831629908552986,0.5941558441558441,0.07938424388771506,0.6932610379550735
55055101500,Census Tract 1015; Jefferson County; Wisconsin,55055,3729,779,61944,41.7,0.29639570552147243,0.09274873524451939,0.10077519379844961,0.07642276422764227,0.7014640356460853
55055101600,Census Tract 1016; Jefferson County; Wisconsin,55055,8625,979,83233,27.7,0.3052631578947368,0.08742004264392324,1.0493827160493827,0.12399283795881827,0.5915336056442629
55055101701,Census Tract 1017.01; Jefferson County; Wisconsin,55055,1441,1102,95000,43.9,0.2895791583166333,0.17100371747211895,0.11538461538461539,0.05412907702984039,0.8927835051546392
55055101702,Census Tract 1017.02; Jefferson County; Wisconsin,55055,5556,1176,90227,45.8,0.33831455169034785,0.16827344434706398,0.3271604938271605,0.021522879363356846,0.8633626679018064
55057100100,Census Tract 1001; Juneau County; Wisconsin,55057,2935,958,58950,48.5,0.12482977757603264,0.10143769968051118,0.06451612903225806,0.12598695502917953,0.7797235023041474
55057100200,Census Tract 1002; Juneau County; Wisconsin,55057,3627,781,71389,44,0.17693522906793047,0.07301768397033656,0.09649122807017543,0.12095400340715502,0.8567096285064443
55057100301,Census Tract 1003.01; Juneau County; Wisconsin,55057,1446,892,69028,47.3,0.16897506925207761,0.15566037735849056,0.14743589743589744,0.035269709543568464,0.8161434977578476
55057100302,Census Tract 1003.02; Juneau County; Wisconsin,55057,2088,783,74167,55,0.23292682926829267,0.01282051282051282,0.3106796116504854,0.11838913148956817,0.925
55057100400,Census Tract 1004; Juneau County; Wisconsin,55057,4989,905,60938,47.3,0.157097483508429,0.04800431499460626,0.6297872340425532,0.1469640644361834,0.7497129735935706
55057100500,Census Tract 1005; Juneau County; Wisconsin,55057,4242,870,64233,43.6,0.19993622448979587,0.06174039863879436,0.4051724137931034,0.19641981363413438,0.6044776119402985
55057100600,Census Tract 1006; Juneau County; Wisconsin,55057,3408,794,65313,40.1,0.1669626998223801,0.061211742660836975,0.10038610038610038,0.11080999698885878,0.8184059161873459
55057100700,Census Tract 1007; Juneau County; Wisconsin,55057,3954,1035,71000,45.5,0.1416053277252015,0.0714663843303335,0.10367892976588629,0.11257606490872211,0.8670674682698731
55059000101,Census Tract 1.01; Kenosha County; Wisconsin,55059,1731,1576,73004,32.6,0.36847014925373134,0.032219570405727926,0.46105919003115264,0.12305025996533796,0.5504273504273505
55059000102,Census Tract 1.02; Kenosha County; Wisconsin,55059,3399,995,44792,39.1,0.3079880392994446,0.09096732863549008,0.363395225464191,0.19336521219366407,0.5031152647975078
55059000300,Census Tract 3; Kenosha County; Wisconsin,55059,4963,1144,60563,23.7,0.24772539288668316,0.08050161812297735,0.2188612099644128,0.1807909604519774,0.5419520547945206
55059000400,Census Tract 4; Kenosha County; Wisconsin,55059,4240,1504,61337,37.8,0.23060648801128347,0.0936986301369863,0.717741935483871,0.2453748782862707,0.8825710754017305
55059000501,Census Tract 5.01; Kenosha County; Wisconsin,55059,2456,1625,84843,38.9,0.4232317423806785,0.11001410437235543,0.5893536121673004,0.06799674267100977,0.9217809867629362
55059000502,Census Tract 5.02; Kenosha County; Wisconsin,55059,3216,1090,58218,55.5,0.3071870170015456,0.0761455525606469,0.30023640661938533,0.105625,0.4869146005509642
55059000601,Census Tract 6.01; Kenosha County; Wisconsin,55059,6064,1581,98500,39,0.3967957276368491,0.08793686583990981,0.7112299465240641,0.04994281357224552,0.8037974683544303
55059000603,Census Tract 6.03; Kenosha County; Wisconsin,55059,4100,1396,94844,43.1,0.43859036985345434,0.0992501102779003,0.42290748898678415,0.028154594317890965,0.5724876441515651
55059000604,Census Tract 6.04; Kenosha County; Wisconsin,55059,3832,1118,82760,40.7,0.49572013397841463,0.10512483574244415,0.45478723404255317,0.06889352818371608,0.5967966573816156
55059000700,Census Tract 7; Kenosha County; Wisconsin,55059,5565,1182,65469,32.8,0.1670547147846333,0.07848837209302326,0.6376811594202898,0.19714492229851824,0.6030769230769231
55059000800,Census Tract 8; Kenosha County; Wisconsin,55059,2815,1015,59811,31.8,0.09009009009009006,0.034918276374442794,0.29549902152641877,0.2227353463587922,0.5726795096322241
55059000900,Census Tract 9; Kenosha County; Wisconsin,55059,4073,1143,53350,31.8,0.16014095536413464,0.026164311878597593,0.46703296703296704,0.241099926344218,0.4398699891657638
55059001000,Census Tract 10; Kenosha County; Wisconsin,55059,2850,1094,56875,45.6,0.5146096816397732,0.1476147614761476,0.12629399585921325,0.19918093819806404,0.43425076452599387
55059001100,Census Tract 11; Kenosha County; Wisconsin,55059,2405,1023,39833,33.7,0.15634218289085544,0.07378335949764521,0.34545454545454546,0.26848249027237353,0.3078149920255183
55059001200,Census Tract 12; Kenosha County; Wisconsin,55059,3642,888,70208,38.8,0.11043179212839127,0.06609485368314834,0.11682242990654206,0.210989010989011,0.7207334273624824
55059001300,Census Tract 13; Kenosha County; Wisconsin,55059,4305,1544,73250,36.1,0.1617857142857143,0.05015002143163309,0.13157894736842105,0.21951219512195122,0.6198486122792263
55059001401,Census Tract 14.01; Kenosha County; Wisconsin,55059,2260,1370,97768,49.7,0.3646993318485523,0.06637554585152838,0.23545706371191136,0.07610619469026549,0.8822937625754527
55059001402,Census Tract 14.02; Kenosha County; Wisconsin,55059,4711,1341,88552,34.2,0.2942326490713587,0.0775462962962963,0.1933534743202417,0.024117140396210164,0.8019732205778718
55059001500,Census Tract 15; Kenosha County; Wisconsin,55059,4298,1180,88005,37.8,0.21853805576488317,0.05138339920948617,0.3697478991596639,0.14312397851972916,0.6319514661274014
55059001600,Census Tract 16; Kenosha County; Wisconsin,55059,2906,1098,62702,30.9,0.11639908256880738,0.047987616099071206,0.19184652278177458,0.23862019914651494,0.6313432835820896
55059001700,Census Tract 17; Kenosha County; Wisconsin,55059,2473,1480,84545,37.1,0.2936865839909808,0.10899390243902439,0.23043478260869565,0.13546300040436718,0.6056818181818182
55059001800,Census Tract 18; Kenosha County; Wisconsin,55059,2067,1451,56930,38.3,0.09197786998616875,0.044420368364030335,0.279874213836478,0.16303821964199322,0.5681492109038737
55059001900,Census Tract 19; Kenosha County; Wisconsin,55059,2666,1008,95769,43.4,0.4628726287262873,0.12522202486678508,0.11899313501144165,0.13898434516991218,0.7709384460141272
55059002000,Census Tract 20; Kenosha County; Wisconsin,55059,5421,1336,102500,46.5,0.3538746363395927,0.07861635220125786,0.3063063063063063,0.08559306401033019,0.8753219989696033
55059002100,Census Tract 21; Kenosha County; Wisconsin,55059,4277,1156,69148,37.2,0.15229681978798582,0.031664964249233915,0.09760956175298804,0.18302828618968386,0.5123456790123457
55059002200,Census Tract 22; Kenosha County; Wisconsin,55059,3500,1486,79034,36.3,0.288135593220339,0.08353658536585366,0.2885375494071146,0.07411663315139327,0.8601626016260162
55059002300,Census Tract 23; Kenosha County; Wisconsin,55059,5890,1231,70305,37.8,0.377181557697317,0.14870762000671367,0.175,0.0578568983224923,0.7581967213114754
55059002400,Census Tract 24; Kenosha County; Wisconsin,55059,4336,960,85664,51.5,0.35254027261462206,0.09941829719725014,0.21137026239067055,0.09768518518518518,0.8594566353187043
55059002500,Census Tract 25; Kenosha County; Wisconsin,55059,3763,1351,96908,45.6,0.34329933169187477,0.0921435499515034,0.6982248520710059,0.11030982905982906,0.7796327212020033
55059002603,Census Tract 26.03; Kenosha County; Wisconsin,55059,4679,1439,88576,32,0.39365537130497474,0.11379962192816635,0.6497545008183306,0.014029786315562271,0.6327014218009479
55059002604,Census Tract 26.04; Kenosha County; Wisconsin,55059,3675,1212,135222,37,0.5065168539325843,0.3224656138563423,0.5151515151515151,0.05180921052631579,0.8326488706365504
55059002605,Census Tract 26.05; Kenosha County; Wisconsin,55059,7208,1483,105045,36.4,0.44466837669476,0.16576487948844074,0.2985257985257985,0.06949752300070772,0.4735483870967742
55059002606,Census Tract 26.06; Kenosha County; Wisconsin,55059,4376,1326,123894,45.1,0.4361219195849546,0.1638779527559055,0.3581780538302277,0.010311640696608617,0.9224652087475149
55059002700,Census Tract 27; Kenosha County; Wisconsin,55059,7222,1650,125787,42.7,0.40199065610400164,0.16879143294237633,0.20512820512820512,0.03754502632308119,0.7433977138352384
55059002801,Census Tract 28.01; Kenosha County; Wisconsin,55059,3348,1399,91118,46.1,0.27132412672623885,0.09084652443220922,1,0.03046594982078853,0.7981878088962109
55059002802,Census Tract 28.02; Kenosha County; Wisconsin,55059,2836,1294,101538,49,0.32725480532281914,0.07236842105263158,0.1350210970464135,0.04943502824858757,0.9035250463821892
55059002903,Census Tract 29.03; Kenosha County; Wisconsin,55059,3312,1127,80771,46.4,0.25705857564264645,0.1282051282051282,0.17819148936170212,0.09121111446692842,0.8685524126455907
55059002904,Census Tract 29.04; Kenosha County; Wisconsin,55059,5152,1197,93768,49.6,0.22700785406637958,0.10941061543471182,0.1350210970464135,0.07361246348588121,0.7984732824427481
55059002905,Census Tract 29.05; Kenosha County; Wisconsin,55059,3648,1232,88550,36.4,0.28181818181818186,0.08410306271268839,0.17712177121771217,0.026041666666666668,0.837947332883187
55059002906,Census Tract 29.06; Kenosha County; Wisconsin,55059,5193,1198,106816,40.5,0.3416340235030778,0.1425026586316909,0.38243626062322944,0.05022213637241646,0.8585227272727273
55059003001,Census Tract 30.01; Kenosha County; Wisconsin,55059,4537,1179,88750,48.8,0.2594037336305377,0.20743405275779375,0.3547619047619048,0.04231871280581882,0.9437618147448015
55059003002,Census Tract 30.02; Kenosha County; Wisconsin,55059,5028,820,105750,50.7,0.2902134305049453,0.1262135922330097,0.24343675417661098,0.05906921241050119,0.7282861124013005
55061960100,Census Tract 9601; Kewaunee County; Wisconsin,55061,3232,817,64710,44,0.20924149956408022,0.08900144717800289,1.1764705882352942,0.16787173844702924,0.8626144879267277
55061960200,Census Tract 9602; Kewaunee County; Wisconsin,55061,2414,950,73317,50.3,0.19977168949771684,0.11790017211703958,0.25301204819277107,0.06345914558274575,0.9250780437044746
55061960401,Census Tract 9604.01; Kewaunee County; Wisconsin,55061,5239,867,85352,39.1,0.24297994269340972,0.11330935251798561,0.20072992700729927,0.04659156005346572,0.8555672268907563
55061960402,Census Tract 9604.02; Kewaunee County; Wisconsin,55061,3826,937,93355,46.9,0.25513196480938416,0.07350835322195703,0.2864864864864865,0.04551433833201789,0.8834668608885652
55061960500,Census Tract 9605; Kewaunee County; Wisconsin,55061,5953,773,84938,46.1,0.19166666666666665,0.11121951219512195,0.2852233676975945,0.07619209231291363,0.8780585639791416
55063000100,Census Tract 1; La Crosse County; Wisconsin,55063,4246,1050,51926,39.5,0.2707615167659041,0.2333965844402277,0.009487666034155597,0.14114043355325165,0.5838264299802761
55063000200,Census Tract 2; La Crosse County; Wisconsin,55063,5042,933,46669,29.4,0.14388020833333337,0.11384266263237519,0.18548387096774194,0.21158084552193948,0.26974358974358975
55063000300,Census Tract 3; La Crosse County; Wisconsin,55063,2484,1132,53061,31.6,0.48900732844770156,0.11597542242703533,0.1625,0.18329070758738278,0.09836065573770492
55063000401,Census Tract 4.01; La Crosse County; Wisconsin,55063,2258,979,48021,21.8,0.2933753943217665,0.07163742690058479,0.47265625,0.3355501813784764,0.1181959564541213
55063000402,Census Tract 4.02; La Crosse County; Wisconsin,55063,3309,1064,31938,21.5,0.3356807511737089,0.06335549472037544,0.09230769230769231,0.6273798730734361,0.015601783060921248
55063000500,Census Tract 5; La Crosse County; Wisconsin,55063,5184,1166,28382,20.2,0.29243937232524964,0.0658964484381686,0.12244897959183673,0.6614303431169904,0.25025746652935116
55063000600,Census Tract 6; La Crosse County; Wisconsin,55063,2180,1375,88650,38.1,0.628022759601707,0.16267547481420314,0.10666666666666667,0.13073394495412843,0.738860103626943
55063000700,Census Tract 7; La Crosse County; Wisconsin,55063,4201,1334,103708,42.8,0.5186615186615187,0.11132075471698114,0.19458128078817735,0.0712748146376465,0.9539249146757679
55063000800,Census Tract 8; La Crosse County; Wisconsin,55063,2979,1113,75962,26.2,0.6404639175257731,0.16476932294787297,0.06653225806451613,0.2287470126322977,0.5972359328726555
55063000900,Census Tract 9; La Crosse County; Wisconsin,55063,4008,1034,34511,34.5,0.23874345549738218,0.14096662830840045,0.14041745730550284,0.25521920668058456,0.25205338809034905
55063001000,Census Tract 10; La Crosse County; Wisconsin,55063,3679,1119,66094,33,0.23257731958762884,0.10470701248799232,0.16030534351145037,0.1685642876978617,0.6846416382252559
55063001101,Census Tract 11.01; La Crosse County; Wisconsin,55063,1763,882,59476,40.7,0.3318903318903319,0.07012487992315082,0.26693227091633465,0.11092150170648464,0.8494749124854143
55063001102,Census Tract 11.02; La Crosse County; Wisconsin,55063,3831,944,50536,46.1,0.24784339747843398,0.0921485660554772,0.23668639053254437,0.0760693015701137,0.5051490514905149
55063001200,Census Tract 12; La Crosse County; Wisconsin,55063,4328,1096,78271,39.9,0.4780503550677857,0.1453437771975631,0.12998522895125553,0.05473684210526316,0.6619797525309337
55063010101,Census Tract 101.01; La Crosse County; Wisconsin,55063,5196,955,83506,41.1,0.2465753424657534,0.11537016159338595,0.30293159609120524,0.07906437270442683,0.8683804627249357
55063010102,Census Tract 101.02; La Crosse County; Wisconsin,55063,5299,1285,97917,40.2,0.4606900452488688,0.12921779141104295,0.5340909090909091,0.09266108623710337,0.7544543429844098
55063010202,Census Tract 102.02; La Crosse County; Wisconsin,55063,8692,1227,95755,40.1,0.34349807220469686,0.11298985478416551,0.28125,0.053907422371003114,0.6405953134895503
55063010203,Census Tract 102.03; La Crosse County; Wisconsin,55063,1782,1578,94408,45.7,0.37219406227371465,0.09851694915254237,0.025089605734767026,0.020763187429854096,0.9118136439267887
55063010204,Census Tract 102.04; La Crosse County; Wisconsin,55063,5560,1122,71577,38.7,0.2941331228624047,0.11834759955340529,0.125,0.041809335015318076,0.68359375
55063010300,Census Tract 103; La Crosse County; Wisconsin,55063,4327,1044,61915,48.5,0.24846356453028973,0.060133630289532294,1.302325581395349,0.13291724456773,0.7645
55063010401,Census Tract 104.01; La Crosse County; Wisconsin,55063,5548,1217,113947,49.2,0.5589316344033325,0.13794450957405235,0.2608695652173913,0.015286624203821656,0.85634066448292
55063010403,Census Tract 104.03; La Crosse County; Wisconsin,55063,6062,890,91706,35.2,0.35992663915635026,0.07519640852974187,0.10283687943262411,0.08494783904619971,0.5606435643564357
55063010404,Census Tract 104.04; La Crosse County; Wisconsin,55063,3919,1526,86875,44.5,0.3488620199146515,0.12346938775510204,0.12085308056872038,0.0747639704006124,0.6932654216185625
55063010500,Census Tract 105; La Crosse County; Wisconsin,55063,6226,1044,66922,34.9,0.36051212938005395,0.09279336734693877,0.22759856630824374,0.0526742301458671,0.6712635109951547
55063010600,Census Tract 106; La Crosse County; Wisconsin,55063,3821,1333,101820,41.2,0.4437939110070258,0.10794896957801767,0.1362530413625304,0.04243059193294919,0.8076923076923077
55063010700,Census Tract 107; La Crosse County; Wisconsin,55063,5339,930,83525,50.8,0.4157554671968191,0.11891891891891893,0.055350553505535055,0.0927990927990928,0.7983870967741935
55063010800,Census Tract 108; La Crosse County; Wisconsin,55063,3520,1109,96025,43.8,0.30861640430820214,0.1535855448898927,0.24829931972789115,0.09046664758087604,0.8742949234488316
55065970100,Census Tract 9701; Lafayette County; Wisconsin,55065,2980,654,75160,48.5,0.21021431828545367,0.13270440251572327,0.1125,0.09277310924369749,0.809811320754717
55065970200,Census Tract 9702; Lafayette County; Wisconsin,55065,3910,862,65268,36.1,0.24407582938388628,0.13655091230135374,0.7043189368770764,0.16938616938616938,0.8054532056005895
55065970300,Census Tract 9703; Lafayette County; Wisconsin,55065,3573,774,87853,37.2,0.25742574257425743,0.12447636146020347,0.2242152466367713,0.12214386459802538,0.8293877551020408
55065970400,Census Tract 9704; Lafayette County; Wisconsin,55065,3147,992,70313,40.8,0.22253389434315096,0.08990944372574386,0.16326530612244897,0.11950286806883365,0.7906786590351594
55065970500,Census Tract 9705; Lafayette County; Wisconsin,55065,3332,811,81920,43.3,0.1962134251290878,0.14154200230149597,0.2391304347826087,0.07944628347878423,0.8568147013782542
55067960101,Census Tract 9601.01; Langlade County; Wisconsin,55067,1123,929,67283,59.2,0.275377969762419,0.14014251781472684,0.05405405405405406,0.07533632286995516,0.9592198581560284
55067960102,Census Tract 9601.02; Langlade County; Wisconsin,55067,1594,488,58600,58.4,0.19303797468354433,0.10286677908937605,0.11042944785276074,0.1668757841907152,0.9191780821917809
55067960300,Census Tract 9603; Langlade County; Wisconsin,55067,2350,970,78684,45.3,0.1651376146788991,0.06429192006950478,0.12972972972972974,0.06899488926746167,0.8694610778443114
55067960400,Census Tract 9604; Langlade County; Wisconsin,55067,3835,778,82321,44.9,0.1959761549925484,0.0817099567099567,0.15151515151515152,0.09002369044485391,0.9028368794326241
55067960500,Census Tract 9605; Langlade County; Wisconsin,55067,1926,753,57786,55.6,0.14441416893732972,0.08951406649616368,0.28488372093023256,0.10237068965517242,0.8331402085747392
55067960600,Census Tract 9606; Langlade County; Wisconsin,55067,4888,634,42250,44.2,0.1292918454935622,0.03874538745387454,0.2037037037037037,0.2105704697986577,0.6408813877168308
55067960700,Census Tract 9607; Langlade County; Wisconsin,55067,3774,919,52605,47.6,0.1694545454545454,0.08776896942242356,0.060240963855421686,0.1460950300382305,0.6520833333333333
55069960100,Census Tract 9601; Lincoln County; Wisconsin,55069,2249,850,81321,56.4,0.2508305647840532,0.15409139213602552,0.044444444444444446,0.03434252146407592,0.9444444444444444
55069960200,Census Tract 9602; Lincoln County; Wisconsin,55069,2570,520,60469,40.8,0.15489130434782605,0.047186932849364795,0.21962616822429906,0.14394546912590217,0.718336483931947
55069960300,Census Tract 9603; Lincoln County; Wisconsin,55069,1724,608,77400,60.1,0.22883135059482151,0.12923076923076923,0.06077348066298342,0.08333333333333333,0.9166666666666666
55069960400,Census Tract 9604; Lincoln County; Wisconsin,55069,1879,1029,76964,55.2,0.20433639947437587,0.0642781875658588,0.20666666666666667,0.07055050774986638,0.9717978848413631
55069960500,Census Tract 9605; Lincoln County; Wisconsin,55069,1852,714,67578,49.2,0.26041666666666663,0.07077856420626896,0.045,0.06334596643205198,0.8745562130177514
55069960600,Census Tract 9606; Lincoln County; Wisconsin,55069,4134,777,91004,46.4,0.2184545158134985,0.08748778103616814,0.19921875,0.0440251572327044,0.8720518867924528
55069960700,Census Tract 9607; Lincoln County; Wisconsin,55069,4208,798,79744,50.5,0.20141669233138282,0.19508670520231214,0.20253164556962025,0.06480802152115432,0.9210675752413402
55069960800,Census Tract 9608; Lincoln County; Wisconsin,55069,3652,872,57349,35.4,0.11841004184100423,0.10882016036655212,0.2052505966587112,0.18893756845564075,0.619986403806934
55069960900,Census Tract 9609; Lincoln County; Wisconsin,55069,2512,647,52098,46.5,0.1428571428571429,0.05150214592274678,0.028125,0.13303315595579207,0.6669442131557036
55069961000,Census Tract 9610; Lincoln County; Wisconsin,55069,3646,675,48846,51.1,0.20574991340491855,0.18095238095238095,0.11822660098522167,0.19094036697247707,0.6197623514696685
55071000100,Census Tract 1; Manitowoc County; Wisconsin,55071,5506,826,63003,46.5,0.35034516765285995,0.03573859768550034,0.21754385964912282,0.09734188817598534,0.672573189522342
55071000200,Census Tract 2; Manitowoc County; Wisconsin,55071,2803,914,51823,48.5,0.2711946050096339,0.11932938856015779,0.12025316455696203,0.12027616279069768,0.8852140077821011
55071000300,Census Tract 3; Manitowoc County; Wisconsin,55071,5508,825,81917,53.8,0.31405342624854815,0.12363788767812238,0.294,0.06918938972361342,0.8837719298245614
55071000400,Census Tract 4; Manitowoc County; Wisconsin,55071,3891,717,66582,42.9,0.2991452991452992,0.11839530332681017,0.16326530612244897,0.16160041569238764,0.7516697024893746
55071000500,Census Tract 5; Manitowoc County; Wisconsin,55071,3000,737,47917,36.2,0.08168442415017763,0.005044136191677175,0.32717190388170053,0.1511784511784512,0.5924764890282131
55071000600,Census Tract 6; Manitowoc County; Wisconsin,55071,5574,883,59611,43.6,0.16430171769977597,0.06652126499454744,0.18085106382978725,0.13727323732934354,0.5841813135985199
55071000700,Census Tract 7; Manitowoc County; Wisconsin,55071,6114,843,59014,36.5,0.17598444336412256,0.08580343213728549,0.16145833333333334,0.15171370967741934,0.6416552978626648
55071000800,Census Tract 8; Manitowoc County; Wisconsin,55071,4053,681,82545,42.4,0.25847176079734224,0.027078384798099764,0.41389728096676737,0.09666580511760145,0.6728723404255319
55071005100,Census Tract 51; Manitowoc County; Wisconsin,55071,2363,1064,50811,45.1,0.25601480567550894,0.022411953041622197,0.15384615384615385,0.21038847664775207,0.8474226804123711
55071005200,Census Tract 52; Manitowoc County; Wisconsin,55071,4743,764,71810,43.3,0.23927101704879483,0.04307974335472044,0.11174785100286533,0.0447507953340403,0.7623564653020469
55071005300,Census Tract 53; Manitowoc County; Wisconsin,55071,2210,770,55927,36.6,0.18109090909090908,0.06824925816023739,0.27424749163879597,0.17537313432835822,0.6979038224414303
55071005400,Census Tract 54; Manitowoc County; Wisconsin,55071,2435,768,49643,42.8,0.1635588705380927,0.07716535433070866,0.15789473684210525,0.10677618069815195,0.7200365965233303
55071010100,Census Tract 101; Manitowoc County; Wisconsin,55071,4394,786,73375,51,0.18550551744706234,0.07888736890104879,0.16459627329192547,0.05682859761686526,0.8563829787234043
55071010200,Census Tract 102; Manitowoc County; Wisconsin,55071,5638,690,87224,49.2,0.19700988666505903,0.07816804407713498,0.04460093896713615,0.05583303603282198,0.9061475409836065
55071010300,Census Tract 103; Manitowoc County; Wisconsin,55071,4263,621,84722,47.3,0.1749598715890851,0.12793373216751036,0.15584415584415584,0.06362996008452688,0.8717798594847775
55071010400,Census Tract 104; Manitowoc County; Wisconsin,55071,6176,889,77339,46,0.17762269248086449,0.10034385745545484,0.09090909090909091,0.06096967731473974,0.889060092449923
55071010500,Census Tract 105; Manitowoc County; Wisconsin,55071,3696,1090,93333,49.9,0.2827205882352941,0.0713463751438435,0.1400560224089636,0.05698478561549101,0.9718518518518519
55071010600,Census Tract 106; Manitowoc County; Wisconsin,55071,5042,875,90810,47.1,0.24864718614718617,0.11753661284265865,0.3864406779661017,0.04671968190854871,0.9204006325777544
55071010700,Census Tract 107; Manitowoc County; Wisconsin,55071,3997,783,76055,44.4,0.20761971338692764,0.07847744360902256,0.2796610169491525,0.09172932330827067,0.7908745247148289
55073000100,Census Tract 1; Marathon County; Wisconsin,55073,3266,1008,44945,32.2,0.243890977443609,0.1692200557103064,0.37150127226463103,0.23474928137975087,0.24007386888273316
55073000200,Census Tract 2; Marathon County; Wisconsin,55073,3262,978,80461,31.2,0.3159434422233057,0.07813484562066793,0.36615384615384616,0.14316370324954017,0.6488427773343974
55073000300,Census Tract 3; Marathon County; Wisconsin,55073,5410,1102,79348,42.2,0.4146718146718147,0.18641326324302468,0.14893617021276595,0.08184580326623624,0.7837230215827338
55073000400,Census Tract 4; Marathon County; Wisconsin,55073,6021,745,52289,38.2,0.2251133922177131,0.13384994716449455,0.6479690522243714,0.25071225071225073,0.5782817269952027
55073000500,Census Tract 5; Marathon County; Wisconsin,55073,3166,1101,59589,37.2,0.2887010676156584,0.12035928143712575,0.31947483588621445,0.1607706885660139,0.748
55073000601,Census Tract 6.01; Marathon County; Wisconsin,55073,2174,1055,66051,38.6,0.2033694344163658,0.19759450171821305,0.45179063360881544,0.1038353601496726,0.7263556116015133
55073000602,Census Tract 6.02; Marathon County; Wisconsin,55073,3793,1020,60283,37.2,0.12943469785575046,0.1330532212885154,0.6058158319870759,0.15979792608348845,0.604669887278583
55073000700,Census Tract 7; Marathon County; Wisconsin,55073,4934,872,64447,40.6,0.3637873754152824,0.13248407643312102,0.22644927536231885,0.13954905545399146,0.45
55073000800,Census Tract 8; Marathon County; Wisconsin,55073,3451,1163,72083,39.8,0.3726169844020797,0.14185393258426968,0.11730205278592376,0.056621579112928595,0.8038461538461539
55073000900,Census Tract 9; Marathon County; Wisconsin,55073,2120,926,65583,38.7,0.26144244105409153,0.06802120141342756,0.2698961937716263,0.07990543735224587,0.5766129032258065
55073001000,Census Tract 10; Marathon County; Wisconsin,55073,4175,799,92976,39.2,0.35040234089246525,0.14818310523831996,0.31212121212121213,0.08838323353293413,0.7897838899803536
55073001103,Census Tract 11.03; Marathon County; Wisconsin,55073,4873,1022,72347,40,0.19163253364540667,0.17297887836853607,0.12745098039215685,0.042300479266513855,0.4441176470588235
55073001104,Census Tract 11.04; Marathon County; Wisconsin,55073,6129,949,62377,41.6,0.20923722883135054,0.07688022284122563,0.22344322344322345,0.08716829022505879,0.6793837123991195
55073001105,Census Tract 11.05; Marathon County; Wisconsin,55073,2189,958,73750,54.3,0.25791324736225085,0.10390848427073403,0.16875,0.10963910461397898,0.9703872437357631
55073001106,Census Tract 11.06; Marathon County; Wisconsin,55073,6390,1233,101343,41,0.3774179037336932,0.08432683919744112,0.5654320987654321,0.037241596970175164,0.7728692547969657
55073001202,Census Tract 12.02; Marathon County; Wisconsin,55073,5675,905,82932,40.5,0.248910411622276,0.11888955944477972,0.11192660550458716,0.07666490019431196,0.8061950606948514
55073001203,Census Tract 12.03; Marathon County; Wisconsin,55073,5292,1098,132654,39.8,0.3311688311688312,0.17190704032809295,0.16981132075471697,0.03155706727135298,0.9289878113407525
55073001204,Census Tract 12.04; Marathon County; Wisconsin,55073,4613,1182,89397,35.3,0.3640194489465154,0.09489832322511595,0.23478260869565218,0.0984175157164535,0.6724330357142857
55073001300,Census Tract 13; Marathon County; Wisconsin,55073,7289,1290,94294,48.6,0.4332014320708498,0.16091603053435113,3.8823529411764706,0.0364762560220234,0.8667141838916608
55073001401,Census Tract 14.01; Marathon County; Wisconsin,55073,4332,1145,91071,39.5,0.4427860696517413,0.13074935400516796,0.43326039387308535,0.10935540506646602,0.6278600269179004
55073001402,Census Tract 14.02; Marathon County; Wisconsin,55073,3133,967,65739,41.9,0.3365750528541226,0.16102683780630106,0.15444015444015444,0.03558718861209965,0.532345013477089
55073001500,Census Tract 15; Marathon County; Wisconsin,55073,4667,1063,106705,44.8,0.32670952659263586,0.12363919129082426,0.24561403508771928,0.031783783783783784,0.8928128872366791
55073001600,Census Tract 16; Marathon County; Wisconsin,55073,5892,875,88777,43.7,0.22435897435897434,0.10933617323393681,0.14754098360655737,0.05220200646148614,0.9434742647058824
55073001700,Census Tract 17; Marathon County; Wisconsin,55073,3368,858,90243,50.4,0.21414538310412579,0.0933621154883972,0.2616822429906542,0.08091099790230746,0.8911032028469751
55073001800,Census Tract 18; Marathon County; Wisconsin,55073,5479,1096,92645,48.3,0.26951066499372645,0.11098441657164576,0.15734265734265734,0.07089347706924905,0.9023015500234852
55073001900,Census Tract 19; Marathon County; Wisconsin,55073,5940,835,85139,46.1,0.21510516252390055,0.12638076673164392,0.11708860759493671,0.04524734087455681,0.8582644628099173
55073002000,Census Tract 20; Marathon County; Wisconsin,55073,4121,828,71644,43.6,0.19321236559139787,0.21571977787270397,0.0912280701754386,0.06948493683187561,0.8657551274083282
55073002101,Census Tract 21.01; Marathon County; Wisconsin,55073,4370,672,79762,36.6,0.16280653950953683,0.11508620689655172,0.2682119205298013,0.04501160092807425,0.8077388149939541
55073002102,Census Tract 21.02; Marathon County; Wisconsin,55073,2737,1087,92219,50.4,0.39042089985486217,0.06693548387096775,0.11151079136690648,0.03854875283446712,0.7427745664739884
55073002200,Census Tract 22; Marathon County; Wisconsin,55073,3455,825,67000,38,0.11720930232558135,0.11131725417439703,0.5228070175438596,0.11892052194543298,0.7840073529411765
55073002301,Census Tract 23.01; Marathon County; Wisconsin,55073,3322,815,72803,39.4,0.10317460317460314,0.18049065420560748,0.1859504132231405,0.1371480472297911,0.8133333333333334
55073002302,Census Tract 23.02; Marathon County; Wisconsin,55073,3365,697,90662,46.9,0.18383258104226508,0.09563294637921503,0.03787878787878788,0.041939321832242714,0.9168556311413454
55075960100,Census Tract 9601; Marinette County; Wisconsin,55075,2971,829,63255,47.7,0.17274826789838338,0.11331444759206799,0.06666666666666667,0.1310415248468346,0.8496124031007752
55075960200,Census Tract 9602; Marinette County; Wisconsin,55075,3757,793,48529,57.5,0.14466484268125857,0.07901037509976057,0.10980392156862745,0.10880829015544041,0.9001803968731209
55075960600,Census Tract 9606; Marinette County; Wisconsin,55075,2568,738,59457,53.6,0.1607314725697786,0.13403736799350122,0.1245136186770428,0.07476635514018691,0.8579734219269103
55075960800,Census Tract 9608; Marinette County; Wisconsin,55075,2682,763,57899,49.4,0.18944723618090453,0.12086874409820586,0.13777777777777778,0.15681730397837002,0.8154706430568499
55075960900,Census Tract 9609; Marinette County; Wisconsin,55075,2582,1240,75708,54.4,0.21421709894332375,0.12868217054263567,0.048672566371681415,0.03679318357862122,0.9519230769230769
55075961000,Census Tract 9610; Marinette County; Wisconsin,55075,4354,722,72684,39.1,0.18348306841741535,0.0892672858617131,0.1544943820224719,0.07923307923307923,0.8130841121495327
55075961100,Census Tract 9611; Marinette County; Wisconsin,55075,5610,819,71250,42.2,0.2247218788627936,0.07387387387387387,0.2955801104972376,0.06947017413856985,0.7522361359570662
55075961200,Census Tract 9612; Marinette County; Wisconsin,55075,2522,964,72500,55.3,0.31366616238023193,0.03089143865842895,0.08469055374592833,0.07652656621728787,0.9301075268817204
55075961300,Census Tract 9613; Marinette County; Wisconsin,55075,3131,951,64959,44,0.28528138528138525,0.12453531598513011,0.22099447513812154,0.09900990099009901,0.7910328262610088
55075961400,Census Tract 9614; Marinette County; Wisconsin,55075,4649,775,56761,41.6,0.24826589595375725,0.030796304443466784,0.06382978723404255,0.10582010582010581,0.7147406733393995
55075961500,Census Tract 9615; Marinette County; Wisconsin,55075,4030,826,61296,38.9,0.16030259365994237,0.004075394803871625,0.05961538461538462,0.1296875,0.7588732394366198
55077960100,Census Tract 9601; Marquette County; Wisconsin,55077,2872,830,61063,55.1,0.1757656458055925,0.10320901994796183,0.10194174757281553,0.14620496677159847,0.8397129186602871
55077960200,Census Tract 9602; Marquette County; Wisconsin,55077,2617,875,68125,53.9,0.14357429718875503,0.12121212121212122,0.045454545454545456,0.05662557781201849,0.8784629133154602
55077960300,Census Tract 9603; Marquette County; Wisconsin,55077,4241,751,65285,47.9,0.15315024232633279,0.09976798143851508,0.10294117647058823,0.14491708723864455,0.7987201861547412
55077960400,Census Tract 9604; Marquette County; Wisconsin,55077,2547,720,66146,53.1,0.16000000000000003,0.07356715141146279,0.13636363636363635,0.11600471883602045,0.8549051937345424
55077960500,Census Tract 9605; Marquette County; Wisconsin,55077,3469,781,68167,43.6,0.17776886035313,0.08816837315130831,0.2474747474747475,0.16666666666666666,0.7571633237822349
55078940101,Census Tract 9401.01; Menominee County; Wisconsin,55078,1446,626,48920,25.4,0.06275579809004095,0.14383561643835616,0.0411522633744856,0.4187853107344633,0
55078940103,Census Tract 9401.03; Menominee County; Wisconsin,55078,1223,531,61050,37.5,0.21052631578947367,0.12135922330097088,0.042105263157894736,0.13957307060755336,0.8958333333333334
55078940104,Census Tract 9401.04; Menominee County; Wisconsin,55078,1583,681,75962,45.1,0.24003623188405798,0.1073345259391771,0.04219409282700422,0.0972836386607707,1
55079000101,Census Tract 1.01; Milwaukee County; Wisconsin,55079,4462,963,28487,29.7,0.15597722960151805,0.09889349930843706,0.21857410881801126,0.52714453584018806,0.3215686274509804
55079000102,Census Tract 1.02; Milwaukee County; Wisconsin,55079,3705,1101,47844,40.9,0.26729191090269633,0.08790482485128882,0.26057906458797325,0.15459882583170254,0.765661252900232
55079000201,Census Tract 2.01; Milwaukee County; Wisconsin,55079,5468,1097,43241,27,0.23117522871217455,0.13990201415351117,0.24574209245742093,0.37064116985376827,0.478494623655914
55079000202,Census Tract 2.02; Milwaukee County; Wisconsin,55079,5643,1335,90284,31.3,0.3218826075196105,0.18480424684804247,0.15467239527389903,0.08582089552238806,0.7638376383763837
55079000301,Census Tract 3.01; Milwaukee County; Wisconsin,55079,1262,2056,86094,48.3,0.44140625,0.12121212121212122,0.46258503401360546,0.05784469096671949,0.9862204724409449
55079000302,Census Tract 3.02; Milwaukee County; Wisconsin,55079,2878,1123,40651,26.2,0.13902271163110802,0.15534883720930232,0.21587301587301588,0.44232105628908963,0.7419354838709677
55079000303,Census Tract 3.03; Milwaukee County; Wisconsin,55079,1935,1155,67500,34.6,0.30707251566696514,0.15475024485798236,0.3127147766323024,0.1357490535424554,0.7931034482758621
55079000304,Census Tract 3.04; Milwaukee County; Wisconsin,55079,3997,1187,102336,32.5,0.4063260340632603,0.1186623516720604,0.2891566265060241,0.09666080843585237,1
55079000400,Census Tract 4; Milwaukee County; Wisconsin,55079,2970,1084,51543,29,0.24452368823229753,0.19853836784409257,0.5074626865671642,0.20875420875420875,0.6863905325443787
55079000501,Census Tract 5.01; Milwaukee County; Wisconsin,55079,3841,1138,67054,30,0.11418832552194291,0.11618942731277533,0.15572519083969466,0.12132257224681073,0.6993603411513859
55079000502,Census Tract 5.02; Milwaukee County; Wisconsin,55079,5261,1133,48914,28.4,0.12973913043478258,0.053339740509370494,0.20905923344947736,0.2844690966719493,0.5149700598802395
55079000600,Census Tract 6; Milwaukee County; Wisconsin,55079,5437,1071,56541,28.3,0.19955724225173943,0.07218880148079593,0.2598499061913696,0.09151193633952255,0.5766944114149821
55079000700,Census Tract 7; Milwaukee County; Wisconsin,55079,3932,1263,55813,36.7,0.22184039709812908,0.06315104166666667,0.274294670846395,0.12530120481927712,0.9085173501577287
55079000800,Census Tract 8; Milwaukee County; Wisconsin,55079,4615,1319,61611,37.6,0.24634794156706508,0.16399197592778336,0.12583668005354753,0.14483516483516484,0.7831325301204819
55079000900,Census Tract 9; Milwaukee County; Wisconsin,55079,4518,880,44193,26.3,0.1843003412969283,0.1781767955801105,0.06821282401091405,0.31297034085878706,0.5793991416309013
55079001000,Census Tract 10; Milwaukee County; Wisconsin,55079,3626,974,53214,35.6,0.1778260869565217,0.07356002775850104,0.20361990950226244,0.22372787610619468,0.8643533123028391
55079001100,Census Tract 11; Milwaukee County; Wisconsin,55079,2401,977,35221,36.1,0.16805225653206646,0.1274601686972821,0.3249211356466877,0.239067055393586,0.48404255319148937
55079001200,Census Tract 12; Milwaukee County; Wisconsin,55079,3088,1025,34083,20.6,0.024158125915080486,0.1617473435655254,0.16842105263157894,0.5242875647668394,0.7379310344827587
55079001300,Census Tract 13; Milwaukee County; Wisconsin,55079,4404,1121,52049,25.2,0.09697789806044199,0.13023255813953488,0.39760348583877997,0.1786769720390998,0.85625
55079001400,Census Tract 14; Milwaukee County; Wisconsin,55079,2784,1004,47457,29.3,0.03874999999999995,0.014026402640264026,0.26774847870182555,0.2202231018351925,0.5905511811023622
55079001500,Census Tract 15; Milwaukee County; Wisconsin,55079,2883,1121,46884,29.9,0.16132723112128144,0.09286898839137644,0.34120171673819744,0.19112036073534514,0.8186046511627907
55079001600,Census Tract 16; Milwaukee County; Wisconsin,55079,2457,1148,39481,24.5,0.166110183639399,0.06321839080459771,0.07170542635658915,0.19494290375203915,0.8153846153846154
55079001700,Census Tract 17; Milwaukee County; Wisconsin,55079,3993,1089,41429,40.9,0.13115356355620866,0.10669693530079455,0.34887459807073956,0.20035061357375408,0.5835694050991501
55079001800,Census Tract 18; Milwaukee County; Wisconsin,55079,2541,863,40781,37.4,0.09153175591531759,0.06785411365564037,0.18902439024390244,0.24143363528948406,0.9
55079001900,Census Tract 19; Milwaukee County; Wisconsin,55079,3552,1157,32302,26.4,0.06467391304347825,0.10671641791044777,0.06491228070175438,0.31925675675675674,1
55079002000,Census Tract 20; Milwaukee County; Wisconsin,55079,2410,925,41850,32,0.10040160642570284,0.14121699196326062,0.12573673870333987,0.38900458142440647,1
55079002100,Census Tract 21; Milwaukee County; Wisconsin,55079,2018,945,31431,33.5,0.0877616747181964,0.23319027181688126,0.142433234421365,0.35746157659890926,1
55079002200,Census Tract 22; Milwaukee County; Wisconsin,55079,1927,1581,63239,43.6,0.2928176795580111,0.20976253298153033,0.07279693486590039,0.16139076284379866,0.8153310104529616
55079002300,Census Tract 23; Milwaukee County; Wisconsin,55079,4077,873,41321,37.6,0.07353519465198588,0.04915254237288136,0.028833551769331587,0.22025999509443217,0.8130081300813008
55079002400,Census Tract 24; Milwaukee County; Wisconsin,55079,2482,1040,35588,30.4,0.12409240924092413,0.026747195858498704,0.16870748299319727,0.15825874694873882,1
55079002500,Census Tract 25; Milwaukee County; Wisconsin,55079,1961,990,35483,22.3,0.06417112299465244,0.09829867674858223,0.09013605442176871,0.2791411042944785,0.775
55079002600,Census Tract 26; Milwaukee County; Wisconsin,55079,1975,1109,31418,37.8,0.11622807017543857,0.15844544095665172,0.13082039911308205,0.4278481012658228,1
55079002700,Census Tract 27; Milwaukee County; Wisconsin,55079,2117,944,37231,31.9,0.0854700854700855,0.13709677419354838,0.31234866828087166,0.290521327014218,0.2
55079002800,Census Tract 28; Milwaukee County; Wisconsin,55079,2311,923,40625,35.5,0.10228802153432037,0.04477611940298507,0.2095435684647303,0.27953266983989616,0.765625
55079002900,Census Tract 29; Milwaukee County; Wisconsin,55079,2380,1329,45865,35.7,0.09910485933503832,0.1536113936927772,0.08344923504867872,0.20299785867237688,1
55079003000,Census Tract 30; Milwaukee County; Wisconsin,55079,3652,1598,71250,31.2,0.178778421756576,0.0711743772241993,0.2672413793103448,0.18181818181818182,1
55079003100,Census Tract 31; Milwaukee County; Wisconsin,55079,3851,1146,44958,32.4,0.11908931698774083,0.09233176838810642,0.22327044025157233,0.37782394183329004,0.922077922077922
55079003200,Census Tract 32; Milwaukee County; Wisconsin,55079,2801,1089,56811,35.5,0.1452894438138479,0.04344453064391001,0.6089108910891089,0.07854337736522671,0.6484018264840182
55079003300,Census Tract 33; Milwaukee County; Wisconsin,55079,4755,1018,56888,30.5,0.1808472766108935,0.2650160476845484,0.23968565815324164,0.1890971039182283,0.8042168674698795
55079003400,Census Tract 34; Milwaukee County; Wisconsin,55079,5383,934,62106,33.2,0.23608720596672406,0.1316062176165803,0.23318385650224216,0.2074784276126558,0.7027439024390244
55079003500,Census Tract 35; Milwaukee County; Wisconsin,55079,3706,1096,72589,38.5,0.1661087866108787,0.12468513853904283,0.3686131386861314,0.2542740841248304,0.8333333333333334
55079003600,Census Tract 36; Milwaukee County; Wisconsin,55079,1596,931,62721,29.9,0.1341948310139165,0.1043872919818457,0.1167192429022082,0.12634238787113075,0.7435897435897436
55079003700,Census Tract 37; Milwaukee County; Wisconsin,55079,2393,1138,55938,37.7,0.1824146981627297,0.058704453441295545,0.035789473684210524,0.060593397409109906,0.9485294117647058
55079003800,Census Tract 38; Milwaukee County; Wisconsin,55079,2410,1053,48216,32.6,0.2646638054363376,0.09261186264308012,0.009971509971509971,0.12416666666666666,0.3933333333333333
55079003900,Census Tract 39; Milwaukee County; Wisconsin,55079,2393,1007,31996,35,0.16825164594001463,0.20140105078809106,0.2509727626459144,0.2962808190555788,1
55079004000,Census Tract 40; Milwaukee County; Wisconsin,55079,2427,918,37745,26.9,0.08577878103837466,0.13021363173957273,0.32710280373831774,0.2488669138854553,1
55079004100,Census Tract 41; Milwaukee County; Wisconsin,55079,3130,1228,51250,29.9,0.05908096280087527,0.15045592705167174,0.08205841446453407,0.26485623003194886,0.3220338983050847
55079004200,Census Tract 42; Milwaukee County; Wisconsin,55079,2739,882,42833,34.4,0.08532423208191131,0.1076923076923077,0.011834319526627219,0.27322604242867593,0.3473684210526316
55079004300,Census Tract 43; Milwaukee County; Wisconsin,55079,4726,894,47623,37.3,0.26818338503964145,0.20145631067961164,0.011947431302270013,0.2703457161262615,0.35843373493975905
55079004400,Census Tract 44; Milwaukee County; Wisconsin,55079,2134,943,34588,31.6,0.28114807566862365,0.11420059582919563,0.27705627705627706,0.23289597000937207,0.23300970873786409
55079004500,Census Tract 45; Milwaukee County; Wisconsin,55079,1743,897,43295,29.9,0.1328344246959775,0.01171303074670571,0.004329004329004329,0.41000575043128235,0.47368421052631576
55079004600,Census Tract 46; Milwaukee County; Wisconsin,55079,2876,1080,30525,34.8,0.05048766494549628,0,0.14118895966029724,0.3393939393939394,0.5223880597014925
55079004700,Census Tract 47; Milwaukee County; Wisconsin,55079,3640,1040,23425,31.3,0.06544256120527303,0.12042389210019268,0.1708185053380783,0.3630344827586207,0
55079004800,Census Tract 48; Milwaukee County; Wisconsin,55079,3256,1199,35974,33,0.10740559097596858,0.08775313404050145,0.20253164556962025,0.492435937017598,0.3888888888888889
55079004900,Census Tract 49; Milwaukee County; Wisconsin,55079,3415,982,52781,35.6,0.2122015915119363,0.0766685052399338,0.14465408805031446,0.24831427733802405,0.6854460093896714
55079005000,Census Tract 50; Milwaukee County; Wisconsin,55079,4484,1064,53819,39.8,0.2599358974358974,0.1270471464019851,0.19006849315068494,0.13336306868867082,0.7677966101694915
55079005100,Census Tract 51; Milwaukee County; Wisconsin,55079,3032,821,41990,36.8,0.17432567432567436,0.04720406681190995,0.2509881422924901,0.23515831134564644,0.7828571428571428
55079005200,Census Tract 52; Milwaukee County; Wisconsin,55079,1474,1017,73870,38.6,0.3800539083557951,0.10695187165775401,0.2459016393442623,0.08955223880597014,0.9462686567164179
55079005300,Census Tract 53; Milwaukee County; Wisconsin,55079,1817,1130,60966,34.6,0.3768924302788844,0.11898016997167139,0.2975778546712803,0.12383048981838195,0.8415637860082305
55079005400,Census Tract 54; Milwaukee County; Wisconsin,55079,3148,843,67363,41.9,0.37752905725355146,0.11163062536528345,0.3169230769230769,0.13120683985531076,0.8866310160427807
55079005500,Census Tract 55; Milwaukee County; Wisconsin,55079,3330,1156,90000,36.7,0.5445761967501098,0.19021739130434784,0.1598173515981735,0.07057057057057058,0.9116465863453815
55079005600,Census Tract 56; Milwaukee County; Wisconsin,55079,2204,1144,116375,35.6,0.6619263089851325,0.16981132075471697,0.1225296442687747,0.06951102588686481,0.7350199733688415
55079005700,Census Tract 57; Milwaukee County; Wisconsin,55079,2017,1054,90451,32.9,0.5762108262108262,0.18543607112616428,0.2112676056338028,0.15270203272186417,0.8811544991511036
55079005800,Census Tract 58; Milwaukee County; Wisconsin,55079,3208,945,84904,38,0.5036972596781208,0.15260612573885007,0.10546875,0.044576059850374064,0.8948598130841121
55079005900,Census Tract 59; Milwaukee County; Wisconsin,55079,3597,1119,49290,35.5,0.21567877629063092,0.23909883720930233,0.1582537517053206,0.2980261328885182,0.7869822485207101
55079006000,Census Tract 60; Milwaukee County; Wisconsin,55079,2555,1075,41970,25.8,0.07290867229470455,0.17407407407407408,0.14215686274509803,0.34416601409553643,0.31958762886597936
55079006100,Census Tract 61; Milwaukee County; Wisconsin,55079,2116,1184,63117,32.1,0.3656597774244833,0.03379224030037547,0.25699745547073793,0.1275992438563327,0.815068493150685
55079006200,Census Tract 62; Milwaukee County; Wisconsin,55079,2109,1069,36555,30.6,0.07757951900698212,0.036284470246734396,0.022123893805309734,0.4092009685230024,1
55079006500,Census Tract 65; Milwaukee County; Wisconsin,55079,2166,1053,28720,22.9,0.06593406593406592,0.10063897763578275,0.06276150627615062,0.40350877192982454,0.34615384615384615
55079006600,Census Tract 66; Milwaukee County; Wisconsin,55079,1818,1120,34667,32.7,0.05154639175257736,0.03770739064856712,0.13414634146341464,0.38393839383938394,0
55079006700,Census Tract 67; Milwaukee County; Wisconsin,55079,1013,951,26806,31.5,0.07680250783699061,0.1830065359477124,0.034129692832764506,0.2104733131923464,0
55079006800,Census Tract 68; Milwaukee County; Wisconsin,55079,2056,936,25897,31.5,0.08094435075885331,0.14869281045751634,0.07975460122699386,0.44006227296315514,1
55079006900,Census Tract 69; Milwaukee County; Wisconsin,55079,2649,1062,39034,20.3,0.06682769726247983,0.14174454828660435,0.0028735632183908046,0.2731800766283525,0.2608695652173913
55079007000,Census Tract 70; Milwaukee County; Wisconsin,55079,2366,996,42721,22.3,0.042314335060449015,0.03117505995203837,0.296875,0.4635848233754906,0.15384615384615385
55079007100,Census Tract 71; Milwaukee County; Wisconsin,55079,1827,1094,54561,33,0.5800000000000001,0.10683012259194395,0.14,0.09961685823754789,0.48460508701472554
55079007200,Census Tract 72; Milwaukee County; Wisconsin,55079,2565,1122,74655,36.3,0.5922150139017609,0.22505938242280285,0.22788203753351208,0.08927173061863743,0.6002004008016032
55079007300,Census Tract 73; Milwaukee County; Wisconsin,55079,1809,1181,47284,26.8,0.6982591876208897,0.10084033613445378,0.3902439024390244,0.24956772334293947,0.4338461538461538
55079007400,Census Tract 74; Milwaukee County; Wisconsin,55079,3776,1699,131667,19.8,0.8109393579072532,0.22070452911574406,0.55,0.206848357791754,0.7621359223300971
55079007500,Census Tract 75; Milwaukee County; Wisconsin,55079,2623,1743,154821,28.9,0.6858771374287524,0.14924433249370278,0.20444444444444446,0.1502096835684331,0.6581986143187067
55079007600,Census Tract 76; Milwaukee County; Wisconsin,55079,3209,1297,50909,36.6,0.6347011596788581,0.15780445969125215,0.20689655172413793,0.18986486486486487,0.17978246960972488
55079007700,Census Tract 77; Milwaukee County; Wisconsin,55079,3457,1129,46903,30.3,0.5809780170480037,0.11925866236905722,0.2043956043956044,0.20956521739130435,0.1566265060240964
55079007800,Census Tract 78; Milwaukee County; Wisconsin,55079,3052,1537,57552,24,0.648068669527897,0.1117867165575304,0.13778705636743216,0.4113405440839069,0.17280917280917282
55079007900,Census Tract 79; Milwaukee County; Wisconsin,55079,2183,1109,65806,34.2,0.4546016059295862,0.213089802130898,0.05390835579514825,0.14232607541157727,0.3659217877094972
55079008000,Census Tract 80; Milwaukee County; Wisconsin,55079,1646,1068,52137,34.6,0.4688995215311005,0.13,0.10047846889952153,0.23025516403402188,0.42660550458715596
55079008100,Census Tract 81; Milwaukee County; Wisconsin,55079,1298,1016,33169,42.5,0.2987927565392354,0.02127659574468085,0.030107526881720432,0.3204633204633205,0.6923076923076923
55079008400,Census Tract 84; Milwaukee County; Wisconsin,55079,648,957,25481,33.4,0.14742014742014742,0.20238095238095238,0.052083333333333336,0.3888888888888889,1
55079008500,Census Tract 85; Milwaukee County; Wisconsin,55079,1195,859,33839,31.5,0.12698412698412698,0.10138248847926268,0.02336448598130841,0.38195615514333897,0.09523809523809523
55079008600,Census Tract 86; Milwaukee County; Wisconsin,55079,834,1065,21149,39.5,0.04793028322440085,0.06550218340611354,0.050505050505050504,0.2678787878787879,0
55079008800,Census Tract 88; Milwaukee County; Wisconsin,55079,1376,963,22933,31.2,0.07853403141361259,0.11940298507462686,0.06371191135734072,0.43968023255813954,0
55079008900,Census Tract 89; Milwaukee County; Wisconsin,55079,1215,994,19950,24.8,0.04283360790774304,0.023529411764705882,0.1778975741239892,0.5596816976127321,1
55079009000,Census Tract 90; Milwaukee County; Wisconsin,55079,1829,1016,31000,25.4,0.045112781954887216,0.09153713298791019,0.14030612244897958,0.27986725663716816,0
55079009100,Census Tract 91; Milwaukee County; Wisconsin,55079,1955,1088,45250,33.4,0.17825311942959,0.2178517397881997,0.10943396226415095,0.37320328542094455,0.5188679245283019
55079009200,Census Tract 92; Milwaukee County; Wisconsin,55079,1744,1118,60593,32.3,0.37073608617594256,0.06332138590203107,0.4962121212121212,0.1748983149331784,0.6065573770491803
55079009300,Census Tract 93; Milwaukee County; Wisconsin,55079,2634,1193,92607,32.6,0.3739930955120828,0.08354430379746836,0.11529933481152993,0.16419612314709237,0.6991150442477876
55079009400,Census Tract 94; Milwaukee County; Wisconsin,55079,2481,1209,106635,37,0.5955578512396694,0.1708575112830432,0.11764705882352941,0.05078597339782346,0.6201641266119577
55079009500,Census Tract 95; Milwaukee County; Wisconsin,55079,1944,1194,66429,42.2,0.5654635527246992,0.250968992248062,0.3146551724137931,0.12294238683127572,0.7210526315789474
55079009600,Census Tract 96; Milwaukee County; Wisconsin,55079,1621,1097,34697,23.2,0.07230559345156895,0.09298780487804878,0.37819025522041766,0.1198501872659176,0.125
55079009700,Census Tract 97; Milwaukee County; Wisconsin,55079,1235,935,46458,29.6,0.281437125748503,0.402834008097166,0.5894308943089431,0.19271255060728745,0.2537313432835821
55079009900,Census Tract 99; Milwaukee County; Wisconsin,55079,1019,931,38589,32.2,0.07761194029850749,0.021220159151193633,0.2139917695473251,0.3689892051030422,1
55079010600,Census Tract 106; Milwaukee County; Wisconsin,55079,845,1103,61832,38,0.49056603773584906,0.1172566371681416,0.14583333333333334,0.15758293838862558,0.46956521739130436
55079010700,Census Tract 107; Milwaukee County; Wisconsin,55079,2089,1311,70342,32.1,0.6556903523974581,0.19652061855670103,0.4180327868852459,0.10722833891814265,0.447702834799609
55079010800,Census Tract 108; Milwaukee County; Wisconsin,55079,2304,1097,62875,28.6,0.6298309178743962,0.25821325648414983,0.375,0.14102564102564102,0.2345309381237525
55079011000,Census Tract 110; Milwaukee County; Wisconsin,55079,3502,933,41574,37.8,0.5048241518829755,0.32693147097337405,0.6666666666666666,0.24785836664762992,0.19954389965792474
55079011100,Census Tract 111; Milwaukee County; Wisconsin,55079,1479,1116,72337,30.9,0.594306049822064,0.1389558232931727,0.37823834196891193,0.1178474114441417,0.19129287598944592
55079011200,Census Tract 112; Milwaukee County; Wisconsin,55079,2460,1431,62016,33,0.659942363112392,0.31742738589211617,0.16370106761565836,0.1983739837398374,0.3091216216216216
55079011300,Census Tract 113; Milwaukee County; Wisconsin,55079,2691,1706,79628,28.1,0.7382769901853872,0.24425440940673437,0.5,0.16489587760305993,0.1445578231292517
55079011400,Census Tract 114; Milwaukee County; Wisconsin,55079,1541,1369,78548,30,0.8052276559865092,0.25689819219790677,0.19649122807017544,0.1563919532770928,0.47681159420289854
55079012200,Census Tract 122; Milwaukee County; Wisconsin,55079,1889,785,44191,29.7,0.2575342465753425,0.1148036253776435,0.4090056285178236,0.2339862361037586,0.48066298342541436
55079012400,Census Tract 124; Milwaukee County; Wisconsin,55079,2527,996,60278,36.2,0.33111111111111113,0.12113055181695828,0.2857142857142857,0.13256826276216857,0.5139240506329114
55079012500,Census Tract 125; Milwaukee County; Wisconsin,55079,1876,1086,71821,38.6,0.5594989561586639,0.09002647837599294,0.565,0.059203444564047365,0.5709090909090909
55079012600,Census Tract 126; Milwaukee County; Wisconsin,55079,2134,1103,66346,32.5,0.47911694510739855,0.25422222222222224,0.250936329588015,0.09344030202925908,0.6379853095487933
55079012700,Census Tract 127; Milwaukee County; Wisconsin,55079,1165,963,63529,42.2,0.3939393939393939,0.09375,0.296875,0.03182256509161042,0.8870967741935484
55079012800,Census Tract 128; Milwaukee County; Wisconsin,55079,2871,1043,54515,26.9,0.37420584498094023,0.06846846846846846,0.1885245901639344,0.1837763519706691,0.39849624060150374
55079012900,Census Tract 129; Milwaukee County; Wisconsin,55079,2691,1138,66550,32.7,0.3287671232876712,0.13767123287671232,0.040310077519379844,0.23448532144184317,0.6778679026651216
55079013000,Census Tract 130; Milwaukee County; Wisconsin,55079,1637,924,57059,33,0.27399813606710155,0.15637860082304528,0.26356589147286824,0.17165546731826511,0.4678362573099415
55079013300,Census Tract 133; Milwaukee County; Wisconsin,55079,970,844,55344,37.9,0.24928774928774933,0.41496598639455784,0.46296296296296297,0.2154639175257732,0.37606837606837606
55079013400,Census Tract 134; Milwaukee County; Wisconsin,55079,2270,931,34750,23.9,0.1601809954751131,0.03824626865671642,0.9197651663405088,0.17533039647577092,0.44155844155844154
55079013500,Census Tract 135; Milwaukee County; Wisconsin,55079,1690,728,31742,34.1,0.15115354017501992,0.028333333333333332,0.22444444444444445,0.41775147928994083,0.023622047244094488
55079013600,Census Tract 136; Milwaukee County; Wisconsin,55079,2046,742,32946,37.1,0.24690458849235253,0.027777777777777776,0.27817745803357313,0.410993444276349,0.5053191489361702
55079013700,Census Tract 137; Milwaukee County; Wisconsin,55079,1293,775,23946,29.6,0.07829181494661919,0.03164556962025317,0.7931034482758621,0.33853354134165364,0.07246376811594203
55079014100,Census Tract 141; Milwaukee County; Wisconsin,55079,1959,1245,35000,24.4,0.2850779510022272,0.14979757085020243,0.17336683417085427,0.5293517100561511,0.06565656565656566
55079014300,Census Tract 143; Milwaukee County; Wisconsin,55079,2516,1153,70577,34.3,0.6230179028132992,0.1346153846153846,0.6160520607375272,0.17925278219395865,0.28774928774928776
55079014400,Census Tract 144; Milwaukee County; Wisconsin,55079,3246,1635,73365,29.8,0.6983606557377049,0.2909090909090909,0.6543535620052771,0.21304186735828085,0.18914185639229422
55079014600,Census Tract 146; Milwaukee County; Wisconsin,55079,2891,716,12331,20.7,0.28421052631578947,0.10846560846560846,0.36585365853658536,0.7992831541218638,0.0234192037470726
55079014700,Census Tract 147; Milwaukee County; Wisconsin,55079,3125,958,21846,20.9,0.12742980561555073,0.11035525321239607,0.1569767441860465,0.7540345019476906,0
55079014800,Census Tract 148; Milwaukee County; Wisconsin,55079,2421,894,35337,23.7,0.23797250859106533,0.11769759450171821,0.16666666666666666,0.5563157894736842,0
55079014900,Census Tract 149; Milwaukee County; Wisconsin,55079,1045,802,30268,24.6,0.4003944773175543,0.19887165021156558,0.672514619883041,0.44976076555023925,0.0779816513761468
55079015700,Census Tract 157; Milwaukee County; Wisconsin,55079,2872,865,35472,38.6,0.06867969212551805,0.03425925925925926,0.6178107606679035,0.42618384401114207,0.2391304347826087
55079015800,Census Tract 158; Milwaukee County; Wisconsin,55079,2563,920,43185,31.2,0.06813757300454248,0.07678075855689177,0.7596439169139466,0.2978889757623143,0.2905982905982906
55079015900,Census Tract 159; Milwaukee County; Wisconsin,55079,3437,992,44960,32.9,0.1398938736131211,0.12088650100738751,0.6657303370786517,0.15362234506837358,0.21138211382113822
55079016000,Census Tract 160; Milwaukee County; Wisconsin,55079,3225,1055,44323,34,0.04827940421160759,0.03918495297805643,0.682983682983683,0.24558139534883722,0.384297520661157
55079016100,Census Tract 161; Milwaukee County; Wisconsin,55079,3423,887,53600,29.9,0.11592111592111587,0.03217972070431087,0.5027932960893855,0.1831726555652936,0.9029649595687331
55079016200,Census Tract 162; Milwaukee County; Wisconsin,55079,3680,964,51591,39.2,0.16303883909517713,0.08082706766917293,0.4200848656294201,0.2203804347826087,0.31670281995661603
55079016300,Census Tract 163; Milwaukee County; Wisconsin,55079,5320,962,45329,24.9,0.07390648567119151,0.06253029568589433,0.35515151515151516,0.3157894736842105,0.3446327683615819
55079016400,Census Tract 164; Milwaukee County; Wisconsin,55079,4219,938,38576,26.9,0.05728241563055059,0.04628330995792426,0.7151230949589683,0.43365155131264915,0.33136094674556216
55079016500,Census Tract 165; Milwaukee County; Wisconsin,55079,2137,987,43102,40.6,0.11627906976744184,0.03431372549019608,0.5023474178403756,0.25821596244131456,0.6848484848484848
55079016600,Census Tract 166; Milwaukee County; Wisconsin,55079,2070,1074,34245,22.7,0.27628865979381445,0.08722741433021806,0.663594470046083,0.45893719806763283,0.31338028169014087
55079016700,Census Tract 167; Milwaukee County; Wisconsin,55079,3035,948,36850,29.7,0.15340909090909094,0.1568926123381569,0.6320610687022901,0.3087314662273476,0.1592920353982301
55079016800,Census Tract 168; Milwaukee County; Wisconsin,55079,2984,861,43652,31.9,0.07913669064748197,0.0242152466367713,0.5049701789264414,0.1975806451612903,0.17674418604651163
55079016900,Census Tract 169; Milwaukee County; Wisconsin,55079,4122,853,37031,30.3,0.06176598521096133,0,0.9375830013280213,0.4690375528475504,0.5843023255813954
55079017000,Census Tract 170; Milwaukee County; Wisconsin,55079,4895,987,45712,31.1,0.06013683831472816,0.0698869475847893,0.7138643067846607,0.29280397022332505,0.5153846153846153
55079017100,Census Tract 171; Milwaukee County; Wisconsin,55079,2640,1011,63084,29.4,0.07029634734665746,0.012632978723404254,0.5533088235294118,0.10643185298621746,0.41353383458646614
55079017200,Census Tract 172; Milwaukee County; Wisconsin,55079,2676,1136,59625,34.7,0.033290653008962834,0.04824902723735409,0.8016304347826086,0.22720478325859492,0.8475836431226765
55079017300,Census Tract 173; Milwaukee County; Wisconsin,55079,3931,1034,55478,31.4,0.1175950486295314,0.016359918200409,0.42937062937062936,0.12099461676493208,0.8478964401294499
55079017400,Census Tract 174; Milwaukee County; Wisconsin,55079,2762,1003,54375,29.6,0.10491803278688527,0.031630170316301706,0.5131782945736434,0.2990586531498914,0.5132743362831859
55079017500,Census Tract 175; Milwaukee County; Wisconsin,55079,4055,934,38846,26.9,0.09696969696969693,0.05714285714285714,0.3456,0.43325931408832963,0.4075342465753425
55079017600,Census Tract 176; Milwaukee County; Wisconsin,55079,2644,1022,40250,26.3,0.05948215535339396,0.08340016038492382,0.6174334140435835,0.3541033434650456,0.53301886792452835
55079017900,Census Tract 179; Milwaukee County; Wisconsin,55079,2749,1063,81199,33.8,0.4869608826479438,0.21601016518424396,0.24584103512014788,0.05074844833880979,0.3951527924130664
55079018000,Census Tract 180; Milwaukee County; Wisconsin,55079,2886,1243,86136,34.6,0.505521472392638,0.17873892652423137,0.1358313817330211,0.06514206514206514,0.30547112462006076
55079018100,Census Tract 181; Milwaukee County; Wisconsin,55079,1912,1425,111406,51.7,0.6566626650660263,0.2953846153846154,0.054982817869415807,0.038702928870292884,0.8398474737845567
55079018200,Census Tract 182; Milwaukee County; Wisconsin,55079,1589,1478,112336,41.9,0.692657077971234,0.22920696324951645,0.2647058823529412,0.03587161736941473,0.7962674961119751
55079018300,Census Tract 183; Milwaukee County; Wisconsin,55079,2314,1454,84097,35.6,0.5088723526044647,0.16732128829536527,0.3284132841328413,0.06987847222222222,0.5986547085201793
55079018400,Census Tract 184; Milwaukee County; Wisconsin,55079,1318,1314,100625,37.1,0.547486033519553,0.16457023060796647,0.26119402985074625,0.03945371775417299,0.6123188405797102
55079018500,Census Tract 185; Milwaukee County; Wisconsin,55079,1775,1198,68162,34.3,0.35403726708074534,0.2254259501965924,0.33904761904761904,0.10535211267605633,0.7759674134419552
55079018600,Census Tract 186; Milwaukee County; Wisconsin,55079,2981,963,60488,24.3,0.13910034602076127,0.08414872798434442,0.8224137931034483,0.4038913116403891,0.7323232323232324
55079018700,Census Tract 187; Milwaukee County; Wisconsin,55079,2986,860,50202,35.5,0.06369426751592355,0,0.8270042194092827,0.1058271935699933,0.6292134831460674
55079018800,Census Tract 188; Milwaukee County; Wisconsin,55079,1542,1059,48563,30.2,0.015135135135135092,0.14032697547683923,0.6062992125984252,0.3527885862516213,0.6484848484848484
55079018900,Census Tract 189; Milwaukee County; Wisconsin,55079,1186,1135,51250,34,0.1312154696132597,0.036297640653357534,0.4602510460251046,0.21838111298482293,0.5580110497237569
55079019000,Census Tract 190; Milwaukee County; Wisconsin,55079,4931,1083,58417,35.8,0.33035143769968056,0.12632508833922262,0.5342281879194631,0.2508130081300813,0.8104312938816449
55079019100,Census Tract 191; Milwaukee County; Wisconsin,55079,3986,1055,64489,34.2,0.20521806853582558,0.14456630109670987,0.2613430127041742,0.12436885463725751,0.5334075723830735
55079019200,Census Tract 192; Milwaukee County; Wisconsin,55079,3110,1187,61520,39.2,0.24513618677042803,0.12017434620174346,0.4040920716112532,0.1482315112540193,0.7482587064676617
55079019300,Census Tract 193; Milwaukee County; Wisconsin,55079,2643,1141,77305,36.3,0.1944611679711018,0.09859154929577464,0.34276729559748426,0.06772606886114264,0.7867360208062418
55079019400,Census Tract 194; Milwaukee County; Wisconsin,55079,3715,1065,66346,45.5,0.24282855236824552,0.11921234699308142,0.4063047285464098,0.10336473755047107,0.615549215406562
55079019500,Census Tract 195; Milwaukee County; Wisconsin,55079,3085,995,76857,46,0.30778894472361806,0.14327485380116958,0.286783042394015,0.07455429497568881,0.8293612964728313
55079019600,Census Tract 196; Milwaukee County; Wisconsin,55079,4019,952,69783,38.4,0.27541093592754107,0.15628042843232717,0.3873581847649919,0.15411646586345382,0.6529790660225443
55079019700,Census Tract 197; Milwaukee County; Wisconsin,55079,5940,1137,75278,35.1,0.2913466461853559,0.05887879736924522,0.6238532110091743,0.12162162162162163,0.6283924843423799
55079019800,Census Tract 198; Milwaukee County; Wisconsin,55079,5437,1064,60236,36.4,0.2076857869454648,0.12280701754385964,0.393173198482933,0.12727607136288394,0.7450713800135962
55079019900,Census Tract 199; Milwaukee County; Wisconsin,55079,3696,929,80985,40.3,0.3087349397590361,0.1208086785009862,0.4502487562189055,0.08495670995670995,0.7302521008403361
55079020000,Census Tract 200; Milwaukee County; Wisconsin,55079,4037,1042,51946,29.6,0.11894995898277272,0.057465091299677765,0.7668789808917198,0.12781768640079266,0.37976190476190474
55079020100,Census Tract 201; Milwaukee County; Wisconsin,55079,3824,800,44271,39.7,0.14139424970460812,0.17220543806646527,0.7306889352818372,0.16128177966101695,0.6268656716417911
55079020200,Census Tract 202; Milwaukee County; Wisconsin,55079,3144,1143,58026,33.2,0.20286986640277094,0.06019830028328612,0.6947368421052632,0.2522264631043257,0.8008784773060029
55079020300,Census Tract 203; Milwaukee County; Wisconsin,55079,4217,1132,75745,34.1,0.16265560165975101,0.057817998994469585,0.5521023765996343,0.21982451980080625,0.7037552155771906
55079020400,Census Tract 204; Milwaukee County; Wisconsin,55079,3297,1070,71068,28.1,0.05764966740576494,0.1251646903820817,0.7902350813743219,0.11647814124121064,0.6907894736842105
55079020500,Census Tract 205; Milwaukee County; Wisconsin,55079,3641,999,56729,28.7,0.16376306620209058,0.08618504435994931,0.8923444976076556,0.21074380165289255,0.8619854721549637
55079020600,Census Tract 206; Milwaukee County; Wisconsin,55079,3025,1134,84688,37.3,0.47412705090450147,0.15640064274236742,0.15949367088607594,0.07239669421487603,0.7103293413173652
55079020700,Census Tract 207; Milwaukee County; Wisconsin,55079,3893,994,66688,42.3,0.4152652005174644,0.1472902097902098,0.1870967741935484,0.05868725868725869,0.7099099099099099
55079020800,Census Tract 208; Milwaukee County; Wisconsin,55079,3121,1254,93750,36.7,0.5516790231138247,0.3125948406676783,0.10652173913043478,0.041599484037407285,0.7634920634920634
55079020900,Census Tract 209; Milwaukee County; Wisconsin,55079,2541,1003,85885,39,0.446031746031746,0.12055749128919861,0.2491103202846975,0.05863833136560409,0.6983805668016194
55079021000,Census Tract 210; Milwaukee County; Wisconsin,55079,2350,1020,56940,44.9,0.30959057767807063,0.11647727272727272,0.22525597269624573,0.09560392658984208,0.8897216274089935
55079021100,Census Tract 211; Milwaukee County; Wisconsin,55079,1329,1310,70781,33.8,0.33333333333333337,0.16820987654320987,0.05384615384615385,0.14221218961625282,0.7337962962962963
55079021200,Census Tract 212; Milwaukee County; Wisconsin,55079,1895,845,43780,43.1,0.18951902368987794,0.1567251461988304,0.3420074349442379,0.13139841688654352,0.6126543209876543
55079021300,Census Tract 213; Milwaukee County; Wisconsin,55079,1806,1512,41635,51.6,0.17359050445103863,0.07801418439716312,0.39492753623188404,0.09298440979955457,0.4232309746328438
55079021400,Census Tract 214; Milwaukee County; Wisconsin,55079,3900,1104,32268,34.3,0.16759332803812554,0.07424328954882924,0.692588092345079,0.39564102564102566,0.2614742698191933
55079021500,Census Tract 215; Milwaukee County; Wisconsin,55079,3245,1125,77981,41.9,0.41837198726693947,0.1562280084447572,0.6645833333333333,0.07180277349768875,0.829232995658466
55079021600,Census Tract 216; Milwaukee County; Wisconsin,55079,4108,1150,80324,34.6,0.3248434237995824,0.1443609022556391,0.7857142857142857,0.06150398406374502,0.8966900702106319
55079021700,Census Tract 217; Milwaukee County; Wisconsin,55079,5845,1367,74041,46.1,0.22905151448153882,0.047474747474747475,0.27257799671592775,0.08471038441468082,0.8713592233009708
55079021800,Census Tract 218; Milwaukee County; Wisconsin,55079,2073,825,59135,37.9,0.15047479912344774,0.050058207217694994,0.4297872340425532,0.19236564540431944,0.6633825944170771
55079030100,Census Tract 301; Milwaukee County; Wisconsin,55079,4214,1647,156528,43.7,0.7082910321489002,0.3333333333333333,0.7011494252873564,0.04593050928129462,0.9004804392587509
55079035200,Census Tract 352; Milwaukee County; Wisconsin,55079,4547,1728,117024,44,0.6793798449612403,0.341987466427932,0.3861671469740634,0.03400900900900901,0.7977453580901857
55079040100,Census Tract 401; Milwaukee County; Wisconsin,55079,1632,2156,204427,48.1,0.7888198757763976,0.3138075313807531,0.2558139534883721,0.0508578431372549,0.9100418410041841
55079050101,Census Tract 501.01; Milwaukee County; Wisconsin,55079,5644,1160,95045,43,0.3701532912533815,0.26606363069245165,0.44464609800362975,0.026959914863426748,0.8208092485549133
55079050103,Census Tract 501.03; Milwaukee County; Wisconsin,55079,4086,1369,72219,31.9,0.5474344776670358,0.23681818181818182,0.27017543859649124,0.10768477728830152,0.5353159851301115
55079050104,Census Tract 501.04; Milwaukee County; Wisconsin,55079,2834,1019,106250,49.1,0.30506912442396317,0.11616847826086957,0.12978723404255318,0.09880028228652082,0.7952973720608575
55079060101,Census Tract 601.01; Milwaukee County; Wisconsin,55079,4189,1537,87989,38,0.4988219454729047,0.2634905201750122,0.29107981220657275,0.08497686876065254,0.6923076923076923
55079060102,Census Tract 601.02; Milwaukee County; Wisconsin,55079,3289,1194,90192,51.4,0.7163461538461539,0.20568335588633288,0.5689655172413793,0.024861878453038673,0.9134615384615384
55079060200,Census Tract 602; Milwaukee County; Wisconsin,55079,6178,1368,65466,44.9,0.5858585858585859,0.27749576988155666,0.7650485436893204,0.15368782161234992,0.7132978723404255
55079070100,Census Tract 701; Milwaukee County; Wisconsin,55079,4464,1060,171688,40.6,0.8431921596079804,0.28997062526227446,0.21140142517814728,0.024362734040153395,0.8529023746701847
55079070200,Census Tract 702; Milwaukee County; Wisconsin,55079,4967,1411,224750,43.1,0.9088957055214724,0.21768999570631173,0.4462616822429907,0.04049153908138598,0.9722724532851115
55079070300,Census Tract 703; Milwaukee County; Wisconsin,55079,5234,1493,101397,38.2,0.7138761467889908,0.2905540055799123,0.5228310502283106,0.04421052631578947,0.7521902377972466
55079080100,Census Tract 801; Milwaukee County; Wisconsin,55079,2693,1363,90870,34.9,0.7328285559762033,0.2551581843191197,0.672077922077922,0.15373189751206834,0.5427251732101617
55079080200,Census Tract 802; Milwaukee County; Wisconsin,55079,3909,1539,81544,35.8,0.778883753999289,0.24675324675324675,0.40828402366863903,0.07776925044768483,0.4130841121495327
55079080300,Census Tract 803; Milwaukee County; Wisconsin,55079,3663,1167,151667,46.8,0.8613644655235315,0.29582747304266294,0.19109947643979058,0.04586404586404586,0.7636612021857924
55079080400,Census Tract 804; Milwaukee County; Wisconsin,55079,3362,1314,47157,42,0.6232558139534884,0.13300220750551878,0.5192307692307693,0.31469363474122547,0.33448275862068966
55079090100,Census Tract 901; Milwaukee County; Wisconsin,55079,4137,1323,75766,39.1,0.44225169847945645,0.26564102564102565,0.6794520547945205,0.07650273224043716,0.7428330522765598
55079090200,Census Tract 902; Milwaukee County; Wisconsin,55079,2444,1863,92045,41.2,0.7076180257510729,0.18515742128935533,0.2222222222222222,0.06419753086419754,0.8525390625
55079090300,Census Tract 903; Milwaukee County; Wisconsin,55079,3282,1155,81833,37.6,0.4735883424408015,0.23881499395405079,0.17903225806451614,0.04321176831136991,0.562374245472837
55079090600,Census Tract 906; Milwaukee County; Wisconsin,55079,4211,1621,94111,44.2,0.6173835125448028,0.21776155717761558,0.4110898661567878,0.0627867664815262,0.6219312602291326
55079090700,Census Tract 907; Milwaukee County; Wisconsin,55079,3319,1313,167083,38.2,0.7506824385805277,0.2662337662337662,0.14460784313725492,0.03404639951792709,0.8975521305530372
55079090800,Census Tract 908; Milwaukee County; Wisconsin,55079,2143,1045,141319,40.8,0.8123018389346861,0.2152317880794702,0.13584905660377358,0.00979934671021932,0.7091675447839831
55079090900,Census Tract 909; Milwaukee County; Wisconsin,55079,4081,1057,108276,35.2,0.6878693083072644,0.1986725663716814,0.166383701188455,0.047680082030248656,0.6993780234968902
55079091000,Census Tract 910; Milwaukee County; Wisconsin,55079,4628,1109,104174,35.3,0.6594333936106088,0.25381818181818183,0.19230769230769232,0.034677069787602946,0.6901172529313233
55079091100,Census Tract 911; Milwaukee County; Wisconsin,55079,4026,1362,162125,42.9,0.7794798717491984,0.23353293413173654,0.15151515151515152,0.00273224043715847,0.8902195608782435
55079091200,Census Tract 912; Milwaukee County; Wisconsin,55079,5575,1721,72480,33,0.6550580431177446,0.2128335451080051,0.4050880626223092,0.10244428468727534,0.31005248284214776
55079091300,Census Tract 913; Milwaukee County; Wisconsin,55079,3550,1536,119809,39.9,0.6603921568627451,0.1950965049556599,0.2540106951871658,0.05407725321888412,0.8257411424439624
55079091400,Census Tract 914; Milwaukee County; Wisconsin,55079,2314,1494,111705,36.3,0.6357655502392344,0.21255230125523011,0.4418604651162791,0.0773552290406223,0.6610925306577481
55079100100,Census Tract 1001; Milwaukee County; Wisconsin,55079,4019,999,56520,31.7,0.28648648648648645,0.08638049814520403,0.3298059964726631,0.12241851206767852,0.5674373795761078
55079100200,Census Tract 1002; Milwaukee County; Wisconsin,55079,4654,1180,67792,36.3,0.3171780900487525,0.08163265306122448,0.2824773413897281,0.16110870506712863,0.42736248236953456
55079100300,Census Tract 1003; Milwaukee County; Wisconsin,55079,2366,892,41359,41.5,0.30405405405405406,0.12298387096774194,0.4329268292682927,0.18087408048463868,0.4298808432630614
55079100400,Census Tract 1004; Milwaukee County; Wisconsin,55079,2702,999,53015,40.7,0.4117922321010763,0.11669505962521294,0.40444444444444444,0.2206432311144353,0.48795648795648794
55079100500,Census Tract 1005; Milwaukee County; Wisconsin,55079,3428,830,66851,43.1,0.29199848312476295,0.15762273901808785,0.1932367149758454,0.08429351121892056,0.5446836268754077
55079100600,Census Tract 1006; Milwaukee County; Wisconsin,55079,1761,785,74954,39,0.29166666666666663,0.09472551130247578,0.2939189189189189,0.08461101646791595,0.7742857142857142
55079100700,Census Tract 1007; Milwaukee County; Wisconsin,55079,2762,1175,77764,47.6,0.26347305389221554,0.05848329048843188,0.08653846153846154,0.1002896451846488,0.8942398489140698
55079100800,Census Tract 1008; Milwaukee County; Wisconsin,55079,2967,870,74325,45.9,0.32176121930567314,0.0929144385026738,0.22157434402332363,0.13043478260869565,0.8453159041394336
55079100900,Census Tract 1009; Milwaukee County; Wisconsin,55079,3608,1036,62071,39.2,0.30674196964348743,0.09850438370293967,0.28021015761821366,0.15282859555305375,0.4762796504369538
55079101000,Census Tract 1010; Milwaukee County; Wisconsin,55079,4800,1200,80431,35.7,0.3366204690831557,0.0610051993067591,0.146374829001368,0.07166666666666667,0.4323562570462232
55079101100,Census Tract 1011; Milwaukee County; Wisconsin,55079,1651,904,51591,43,0.21540880503144655,0.06877729257641921,0.3,0.1241671714112659,0.5328859060402684
55079101200,Census Tract 1012; Milwaukee County; Wisconsin,55079,3012,1221,79000,40.2,0.26090950849793293,0.1148014440433213,0.057569296375266525,0.12421493370551291,0.6486742424242424
55079101300,Census Tract 1013; Milwaukee County; Wisconsin,55079,3007,968,81144,48.2,0.23654618473895583,0.12044471896232242,0.2264957264957265,0.058686228742914306,0.7541118421052632
55079101400,Census Tract 1014; Milwaukee County; Wisconsin,55079,3913,774,74271,35.6,0.30472263868065963,0.1446280991735537,0.23742454728370221,0.1065425394362555,0.5533980582524272
55079101500,Census Tract 1015; Milwaukee County; Wisconsin,55079,4429,947,66969,37.1,0.2783870967741936,0.14182692307692307,0.23407917383820998,0.06096184240234816,0.559013505578391
55079101600,Census Tract 1016; Milwaukee County; Wisconsin,55079,4480,971,73289,38.7,0.2933292720073104,0.09183673469387756,0.5311778290993071,0.11895996318453751,0.5599513085818625
55079101700,Census Tract 1017; Milwaukee County; Wisconsin,55079,3273,1039,74352,37.1,0.3395815170008718,0.08231545406266595,0.20665499124343256,0.10326917201344332,0.6615120274914089
55079101800,Census Tract 1018; Milwaukee County; Wisconsin,55079,2780,1063,60250,47.5,0.19304262616364531,0.07715355805243446,0.2229038854805726,0.10342342342342342,0.7464251668255482
55079110100,Census Tract 1101; Milwaukee County; Wisconsin,55079,4038,920,49128,36.2,0.19612590799031482,0.07792813812412505,13.75,0.2038642556353728,0.4
55079120101,Census Tract 1201.01; Milwaukee County; Wisconsin,55079,4333,1354,68125,43.5,0.35049180327868856,0.1785202863961814,0.22489082969432314,0.11193168705285023,0.5366430260047281
55079120102,Census Tract 1201.02; Milwaukee County; Wisconsin,55079,3808,1667,92901,45,0.49662761803336886,0.19101123595505617,0.2718978102189781,0.046600877192982455,0.6337558372248165
55079120201,Census Tract 1202.01; Milwaukee County; Wisconsin,55079,3629,1196,55503,46.7,0.2949665610700457,0.11394658753709198,0.7361963190184049,0.1265857694429123,0.5736591989137814
55079120202,Census Tract 1202.02; Milwaukee County; Wisconsin,55079,3255,949,67253,36.6,0.2365765038352846,0.04159343878148799,0.4419551934826884,0.11504424778761062,0.6561631139944393
55079120203,Census Tract 1202.03; Milwaukee County; Wisconsin,55079,4170,1159,67167,39,0.28867028493894165,0.1360544217687075,0.5762376237623762,0.0883709638261714,0.46774193548387094
55079120300,Census Tract 1203; Milwaukee County; Wisconsin,55079,2199,1052,72208,36.3,0.38284518828451886,0.17079646017699116,0.9551724137931035,0.11186903137789904,0.8328402366863905
55079120400,Census Tract 1204; Milwaukee County; Wisconsin,55079,6274,1209,65389,42.3,0.25065643304382956,0.1503267973856209,0.5412698412698412,0.08065552699228792,0.59026369168357
55079120501,Census Tract 1205.01; Milwaukee County; Wisconsin,55079,3806,1075,82150,40,0.3698996655518395,0.2030360531309298,0.2150313152400835,0.03362022592791824,0.8422310756972111
55079120502,Census Tract 1205.02; Milwaukee County; Wisconsin,55079,5564,1155,78037,45.5,0.3920855128496702,0.11956887841023914,0.5219512195121951,0.07399226946438432,0.6913401064344461
55079130100,Census Tract 1301; Milwaukee County; Wisconsin,55079,4905,1339,84961,39.1,0.45278022947925856,0.07117296222664016,0.3023952095808383,0.038318912237330034,0.6214492753623189
55079130200,Census Tract 1302; Milwaukee County; Wisconsin,55079,2784,1335,93203,40,0.42126789366053174,0.16777188328912468,0.16265060240963855,0.029006526468455404,0.6376021798365122
55079140100,Census Tract 1401; Milwaukee County; Wisconsin,55079,3187,1314,130278,49.9,0.5633802816901409,0.19104991394148021,0.3076923076923077,0.04200884396715098,0.8294117647058824
55079140201,Census Tract 1402.01; Milwaukee County; Wisconsin,55079,5641,1258,74601,38.2,0.40956175298804776,0.1327845382963493,0.37545787545787546,0.14341428824676475,0.5442651548190144
55079140202,Census Tract 1402.02; Milwaukee County; Wisconsin,55079,5766,1239,99596,39.6,0.45552763819095476,0.14158686730506156,0.5082644628099173,0.0476687543493389,0.7391058290888511
55079150100,Census Tract 1501; Milwaukee County; Wisconsin,55079,9139,1038,92083,40.9,0.4573877162355182,0.18070787637088734,0.32611464968152865,0.08865248226950355,0.7033280507131537
55079150301,Census Tract 1503.01; Milwaukee County; Wisconsin,55079,5943,1473,109769,46.9,0.38347069597069594,0.12867877269881026,0.3271604938271605,0.02601790843047812,0.8967112024665982
55079150303,Census Tract 1503.03; Milwaukee County; Wisconsin,55079,5056,1709,99526,52.5,0.4200520833333333,0.15373423860329777,0.45692883895131087,0.03170828378913991,0.7635983263598326
55079150304,Census Tract 1503.04; Milwaukee County; Wisconsin,55079,3905,1486,96477,48.2,0.46784021665538256,0.12054001928640308,0.6423529411764706,0.06632522407170295,0.597758405977584
55079160101,Census Tract 1601.01; Milwaukee County; Wisconsin,55079,4744,1764,89785,39.3,0.3945030538589672,0.10970464135021098,0.5827702702702703,0.04173693086003373,0.6025358324145534
55079160102,Census Tract 1601.02; Milwaukee County; Wisconsin,55079,2442,1114,50667,44.9,0.3008937437934459,0.16925351071692535,0.6262295081967213,0.07166257166257166,0.4111874386653582
55079160202,Census Tract 1602.02; Milwaukee County; Wisconsin,55079,7337,1509,103447,37.7,0.33450443786982254,0.07829268292682927,0.4258823529411765,0.05670244976603358,0.5294338207724034
55079160203,Census Tract 1602.03; Milwaukee County; Wisconsin,55079,7637,1599,94145,36,0.46915520628683693,0.1619656236227413,0.3847715736040609,0.026801114501791165,0.5689655172413793
55079160205,Census Tract 1602.05; Milwaukee County; Wisconsin,55079,3106,1391,80281,36.6,0.3633744855967078,0.04191224623444663,0.4140786749482402,0.11731843575418995,0.3188291139240506
55079160206,Census Tract 1602.06; Milwaukee County; Wisconsin,55079,1925,1246,91324,31,0.5206301575393848,0.14118564742589704,0.5299145299145299,0.06857142857142857,0.16176470588235295
55079160301,Census Tract 1603.01; Milwaukee County; Wisconsin,55079,5198,1147,131538,44.2,0.3436482084690554,0.14236001265422335,0.35929203539823007,0.03798688777477825,0.9781312127236581
55079160302,Census Tract 1603.02; Milwaukee County; Wisconsin,55079,4936,1725,127005,44.3,0.4548725637181409,0.0792931581332125,0.22910216718266255,0.030352413933591362,0.98067287043665
55079170100,Census Tract 1701; Milwaukee County; Wisconsin,55079,2533,1224,70385,44.2,0.41305483028720624,0.11219879518072289,0.27419354838709675,0.13106987761547573,0.6676646706586826
55079170200,Census Tract 1702; Milwaukee County; Wisconsin,55079,3687,1054,74211,38.3,0.3293297171638899,0.11466260781329274,0.24652087475149106,0.07729861676159479,0.6602941176470588
55079170300,Census Tract 1703; Milwaukee County; Wisconsin,55079,2570,953,90954,39.5,0.2853957636566332,0.1070110701107011,0.34408602150537637,0.17704280155642024,0.8051282051282052
55079170400,Census Tract 1704; Milwaukee County; Wisconsin,55079,3055,996,97094,42.8,0.2800177226406735,0.1472819216182048,0.21003134796238246,0.02618657937806874,0.9185567010309278
55079170500,Census Tract 1705; Milwaukee County; Wisconsin,55079,2030,933,65450,41.6,0.2498430634023855,0.1299126637554585,0.20168067226890757,0.13217768147345613,0.664572864321608
55079170600,Census Tract 1706; Milwaukee County; Wisconsin,55079,3428,926,61164,33.2,0.3305719921104536,0.15438373570520966,0.244,0.19136522753792298,0.47392290249433106
55079170700,Census Tract 1707; Milwaukee County; Wisconsin,55079,3139,1164,69688,44.8,0.19381255686988175,0.09611992945326278,0.24,0.1889136667728576,0.8136272545090181
55079180100,Census Tract 1801; Milwaukee County; Wisconsin,55079,2910,988,71100,44.5,0.3849658314350797,0.12474576271186441,0.19291338582677164,0.013745704467353952,0.771900826446281
55079180200,Census Tract 1802; Milwaukee County; Wisconsin,55079,4382,1055,65953,42.1,0.3595141700404858,0.12442218798151002,0.44223826714801445,0.1425951398441082,0.5286624203821656
55079180300,Census Tract 1803; Milwaukee County; Wisconsin,55079,3686,1140,58005,32.9,0.203125,0.15360888340530537,0.3968253968253968,0.062023939064200215,0.3846830985915493
55079180400,Census Tract 1804; Milwaukee County; Wisconsin,55079,2743,625,55639,47.9,0.2162412993039443,0.16306027820710975,0.1588235294117647,0.0995260663507109,0.8118279569892473
55079180500,Census Tract 1805; Milwaukee County; Wisconsin,55079,4132,1059,73758,51.1,0.26250369931932527,0.06406029203956665,0.17148014440433212,0.21001458434613515,0.7942088934850051
55079185100,Census Tract 1851; Milwaukee County; Wisconsin,55079,4790,1033,53284,56.4,0.34712983493471294,0.2379759519038076,0.23558897243107768,0.260196611587534,0.5334507042253521
55079185200,Census Tract 1852; Milwaukee County; Wisconsin,55079,4214,910,65466,52.6,0.26283821093318605,0.18166383701188454,0.39949748743718594,0.06589983225497244,0.6013513513513513
55079185300,Census Tract 1853; Milwaukee County; Wisconsin,55079,4819,1654,73138,42,0.5628616517622305,0.2093379257558362,0.35947712418300654,0.1021437578814628,0.5034381139489195
55079185400,Census Tract 1854; Milwaukee County; Wisconsin,55079,940,998,37321,42.3,0.13692307692307693,0.19630484988452657,0.17716535433070865,0.3617021276595745,1
55079185600,Census Tract 1856; Milwaukee County; Wisconsin,55079,2430,829,41358,27.9,0.4132581100141044,0.1439153439153439,0.04185022026431718,0.25763831544178367,0.5336322869955157
55079185700,Census Tract 1857; Milwaukee County; Wisconsin,55079,2866,974,26691,23.3,0.1293680297397769,0.07738998482549317,0.17107093184979139,0.45549738219895286,0.1926605504587156
55079185900,Census Tract 1859; Milwaukee County; Wisconsin,55079,956,834,61304,29.9,0.33205374280230326,0.12885154061624648,0.054945054945054944,0.4309623430962343,0
55079186000,Census Tract 1860; Milwaukee County; Wisconsin,55079,1706,408,19559,35.7,0.10781404549950546,0.15424164524421594,0.19525065963060687,0.4991171277221895,0.4235294117647059
55079186100,Census Tract 1861; Milwaukee County; Wisconsin,55079,2060,820,18670,24.7,0.0634765625,0.036036036036036036,0.17994858611825193,0.5494880546075085,0.17073170731707318
55079186200,Census Tract 1862; Milwaukee County; Wisconsin,55079,1415,778,21250,29.3,0.09560723514211888,0.22371364653243847,0.375,0.552689756816507,0
55079186300,Census Tract 1863; Milwaukee County; Wisconsin,55079,4378,1691,76622,29.8,0.4273099968464207,0.19250114311842706,0.28370786516853935,0.17400275103163687,0.09541420118343195
55079186400,Census Tract 1864; Milwaukee County; Wisconsin,55079,1145,992,12130,19.9,0.4347826086956522,0.10425531914893617,0.6111111111111112,0.716012084592145,0
55079186500,Census Tract 1865; Milwaukee County; Wisconsin,55079,2121,1339,52031,33.7,0.42910915934755334,0.17449139280125195,0.8293515358361775,0.3069306930693069,0.1353637901861252
55079186600,Census Tract 1866; Milwaukee County; Wisconsin,55079,1986,1470,62000,32.8,0.327433628318584,0.08531157270029674,0.6167883211678832,0.14803625377643503,0.19279661016949154
55079186800,Census Tract 1868; Milwaukee County; Wisconsin,55079,1441,905,31830,32.2,0.2811101163831692,0.0978441127694859,0.618421052631579,0.3025270758122744,0.01644736842105263
55079186900,Census Tract 1869; Milwaukee County; Wisconsin,55079,2181,1781,86711,66.2,0.7865671641791044,0.30201342281879195,0.5074074074074074,0.0743142144638404,0.3425549227013832
55079187000,Census Tract 1870; Milwaukee County; Wisconsin,55079,3276,1310,65900,30.6,0.7735008103727714,0.3187919463087248,0.26096997690531176,0.11170212765957446,0.16086235489220563
55079187200,Census Tract 1872; Milwaukee County; Wisconsin,55079,4914,1685,126033,39.6,0.4594151407488385,0.25439330543933053,0.26618705035971224,0.08474955277280859,0.7749077490774908
55079187300,Census Tract 1873; Milwaukee County; Wisconsin,55079,6929,1426,132411,40.9,0.47126436781609193,0.12556306306306306,0.29842931937172773,0.08969907407407407,0.9562406762804575
55079187400,Census Tract 1874; Milwaukee County; Wisconsin,55079,3731,1961,136324,39.6,0.8161475657695797,0.20115495668912417,0.05324074074074074,0.05339415079152133,0.32527791203479944
55081950100,Census Tract 9501; Monroe County; Wisconsin,55081,4594,1000,86917,46,0.19604863221884494,0.07934336525307797,0.1111111111111111,0.07742639040348964,0.8408389882788402
55081950200,Census Tract 9502; Monroe County; Wisconsin,55081,5104,1527,87409,42.4,0.2626203676685147,0.13089622641509435,0.13958810068649885,0.06875508543531327,0.8250712250712251
55081950300,Census Tract 9503; Monroe County; Wisconsin,55081,6761,907,67319,36.2,0.20323817639539843,0.13729977116704806,0.20048309178743962,0.09481592787377911,0.6979043100039541
55081950400,Census Tract 9504; Monroe County; Wisconsin,55081,4418,790,60417,40.6,0.19376181474480147,0.0670926517571885,0.26421404682274247,0.11882572227399814,0.7369290038525041
55081950500,Census Tract 9505; Monroe County; Wisconsin,55081,6316,924,61343,44.7,0.27031114952463264,0.037310806054206266,0.2229038854805726,0.1482797609433048,0.6878012606599926
55081950600,Census Tract 9506; Monroe County; Wisconsin,55081,4108,887,47083,35.5,0.18171926006528838,0.04373464373464373,0.06212424849699399,0.16419753086419753,0.41829004329004327
55081950700,Census Tract 9507; Monroe County; Wisconsin,55081,4418,690,72313,40.1,0.1841721371261853,0.1274564851207187,0.17894736842105263,0.1635620172648796,0.8364485981308412
55081950800,Census Tract 9508; Monroe County; Wisconsin,55081,4676,804,74698,33.6,0.17417958889289575,0.1047008547008547,0.2932330827067669,0.15612903225806452,0.85423197492163
55081950900,Census Tract 9509; Monroe County; Wisconsin,55081,5813,961,83750,37.4,0.21711057304277648,0.07317965605561653,0.1766109785202864,0.08277289187790998,0.9033570701932858
55083100300,Census Tract 1003; Oconto County; Wisconsin,55083,2817,663,71181,62.7,0.21048451151707703,0.212890625,0.09722222222222222,0.10973011363636363,0.9595959595959596
55083100500,Census Tract 1005; Oconto County; Wisconsin,55083,2347,1063,60280,59.5,0.1908163265306122,0.13789237668161436,0.2413793103448276,0.1223267750213858,0.937847866419295
55083100600,Census Tract 1006; Oconto County; Wisconsin,55083,2617,770,72796,51.7,0.12444001991040321,0.1269982238010657,0.05670103092783505,0.11863743148003132,0.8996138996138996
55083100700,Census Tract 1007; Oconto County; Wisconsin,55083,2581,817,57196,47.9,0.12674543501611168,0.08976510067114093,0.04568527918781726,0.11146496815286625,0.8656716417910447
55083100800,Census Tract 1008; Oconto County; Wisconsin,55083,2298,725,76172,48.3,0.14749430523917995,0.09637404580152671,0.16939890710382513,0.10126582278481013,0.7968421052631579
55083100900,Census Tract 1009; Oconto County; Wisconsin,55083,2965,790,66029,39.1,0.13399621212121215,0.10367691380349608,0.11814345991561181,0.13723441309648207,0.6694214876033058
55083101000,Census Tract 1010; Oconto County; Wisconsin,55083,4440,820,72292,49.5,0.13860218224712473,0.06302707501109632,0.0736196319018405,0.06614427287393408,0.7239094422970734
55083101100,Census Tract 1011; Oconto County; Wisconsin,55083,4874,819,86007,45.8,0.20378745053702652,0.12056184159188452,0.11538461538461539,0.07162134108366203,0.9512061403508771
55083101200,Census Tract 1012; Oconto County; Wisconsin,55083,4602,687,56068,41.6,0.23845686512758202,0.1109979633401222,0.09141274238227147,0.07345389595891941,0.7077515647568609
55083101301,Census Tract 1013.01; Oconto County; Wisconsin,55083,5356,959,109435,40.5,0.29698828778583375,0.17558813501534265,0.17525773195876287,0.04416463070851344,0.9329787234042554
55083101302,Census Tract 1013.02; Oconto County; Wisconsin,55083,4692,946,105000,44,0.1730881494454174,0.1415964701163257,0.14511041009463724,0.04242946370880896,0.9455703532136653
55085970101,Census Tract 9701.01; Oneida County; Wisconsin,55085,1875,950,78920,62.1,0.41005291005291,0.1267806267806268,0.13168724279835392,0.09670448406266882,0.9188888888888889
55085970103,Census Tract 9701.03; Oneida County; Wisconsin,55085,1050,819,57946,61.2,0.2287581699346405,0.13366336633663367,0.07339449541284404,0.10761904761904761,0.8312159709618875
55085970104,Census Tract 9701.04; Oneida County; Wisconsin,55085,2461,873,78787,54.1,0.25306748466257667,0.10473815461346633,0.10309278350515463,0.06919006919006919,0.9146567717996289
55085970400,Census Tract 9704; Oneida County; Wisconsin,55085,2829,855,68333,51.5,0.23135669362084454,0.17693409742120345,0.05985915492957746,0.06408839779005525,0.82
55085970500,Census Tract 9705; Oneida County; Wisconsin,55085,1822,546,95917,50.1,0.3056133056133056,0.06805708013172337,0.05025125628140704,0.007692307692307693,0.9318801089918256
55085970601,Census Tract 9706.01; Oneida County; Wisconsin,55085,2270,732,85250,53,0.4100998890122086,0.13395904436860068,0.13095238095238096,0.03127753303964758,0.9644913627639156
55085970603,Census Tract 9706.03; Oneida County; Wisconsin,55085,1774,924,77639,56.7,0.34403349616189816,0.12307692307692308,0.04526748971193416,0.12965050732807215,0.8326797385620915
55085970604,Census Tract 9706.04; Oneida County; Wisconsin,55085,1971,904,63824,56.5,0.2994858611825193,0.06738868832731648,0.06779661016949153,0.07786259541984733,0.9337078651685393
55085970800,Census Tract 9708; Oneida County; Wisconsin,55085,2078,955,69516,60.9,0.323094425483504,0.038267875125881166,0.09401709401709402,0.052989790957705396,0.7706057596822244
55085970900,Census Tract 9709; Oneida County; Wisconsin,55085,2432,844,82546,56.2,0.2984078068823831,0.1226321036889332,0.2611464968152866,0.05958549222797927,0.9388560157790927
55085971001,Census Tract 9710.01; Oneida County; Wisconsin,55085,1268,900,69667,53.6,0.2228976697061803,0.15879017013232513,0.03314917127071823,0.12619808306709265,0.9094269870609981
55085971002,Census Tract 9710.02; Oneida County; Wisconsin,55085,2390,965,69565,59,0.31201171875,0.09109518935516889,0.07106598984771574,0.07782426778242678,0.9155435759209344
55085971100,Census Tract 9711; Oneida County; Wisconsin,55085,2194,1094,90153,55.6,0.30416911332941865,0.11583011583011583,0.10975609756097561,0.07548032936870998,0.944327731092437
55085971300,Census Tract 9713; Oneida County; Wisconsin,55085,2332,936,70324,51.6,0.32270270270270274,0.128,0.2361111111111111,0.07420494699646643,0.6541628545288197
55085971400,Census Tract 9714; Oneida County; Wisconsin,55085,4489,813,56250,39.9,0.24524524524524527,0.10116383169203223,0.13297872340425532,0.09464285714285714,0.6589994249568718
55085971500,Census Tract 9715; Oneida County; Wisconsin,55085,4932,815,50399,37.9,0.1951566951566952,0.05324298160696999,0.21212121212121213,0.1603117758584369,0.7356150793650794
55087010100,Census Tract 101; Outagamie County; Wisconsin,55087,2835,1045,41950,28.8,0.3177410154021677,0.2698529411764706,0.17926565874730022,0.15830592105263158,0.44622641509433963
55087010200,Census Tract 102; Outagamie County; Wisconsin,55087,4363,892,58894,31.2,0.34083824038794597,0.09582504970178926,0.17830882352941177,0.07946407946407946,0.757852655625357
55087010300,Census Tract 103; Outagamie County; Wisconsin,55087,2347,933,46802,40.4,0.24212368728121358,0.1623994147768837,0.18396226415094338,0.18638149279790484,0.3683683683683684
55087010501,Census Tract 105.01; Outagamie County; Wisconsin,55087,2201,941,57955,37,0.37199434229137196,0.10460251046025104,0.17488789237668162,0.21458237194277804,0.7232635060639471
55087010502,Census Tract 105.02; Outagamie County; Wisconsin,55087,1776,1545,74375,20.7,0.6822107081174439,0.2018348623853211,0.8888888888888888,0.1068090787716956,0.4009433962264151
55087010601,Census Tract 106.01; Outagamie County; Wisconsin,55087,4074,979,71029,34.7,0.32641252552756983,0.08041799182189914,0.2523540489642185,0.08258258258258258,0.5587259455872594
55087010602,Census Tract 106.02; Outagamie County; Wisconsin,55087,3640,1216,89145,41.8,0.3342455043002346,0.16987179487179488,0.48854961832061067,0.10719244654262705,0.9025069637883009
55087010700,Census Tract 107; Outagamie County; Wisconsin,55087,4856,964,79583,37.4,0.3252336448598131,0.10337161911819193,0.1737649063032368,0.13436532507739937,0.6521489971346704
55087010800,Census Tract 108; Outagamie County; Wisconsin,55087,1581,1188,67211,41.6,0.37721518987341773,0.23209549071618038,0.2727272727272727,0.1578604044357469,0.8128930817610063
55087010900,Census Tract 109; Outagamie County; Wisconsin,55087,2208,1171,86354,38.9,0.4009370816599732,0.09784735812133072,0.45364238410596025,0.1009549795361528,0.798140770252324
55087011001,Census Tract 110.01; Outagamie County; Wisconsin,55087,2851,906,67677,34.9,0.30406091370558375,0.04340473506200677,0.44358974358974357,0.16625745352507892,0.41831238779174146
55087011002,Census Tract 110.02; Outagamie County; Wisconsin,55087,2306,1146,86667,40.9,0.2826666666666666,0.09705488621151272,0.26785714285714285,0.06222611744084137,0.6782608695652174
55087011101,Census Tract 111.01; Outagamie County; Wisconsin,55087,5161,959,85863,36.6,0.2748828232699201,0.07403616513135448,0.3181818181818182,0.07868217054263565,0.6259157509157509
55087011103,Census Tract 111.03; Outagamie County; Wisconsin,55087,4074,912,105750,32.9,0.42006380716058134,0.09714758164530798,0.32142857142857145,0.028102462074110917,0.5976372480889507
55087011104,Census Tract 111.04; Outagamie County; Wisconsin,55087,3343,1170,61491,39.7,0.22613065326633164,0.09151329243353783,0.38857142857142857,0.10466582597730138,0.4129190515126738
55087011200,Census Tract 112; Outagamie County; Wisconsin,55087,3102,1207,84545,36.7,0.2974137931034483,0.04278812974465148,0.5431754874651811,0.05081912403878302,0.7986870897155361
55087011300,Census Tract 113; Outagamie County; Wisconsin,55087,2871,785,69906,35.9,0.37107565620174987,0.12981455064194009,0.21105527638190955,0.0469187675070028,0.7956989247311828
55087011400,Census Tract 114; Outagamie County; Wisconsin,55087,4805,1202,69673,44.1,0.30771436765127613,0.12210733628754308,0.22810590631364563,0.058823529411764705,0.6213930348258706
55087011501,Census Tract 115.01; Outagamie County; Wisconsin,55087,3528,1195,84722,38.7,0.3389900662251656,0.08320571720265442,0.6303191489361702,0.064460924130062755,0.8362619808306709
55087011502,Census Tract 115.02; Outagamie County; Wisconsin,55087,4497,893,75978,37.5,0.43094109681787407,0.09064924458962842,0.27828054298642535,0.0311318656882366,0.6997503121098627
55087011600,Census Tract 116; Outagamie County; Wisconsin,55087,7065,1163,80161,46.9,0.352808988764045,0.12841091492776885,0.36779324055666,0.08678332621994594,0.7102649006622517
55087011700,Census Tract 117; Outagamie County; Wisconsin,55087,2858,1279,70313,34.7,0.23753976670201482,0.06525911708253358,0.1527777777777778,0.07697690692792163,0.673972602739726
55087011800,Census Tract 118; Outagamie County; Wisconsin,55087,1847,989,62455,40.2,0.15429831006612782,0.13417190775681342,0.084070796460177,0.1013550135501355,0.6893840104849279
55087011901,Census Tract 119.01; Outagamie County; Wisconsin,55087,2839,1072,92173,33.8,0.29052132701421796,0.09258256632376827,0.2542372881355932,0.041563930961606196,0.6611969111969112
55087011902,Census Tract 119.02; Outagamie County; Wisconsin,55087,4467,1074,84583,37.1,0.2372759856630824,0.06548175865294668,0.10643564356435643,0.063613805549289415,0.7111111111111111
55087012000,Census Tract 120; Outagamie County; Wisconsin,55087,7097,1065,101447,44.9,0.3903987304106328,0.08321964529331514,0.34459459459459457,0.018317598985486825,0.8611550632911392
55087012101,Census Tract 121.01; Outagamie County; Wisconsin,55087,3982,1345,102527,47.4,0.21040868454661554,0.053629218677762366,0.18793503480278423,0.0503209242618742,0.8045397225725095
55087012102,Census Tract 121.02; Outagamie County; Wisconsin,55087,4462,1074,76836,35.3,0.19696490673411315,0.09181784524250278,0.18410852713178294,0.06105499438832772,0.6917621385706492
55087012200,Census Tract 122; Outagamie County; Wisconsin,55087,2008,940,51643,31.3,0.18667763157894735,0.09218612818261633,0.2066115702479339,0.1390827517447657,0.5400485436893204
55087012300,Census Tract 123; Outagamie County; Wisconsin,55087,1769,1081,62400,46,0.24767801857585137,0.07947019867549669,0.08333333333333333,0.07543959160521838,0.8439226519337016
55087012400,Census Tract 124; Outagamie County; Wisconsin,55087,3372,938,88516,35,0.2676376877560309,0.09950248756218906,0.12694300518134716,0.12244283995186522,0.6941747572815534
55087012504,Census Tract 125.04; Outagamie County; Wisconsin,55087,3979,1142,101875,46,0.5095137420718816,0.16050632911392404,0.27505827505827507,0.023045054375971,0.7327188940092166
55087012505,Census Tract 125.05; Outagamie County; Wisconsin,55087,5788,1252,100469,39,0.441080810607956,0.11589711806631546,0.4198019801980198,0.008834228304174605,0.7
55087012506,Census Tract 125.06; Outagamie County; Wisconsin,55087,4914,1134,77868,43.4,0.38430698739977087,0.20233609645817635,0.2724505327245053,0.05962059620596206,0.514921598381386
55087012602,Census Tract 126.02; Outagamie County; Wisconsin,55087,5408,1524,125104,44.3,0.3439629326792042,0.12828282828282828,0.07418397626112759,0.021264792899408285,0.9827586206896551
55087012603,Census Tract 126.03; Outagamie County; Wisconsin,55087,5407,1243,112486,37.2,0.43094381400498205,0.1627751834556371,0.22796934865900384,0.01738487146291844,0.9235955056179775
55087012604,Census Tract 126.04; Outagamie County; Wisconsin,55087,5063,1203,114583,41.6,0.45350500715307585,0.1937869822485207,0.27613412228796846,0.01935611297649615,0.8499166203446359
55087012700,Census Tract 127; Outagamie County; Wisconsin,55087,6856,783,78727,39.7,0.23809523809523814,0.09488619568430387,0.3160621761658031,0.09237536656891496,0.750974447812906
55087012800,Census Tract 128; Outagamie County; Wisconsin,55087,7753,804,85125,40.5,0.19322482967448906,0.0880893300248139,0.13404825737265416,0.052828726427279774,0.855525965379494
55087012902,Census Tract 129.02; Outagamie County; Wisconsin,55087,3725,1105,112222,50,0.21619667389732466,0.17746759720837488,1.1379310344827587,0.015868746637977407,0.94529262086514
55087012903,Census Tract 129.03; Outagamie County; Wisconsin,55087,3130,840,115774,38.5,0.32283082888996606,0.17201166180758018,0.12546125461254612,0.014506769825918761,0.8801932367149758
55087013100,Census Tract 131; Outagamie County; Wisconsin,55087,5750,894,85069,39.5,0.26243159647870573,0.08981451350471852,0.09919571045576407,0.051639055340148045,0.7710551790900291
55087013200,Census Tract 132; Outagamie County; Wisconsin,55087,4018,1022,80393,43.2,0.14607988165680474,0.10978260869565218,0.09507042253521127,0.054,0.8977433004231312
55087013300,Census Tract 133; Outagamie County; Wisconsin,55087,10593,1237,106166,37.5,0.4088356973995272,0.11294765840220386,0.4556213017751479,0.023350349782567593,0.6878336611407698
55087940000,Census Tract 9400; Outagamie County; Wisconsin,55087,4560,775,76651,38.5,0.16260987153482087,0.09015996122152206,5.4,0.1018582243633861,0.8878923766816144
55089610101,Census Tract 6101.01; Ozaukee County; Wisconsin,55089,4379,987,91518,39.5,0.23005008347245404,0.07301331181928197,0.18627450980392157,0.07773689052437903,0.8108974358974359
55089610102,Census Tract 6101.02; Ozaukee County; Wisconsin,55089,4025,1049,84761,46.6,0.2920415224913495,0.07349665924276169,0.28157894736842104,0.02707445475056405,0.8640906062624917
55089620100,Census Tract 6201; Ozaukee County; Wisconsin,55089,5465,942,82917,42.5,0.28893442622950816,0.13620635419943378,0.2180293501048218,0.07904849039341262,0.5990764063811923
55089630100,Census Tract 6301; Ozaukee County; Wisconsin,55089,2856,1020,84821,45.7,0.3250883392226148,0.12340153452685422,0.14893617021276595,0.041666666666666664,0.6847433116413594
55089630201,Census Tract 6302.01; Ozaukee County; Wisconsin,55089,4634,1007,83125,48.5,0.4252649191299498,0.1370309951060359,0.13163972286374134,0.046718817905258586,0.7947817360762669
55089630202,Census Tract 6302.02; Ozaukee County; Wisconsin,55089,6105,1034,74894,35.8,0.3591737545565006,0.11656658424584952,0.342,0.1122830894862198,0.5673854447439353
55089640101,Census Tract 6401.01; Ozaukee County; Wisconsin,55089,3202,1175,53681,46.6,0.408067940552017,0.12637969094922738,0.10182767624020887,0.05484174240050141,0.36562860438292966
55089640102,Census Tract 6401.02; Ozaukee County; Wisconsin,55089,2461,1031,94500,42.6,0.325120514193894,0.10906411201179071,0.04659498207885305,0.03657049979683056,0.7753479125248509
55089640201,Census Tract 6402.01; Ozaukee County; Wisconsin,55089,3145,1137,87355,37,0.49887741356084414,0.22019867549668873,0.19210526315789472,0.03847376788553259,0.6388206388206388
55089640202,Census Tract 6402.02; Ozaukee County; Wisconsin,55089,6749,1424,115132,41.7,0.5312227074235808,0.1696453120703877,0.42788461538461536,0.021845742309407043,0.7098547310561445
55089650102,Census Tract 6501.02; Ozaukee County; Wisconsin,55089,2891,1051,85487,46.1,0.617283950617284,0.21122994652406418,0.18401937046004843,0.04773434797647873,0.640737770649559
55089650103,Census Tract 6501.03; Ozaukee County; Wisconsin,55089,2211,1112,71818,42.4,0.5158428390367553,0.06925207756232687,0.17941176470588235,0.01854364540931705,0.8057768924302788
55089650104,Census Tract 6501.04; Ozaukee County; Wisconsin,55089,4234,1699,98409,44.8,0.6051020408163266,0.20354384370740572,0.09750566893424037,0.03259329239489844,0.8724489795918368
55089650200,Census Tract 6502; Ozaukee County; Wisconsin,55089,5615,1091,84391,41.5,0.545219638242894,0.16918138041733546,0.22615384615384615,0.044464446444644465,0.5612244897959183
55089650300,Census Tract 6503; Ozaukee County; Wisconsin,55089,6310,1559,124867,46.5,0.5478987799367374,0.15930434782608696,0.44623655913978494,0.05787522166693535,0.886869604725125
55089660100,Census Tract 6601; Ozaukee County; Wisconsin,55089,3299,1281,95685,47.1,0.5879967558799676,0.21513513513513513,4.285714285714286,0.0557427258805513,0.6909090909090909
55089660201,Census Tract 6602.01; Ozaukee County; Wisconsin,55089,5136,2833,146750,42.6,0.653250773993808,0.2808772604848018,0.2712765957446808,0.04809190031152648,0.9665615141955836
55089660202,Census Tract 6602.02; Ozaukee County; Wisconsin,55089,6775,2122,108750,47.9,0.7001853568118628,0.2470254957507082,0.45365853658536587,0.03498647430117223,0.7640977443609023
55089660301,Census Tract 6603.01; Ozaukee County; Wisconsin,55089,5841,3501,161250,48.4,0.6587631385969202,0.24530563324011187,0.3716216216216216,0.0691260127564213,0.8632051922116825
55089660303,Census Tract 6603.03; Ozaukee County; Wisconsin,55089,4527,1009,165690,52.5,0.6839332748024582,0.2678751258811682,0.3032581453634085,0.03389455028799291,0.8494186046511628
55089660304,Census Tract 6603.04; Ozaukee County; Wisconsin,55089,3106,3138,188125,50.3,0.8494002665482008,0.266844563042028,0.203125,0.0128783000643915,0.9737335834896811
55091950100,Census Tract 9501; Pepin County; Wisconsin,55091,4128,844,73559,40.8,0.2092940759134445,0.1629185407296352,0.1711229946524064,0.11512915129151291,0.8019863438857853
55091950200,Census Tract 9502; Pepin County; Wisconsin,55091,3303,921,77333,52.8,0.25269031486648064,0.15778546712802768,0.12299465240641712,0.0857843137254902,0.8688400303260045
55093960100,Census Tract 9601; Pierce County; Wisconsin,55093,2781,841,79464,44.4,0.2636936500242365,0.0877914951989026,0.058091286307053944,0.07085755813953488,0.8186714542190305
55093960200,Census Tract 9602; Pierce County; Wisconsin,55093,6079,1037,104243,40.4,0.3534313725490196,0.15493827160493828,0.11970074812967581,0.04674762934619864,0.8322610294117647
55093960300,Census Tract 9603; Pierce County; Wisconsin,55093,5148,970,83615,21.6,0.4031470428648942,0.09824095585794888,0.13842482100238662,0.1792360430950049,0.6039933444259568
55093960400,Census Tract 9604; Pierce County; Wisconsin,55093,6845,1068,75643,32.2,0.45767538182759515,0.11286919831223628,0.1336405529953917,0.20459566946531155,0.5627269060104881
55093960500,Census Tract 9605; Pierce County; Wisconsin,55093,8477,1203,100924,43,0.376407166640241,0.17951195941048562,0.38734177215189874,0.07425390810042634,0.7539707256306447
55093960600,Census Tract 9606; Pierce County; Wisconsin,55093,4632,1107,103500,50.1,0.2717633928571429,0.1134020618556701,0.08459214501510574,0.061392131431041934,0.8689733408961997
55093960700,Census Tract 9607; Pierce County; Wisconsin,55093,5004,1052,94929,39.3,0.25937031484257866,0.12123613312202852,0.3826086956521739,0.07327498473437818,0.7662259615384616
55093960800,Census Tract 9608; Pierce County; Wisconsin,55093,3618,826,86122,42.1,0.2155597722960152,0.10056179775280899,0.17054263565891473,0.0673589671625035,0.8755304101838756
55095960100,Census Tract 9601; Polk County; Wisconsin,55095,3786,763,68833,49.8,0.2423049391553329,0.1048141377209019,0.16203703703703703,0.10898815931108718,0.8412698412698413
55095960200,Census Tract 9602; Polk County; Wisconsin,55095,3715,797,75000,49.5,0.17368234877962507,0.08626560726447219,0.09811320754716982,0.09492635024549918,0.8376830044557607
55095960301,Census Tract 9603.01; Polk County; Wisconsin,55095,1666,1021,88373,51.4,0.1910377358490566,0.13038130381303814,0.06666666666666667,0.055222088835534214,0.9513513513513514
55095960302,Census Tract 9603.02; Polk County; Wisconsin,55095,2295,771,54745,53.3,0.24533479692645443,0.10733844468784227,0.08018867924528301,0.18201658664338716,0.8168744007670182
55095960303,Census Tract 9603.03; Polk County; Wisconsin,55095,1415,800,92143,43.9,0.21691542288557208,0.13464235624123422,0.16666666666666666,0.06832740213523132,0.9104166666666667
55095960500,Census Tract 9605; Polk County; Wisconsin,55095,2891,1110,76081,52.2,0.20567056705670572,0.06676238334529792,0.0423728813559322,0.057739130434782605,0.9222972972972973
55095960600,Census Tract 9606; Polk County; Wisconsin,55095,2316,1030,73438,50.6,0.1955922865013774,0.18355065195586762,0.0881057268722467,0.06971580817051509,0.8178010471204189
55095960701,Census Tract 9607.01; Polk County; Wisconsin,55095,3728,884,66309,45.1,0.264072534945221,0.07947019867549669,0.15384615384615385,0.09618528610354224,0.6308068459657702
55095960702,Census Tract 9607.02; Polk County; Wisconsin,55095,2197,1078,68750,40.1,0.21589403973509935,0.12740604949587533,0.11330049261083744,0.06872693726937269,0.7525539160045402
55095960800,Census Tract 9608; Polk County; Wisconsin,55095,7001,988,73828,40.4,0.26017087062652566,0.14105865522174535,0.03723404255319149,0.09664351851851852,0.7800421644413211
55095960901,Census Tract 9609.01; Polk County; Wisconsin,55095,3093,1216,95060,48.5,0.321788689171416,0.1993827160493827,0.1511627906976744,0.04176108773065717,0.935562805872757
55095961000,Census Tract 9610; Polk County; Wisconsin,55095,5071,1148,78146,46.2,0.31685218741910437,0.11264741764945099,0.15895953757225434,0.05216336433481601,0.7301293900184843
55095961100,Census Tract 9611; Polk County; Wisconsin,55095,3854,879,81029,40.9,0.17373358348968104,0.07571138211382114,0.11061946902654868,0.09866527087149961,0.7928913192071086
55097960100,Census Tract 9601; Portage County; Wisconsin,55097,4315,930,87698,50.8,0.280658180689227,0.12861736334405144,0.17028985507246377,0.04014852634021815,0.9109707064905227
55097960200,Census Tract 9602; Portage County; Wisconsin,55097,4619,844,92063,47.4,0.24644128113879005,0.16033057851239668,0.1779935275080906,0.056243213897937024,0.918947933440687
55097960300,Census Tract 9603; Portage County; Wisconsin,55097,4325,889,47158,29.1,0.31611065907241664,0.16666666666666666,0.37411764705882355,0.22281722933643772,0.38275499474237645
55097960400,Census Tract 9604; Portage County; Wisconsin,55097,7011,868,42466,21.4,0.39119035133717883,0.0446521287642783,0.2052980132450331,0.31400651465798046,0.37899073120494337
55097960500,Census Tract 9605; Portage County; Wisconsin,55097,7075,1011,104044,44.2,0.3792833365968279,0.1485434092875685,0.5126436781609195,0.039598359496535146,0.7872416250890948
55097960600,Census Tract 9606; Portage County; Wisconsin,55097,5515,899,78831,44.6,0.32098765432098764,0.12719751809720786,0.12709030100334448,0.0546875,0.8545054945054945
55097960701,Census Tract 9607.01; Portage County; Wisconsin,55097,5399,1335,101902,39.9,0.4724292101341282,0.10311362717347351,0.35877862595419846,0.028931750741839762,0.8142857142857143
55097960702,Census Tract 9607.02; Portage County; Wisconsin,55097,3669,1209,79833,38.8,0.4023494860499266,0.14960991280403854,0.3558139534883721,0.044426274189152355,0.5601631543167913
55097960800,Census Tract 9608; Portage County; Wisconsin,55097,5300,774,80262,38.5,0.4250565610859729,0.13539723983588214,0.08598726114649681,0.035204567078972404,0.7750377453447408
55097960900,Census Tract 9609; Portage County; Wisconsin,55097,3199,948,60509,30.5,0.41201716738197425,0.19627998042094957,0.347953216374269,0.1593562638056169,0.6929072486360094
55097961000,Census Tract 9610; Portage County; Wisconsin,55097,2288,792,42218,29.6,0.3486988847583643,0.0632996632996633,0.09269662921348315,0.2574743418116912,0.32729007633587787
55097961101,Census Tract 9611.01; Portage County; Wisconsin,55097,3778,1135,89417,40.6,0.3289817232375979,0.1639686684073107,0.1291866028708134,0.024351508734780307,0.6729678638941399
55097961102,Census Tract 9611.02; Portage County; Wisconsin,55097,2801,1024,67582,42.1,0.3025447690857681,0.19584171696847752,0.09948979591836735,0.0929798356982823,0.5938173975557153
55097961200,Census Tract 9612; Portage County; Wisconsin,55097,6394,888,73068,39.2,0.2699611072981011,0.09029421711193777,0.2644320297951583,0.169784625058953,0.7447537473233404
55097961300,Census Tract 9613; Portage County; Wisconsin,55097,5144,950,82853,46.8,0.2331255082678233,0.08004778972520908,0.19390581717451524,0.08598788352550323,0.8979892103972535
55099970100,Census Tract 9701; Price County; Wisconsin,55099,2569,525,66458,57.8,0.19309039280643636,0.044789762340036565,0.12041884816753927,0.062182244818146264,0.8871753246753247
55099970200,Census Tract 9702; Price County; Wisconsin,55099,2546,803,56750,48.3,0.14380899500277622,0.0902461257976299,0.1270718232044199,0.20824909017387788,0.7004991680532446
55099970400,Census Tract 9704; Price County; Wisconsin,55099,1937,917,61944,60.2,0.2063789868667918,0.13141426783479349,0.08333333333333333,0.07150259067357513,0.872093023255814
55099970500,Census Tract 9705; Price County; Wisconsin,55099,2172,791,53667,47.2,0.2314465408805031,0.0638063806380638,0.10869565217391304,0.1689671584959543,0.6851851851851852
55099970600,Census Tract 9706; Price County; Wisconsin,55099,2273,683,63912,52.1,0.22097588334268092,0.07700312174817898,0.06451612903225806,0.10308370044052863,0.9218146718146718
55099970700,Census Tract 9707; Price County; Wisconsin,55099,2595,739,58098,48.6,0.09203722854188212,0.08070500927643785,0.06134969325153374,0.09625048318515655,0.873574144486692
55101000200,Census Tract 2; Racine County; Wisconsin,55101,5198,1083,51453,41.3,0.2613990370999717,0.08958837772397095,0.1368421052631579,0.3078346699568168,0.47614840989399293
55101000400,Census Tract 4; Racine County; Wisconsin,55101,3245,984,39231,25.7,0.05063291139240511,0.13456221198156681,0.2916666666666667,0.3510015408320493,0.34790528233151186
55101000500,Census Tract 5; Racine County; Wisconsin,55101,5144,972,48333,27.7,0.07318695941450437,0.02301685162351007,0.3724966622162884,0.17566510172143976,0.6624087591240876
55101000600,Census Tract 6; Racine County; Wisconsin,55101,6096,936,59735,33.1,0.2509157509157509,0.05649902024820379,0.21151586368977673,0.14492753623188406,0.8913043478260869
55101000700,Census Tract 7; Racine County; Wisconsin,55101,5857,969,56940,33.3,0.17210599721059971,0.041916167664670656,0.10428571428571429,0.12373780592161561,0.8087649402390438
55101000800,Census Tract 8; Racine County; Wisconsin,55101,4782,1116,75112,35.4,0.2829957028852057,0.07766212970376302,0.2751842751842752,0.08129389231751437,0.822808671065033
55101000901,Census Tract 9.01; Racine County; Wisconsin,55101,3218,1078,60726,46,0.12314853999153619,0.07938320959451742,0.20604395604395603,0.05358255451713396,0.8397085610200364
55101000903,Census Tract 9.03; Racine County; Wisconsin,55101,4645,846,96335,43.5,0.37575030012004806,0.20135856380397865,0.4713855421686747,0.10398277717976319,0.8477226376614548
55101000904,Census Tract 9.04; Racine County; Wisconsin,55101,4419,1157,78449,42.7,0.33524788391777505,0.12418866291648636,0.20353982300884957,0.07147846332945285,0.7880239520958083
55101001001,Census Tract 10.01; Racine County; Wisconsin,55101,2243,917,37554,42.4,0.08524788391777505,0.04264870931537598,0.16,0.2823529411764706,0.497737556561086
55101001002,Census Tract 10.02; Racine County; Wisconsin,55101,2574,1269,70500,38.4,0.1871182676290949,0.06584043377226956,0.3,0.03651903651903652,0.8840399002493765
55101001003,Census Tract 10.03; Racine County; Wisconsin,55101,4053,956,70750,34.7,0.244944677603968,0.1311120726958027,0.224283305227656,0.08900126422250317,0.5296331138287864
55101001101,Census Tract 11.01; Racine County; Wisconsin,55101,4470,1059,64157,34.7,0.3638352169157857,0.06237260497350183,0.05939524838012959,0.20850111856823267,0.8197857592942659
55101001102,Census Tract 11.02; Racine County; Wisconsin,55101,2196,1072,103500,45.3,0.16974900924702774,0.06686332350049164,0.32653061224489793,0.04371584699453552,0.7509293680297398
55101001201,Census Tract 12.01; Racine County; Wisconsin,55101,3512,940,56213,38.2,0.16078066914498146,0.02631578947368421,0.2967289719626168,0.19029957203994294,0.6073354908306364
55101001202,Census Tract 12.02; Racine County; Wisconsin,55101,7432,1272,56985,29.7,0.23721257625527925,0.044915558749550846,0.3983903420523139,0.19064443188241945,0.8386871508379888
55101001301,Census Tract 13.01; Racine County; Wisconsin,55101,4202,1014,67679,35.1,0.28975009054690326,0.1151252408477842,0.17008797653958943,0.1551765553687245,0.7932692307692307
55101001302,Census Tract 13.02; Racine County; Wisconsin,55101,3580,1156,53790,37.8,0.18973561430793162,0.15064794816414687,0.28157894736842104,0.15223463687150837,0.6168958742632613
55101001401,Census Tract 14.01; Racine County; Wisconsin,55101,3803,1074,75208,34.1,0.17703733440385383,0.013579576317218903,0.18760757314974183,0.07237892496008515,0.7556528081692195
55101001402,Census Tract 14.02; Racine County; Wisconsin,55101,3275,1018,61779,54.8,0.47945721824349796,0.10038860103626943,0.21200750469043153,0.14543232508402076,0.8155102040816327
55101001501,Census Tract 15.01; Racine County; Wisconsin,55101,3807,1358,92587,40.1,0.2822812051649928,0.09728395061728395,0.20441988950276244,0.06724454951405306,0.900286944045911
55101001504,Census Tract 15.04; Racine County; Wisconsin,55101,3248,1375,95625,41.7,0.3928909952606635,0.07297297297297298,0.23799126637554585,0.03954278653073834,0.9446450060168472
55101001505,Census Tract 15.05; Racine County; Wisconsin,55101,3716,1140,87756,44.9,0.5012853470437018,0.14438804286520024,0.3380281690140845,0.11886586695747,0.73206106870229
55101001506,Census Tract 15.06; Racine County; Wisconsin,55101,4363,1116,96286,41.4,0.29625884732052576,0.10297131147540983,0.11969111969111969,0.04469401787760715,0.732166018158236
55101001507,Census Tract 15.07; Racine County; Wisconsin,55101,2997,1143,69227,45.4,0.2664298401420959,0.07657068062827226,0.29938900203665986,0.019057519057519057,0.7194719471947195
55101001601,Census Tract 16.01; Racine County; Wisconsin,55101,5805,973,83768,48.1,0.28920896204846824,0.13764747944225955,0.4013266998341625,0.057137925081995514,0.8533817521561508
55101001701,Census Tract 17.01; Racine County; Wisconsin,55101,3601,1054,64698,35.5,0.24595744680851062,0.0959849435382685,0.47845804988662133,0.1386222473178995,0.5925597874224978
55101001702,Census Tract 17.02; Racine County; Wisconsin,55101,6950,981,96250,37.4,0.23905462998837657,0.07135250266240682,1.4719101123595506,0.0716492854383932,0.846820809248555
55101001703,Census Tract 17.03; Racine County; Wisconsin,55101,4898,1436,105144,44.7,0.37073863636363635,0.0992616899097621,0.20121028744326777,0.025704297758585234,0.8587641866330391
55101001705,Census Tract 17.05; Racine County; Wisconsin,55101,4898,1203,102054,48.5,0.5060878771836951,0.09434729564863766,0.5012987012987012,0.028284484525517524,0.89923273657289
55101001706,Census Tract 17.06; Racine County; Wisconsin,55101,3990,1719,81080,48,0.37466397849462363,0.17494356659142213,0.7419962335216572,0.10426065162907268,0.8470273881095525
55101001801,Census Tract 18.01; Racine County; Wisconsin,55101,5198,1143,106746,40.1,0.3026024363233666,0.08989547038327526,0.47023809523809523,0.03826429980276134,0.541372351160444
55101001802,Census Tract 18.02; Racine County; Wisconsin,55101,3081,1632,124099,44.8,0.35583684950773553,0.12997032640949555,0.15568862275449102,0.05582603050957481,0.9139981701738334
55101002001,Census Tract 20.01; Racine County; Wisconsin,55101,2742,1148,104638,53.5,0.3251915708812261,0.10887096774193548,0.03594771241830065,0.061269146608315096,0.7560344827586207
55101002002,Census Tract 20.02; Racine County; Wisconsin,55101,5121,1244,93804,46.8,0.26218220338983056,0.12035010940919037,0.24271844660194175,0.050314465408805034,0.8637316561844863
55101002100,Census Tract 21; Racine County; Wisconsin,55101,3057,1188,99797,48.5,0.2625868055555556,0.12754491017964073,0.07612456747404844,0.030203545633617858,0.8902027027027027
55101002401,Census Tract 24.01; Racine County; Wisconsin,55101,4926,1335,100050,40.6,0.3547912992357437,0.09245357566179375,0.4081145584725537,0.020300446609825416,0.8053960964408725
55101002402,Census Tract 24.02; Racine County; Wisconsin,55101,5631,981,75352,37.9,0.27755102040816326,0.08652060898626067,0.07272727272727272,0.14109762724144176,0.4552987352812909
55101002600,Census Tract 26; Racine County; Wisconsin,55101,6385,1032,102440,50.9,0.19916556873078617,0.08944954128440367,0.08157524613220815,0.030474040632054177,0.8462776659959759
55101002701,Census Tract 27.01; Racine County; Wisconsin,55101,3414,1449,81500,49.3,0.352140856342537,0.13417598444336412,0.15456674473067916,0.04540128881077914,0.7886067261496225
55101002702,Census Tract 27.02; Racine County; Wisconsin,55101,7036,892,96364,43.5,0.2802636835797043,0.08494783904619971,0.16775599128540306,0.026744851258581236,0.7977288857345636
55101002800,Census Tract 28; Racine County; Wisconsin,55101,5946,1893,118147,50.4,0.3909877105143378,0.17073915699450215,0.2557471264367816,0.04240282685512368,0.9102564102564102
55101002900,Census Tract 29; Racine County; Wisconsin,55101,4467,1090,40318,33.1,0.18645908761766838,0.12089077412513255,0.40420560747663553,0.3557197224087755,0.404551201011378
55103970100,Census Tract 9701; Richland County; Wisconsin,55103,2978,846,66591,47.1,0.25405147759771207,0.12021439509954059,0.11814345991561181,0.1512491559756921,0.8942222222222223
55103970200,Census Tract 9702; Richland County; Wisconsin,55103,4421,1148,74583,47.6,0.2306937172774869,0.078125,0.125,0.12095671981776765,0.8398058252427184
55103970300,Census Tract 9703; Richland County; Wisconsin,55103,2366,760,71758,49,0.22961249277038753,0.03842940685045948,0.2474747474747475,0.11567796610169491,0.7419712070874862
55103970400,Census Tract 9704; Richland County; Wisconsin,55103,3524,663,48284,41.5,0.18814928818776455,0.09298345693097547,0.20920502092050208,0.17750439367311072,0.5029163966299417
55103970500,Census Tract 9705; Richland County; Wisconsin,55103,3916,904,69427,47,0.17263955892487937,0.10704679935449166,0.2620967741935484,0.15877216194760518,0.8428479794740218
55105000100,Census Tract 1; Rock County; Wisconsin,55105,879,866,22204,35.3,0.13974591651542645,0.10810810810810811,0.08484848484848485,0.2753128555176337,0.13032581453634084
55105000200,Census Tract 2; Rock County; Wisconsin,55105,2854,823,63194,40.5,0.3855829704886309,0.11944646758922069,0.203125,0.09176300578034682,0.8045302013422819
55105000300,Census Tract 3; Rock County; Wisconsin,55105,2719,971,49288,41.8,0.06743335075797174,0.023109243697478993,0.45227272727272727,0.20522250827510113,0.49714937286202965
55105000400,Census Tract 4; Rock County; Wisconsin,55105,3936,953,65876,38.4,0.2515723270440252,0.13564078578110383,0.2106951871657754,0.13770325203252032,0.6638946638946639
55105000500,Census Tract 5; Rock County; Wisconsin,55105,4582,1096,73311,39.1,0.2677524429967427,0.07384468794664126,0.2037914691943128,0.13389492352028376,0.7222222222222222
55105000600,Census Tract 6; Rock County; Wisconsin,55105,3459,1251,66444,35.5,0.1775743707093822,0.0672225117248567,0.1674641148325359,0.14027413240011666,0.6393034825870647
55105000700,Census Tract 7; Rock County; Wisconsin,55105,4204,1074,62436,42.4,0.1942215088282504,0.10297029702970296,0.21022727272727273,0.0740386911870074,0.5909878682842288
55105000800,Census Tract 8; Rock County; Wisconsin,55105,4282,1077,83472,41.8,0.31014975041597337,0.11732101616628175,0.24750830564784054,0.10404489127893383,0.7683215130023641
55105000900,Census Tract 9; Rock County; Wisconsin,55105,3258,1210,91175,42.1,0.4304384485666105,0.0896888346552776,0.38823529411764707,0.04647583871960603,0.7124233128834356
55105001000,Census Tract 10; Rock County; Wisconsin,55105,3047,1127,49801,34.8,0.2354623450905624,0.0893159977388355,0.08478260869565217,0.200990099009901,0.6212871287128713
55105001100,Census Tract 11; Rock County; Wisconsin,55105,4904,1317,66600,43,0.16581342434584756,0.07912087912087912,0.15488215488215487,0.09233340296636725,0.7334437086092715
55105001201,Census Tract 12.01; Rock County; Wisconsin,55105,6423,1270,90597,48.1,0.30689517736149863,0.13958594730238394,0.29261744966442954,0.04482056104058925,0.8132827324478178
55105001202,Census Tract 12.02; Rock County; Wisconsin,55105,5774,931,89012,49.5,0.34313039421506886,0.0943163097199341,0.1488095238095238,0.05502088251316506,0.8829694323144105
55105001302,Census Tract 13.02; Rock County; Wisconsin,55105,6342,1104,83944,45.1,0.28137608834147376,0.11229000884173299,0.3873581847649919,0.05075098814229249,0.8300230946882217
55105001303,Census Tract 13.03; Rock County; Wisconsin,55105,4683,1154,124925,44.6,0.39603960396039606,0.07840616966580977,0.23646723646723647,0.01909051909051909,0.9573132454488387
55105001305,Census Tract 13.05; Rock County; Wisconsin,55105,3923,1693,104306,41,0.3927013090043634,0.05,0.19797979797979798,0.03214285714285714,0.9195859872611465
55105001306,Census Tract 13.06; Rock County; Wisconsin,55105,5054,990,54574,36.2,0.25985360360360366,0.0806680881307747,0.26104417670682734,0.0550168216900851,0.4458653026427962
55105001400,Census Tract 14; Rock County; Wisconsin,55105,5760,891,87091,40,0.19790888722927558,0.10865874363327674,0.1796875,0.12560806115357886,0.8306488725264611
55105001500,Census Tract 15; Rock County; Wisconsin,55105,2316,790,46250,21.7,0.23548046462513195,0.15866797257590598,0.2033898305084746,0.2097053726169844,0.2141280353200883
55105001600,Census Tract 16; Rock County; Wisconsin,55105,5601,952,58182,25.8,0.1290770298403886,0.10089869281045752,0.5898550724637681,0.1752521613832853,0.5934579439252337
55105001700,Census Tract 17; Rock County; Wisconsin,55105,4928,1077,52736,31.8,0.1162865403148089,0.03836734693877551,0.23032904148783978,0.1708603896103896,0.6497991967871486
55105001800,Census Tract 18; Rock County; Wisconsin,55105,4511,1010,43966,28,0.03122590593677721,0.017977528089887642,0.3158620689655172,0.31254191817572097,0.5337078651685393
55105001900,Census Tract 19; Rock County; Wisconsin,55105,3026,1065,84438,36,0.33773784355179703,0.14336917562724014,0.20412371134020618,0.0583138953682106,0.6678004535147393
55105002000,Census Tract 20; Rock County; Wisconsin,55105,3318,877,58190,38.5,0.0500420521446594,0.05478589420654912,0.5183673469387755,0.12605804111245467,0.7448630136986302
55105002100,Census Tract 21; Rock County; Wisconsin,55105,3229,1047,63507,44,0.148578811369509,0.060202788339670466,0.3321678321678322,0.06935332708528585,0.8044692737430168
55105002200,Census Tract 22; Rock County; Wisconsin,55105,2012,852,86750,44.4,0.2626472626472627,0.084375,0.09722222222222222,0.01242544731610338,0.8569364161849711
55105002300,Census Tract 23; Rock County; Wisconsin,55105,2152,988,40169,46.2,0.13677419354838705,0.04909819639278557,0.20923076923076922,0.09711895910780668,0.6212765957446809
55105002400,Census Tract 24; Rock County; Wisconsin,55105,3680,1087,85322,44.5,0.2813318368873925,0.06260769672601953,0.28537735849056606,0.03569482288828338,0.8125484120836561
55105002500,Census Tract 25; Rock County; Wisconsin,55105,2792,1231,74464,35.5,0.2053152683689422,0.027083333333333334,0.24440298507462688,0.15330624307351312,0.7437185929648241
55105002601,Census Tract 26.01; Rock County; Wisconsin,55105,5006,994,86543,48,0.2569331158238173,0.05466879489225858,0.6493212669683258,0.0939569536423841,0.826530612244898
55105002602,Census Tract 26.02; Rock County; Wisconsin,55105,4530,1394,92750,40.8,0.37110481586402266,0.08159796005099873,0.47276688453159044,0.05849889624724062,0.6785268414481898
55105002700,Census Tract 27; Rock County; Wisconsin,55105,2359,1348,92391,53,0.20963327859879588,0.09000825763831544,0.14056224899598393,0.04027130139889784,0.8980963045912654
55105002800,Census Tract 28; Rock County; Wisconsin,55105,4900,779,81129,49,0.22901582193617587,0.14428690575479566,0.05042016806722689,0.09223800700020589,0.8031651829871415
55105002901,Census Tract 29.01; Rock County; Wisconsin,55105,3866,891,87500,39.2,0.368991687748464,0.0886634318482576,0.1189710610932476,0.08613554061045008,0.8019500304692261
55105002902,Census Tract 29.02; Rock County; Wisconsin,55105,5240,1124,86240,37.8,0.31551085230280573,0.10749185667752444,0.16623376623376623,0.022380860505498746,0.7503404448479346
55105003001,Census Tract 30.01; Rock County; Wisconsin,55105,5387,953,71193,37.4,0.2919540229885057,0.14564755838641189,0.6965811965811965,0.0962366598015353,0.5904907975460123
55105003002,Census Tract 30.02; Rock County; Wisconsin,55105,5718,1133,110724,46.7,0.3466381563316703,0.11386623164763458,0.28835978835978837,0.024134312696747113,0.9537794896485315
55105003101,Census Tract 31.01; Rock County; Wisconsin,55105,2732,1018,83542,39.9,0.305569493226292,0.15203145478374835,0.7716049382716049,0.02129249159506911,0.8371246587807097
55105003102,Census Tract 31.02; Rock County; Wisconsin,55105,5009,937,86080,40.2,0.27701317715959006,0.0744336569579288,0.09254498714652956,0.07028753993610223,0.779383429672447
55105003200,Census Tract 32; Rock County; Wisconsin,55105,2440,1133,76953,48.1,0.29839572192513364,0.10468521229868229,0.5684647302904564,0.08559670781893004,0.9031903190319032
55105003300,Census Tract 33; Rock County; Wisconsin,55105,3515,1005,79167,42,0.22487644151565078,0.09794437726723096,0.31802120141342755,0.054455445544554455,0.7929447852760736
55107960100,Census Tract 9601; Rusk County; Wisconsin,55107,3343,832,61827,53.5,0.14837712519319934,0.1063238359972203,0.0782122905027933,0.1053737616331432,0.898054996646546
55107960200,Census Tract 9602; Rusk County; Wisconsin,55107,1961,883,75409,50.6,0.18555240793201133,0.08595641646489104,0.11594202898550725,0.09057971014492754,0.958974358974359
55107960300,Census Tract 9603; Rusk County; Wisconsin,55107,2449,718,57443,50.1,0.1500833796553641,0.09110169491525423,0.17721518987341772,0.1153057037340993,0.7928870292887029
55107960400,Census Tract 9604; Rusk County; Wisconsin,55107,2865,994,66049,45,0.13695871097683787,0.11700468018720749,0.07006369426751592,0.1223348479552604,0.8463564530289728
55107960500,Census Tract 9605; Rusk County; Wisconsin,55107,3561,879,46369,48.2,0.21744011976047906,0.057960893854748605,0.16470588235294117,0.19823008849557522,0.5849969751966122
55109120100,Census Tract 1201; St. Croix County; Wisconsin,55109,2260,1322,66667,42.7,0.3685550604710376,0.10015527950310558,0.17994100294985252,0.14823008849557523,0.8045197740112995
55109120201,Census Tract 1202.01; St. Croix County; Wisconsin,55109,6410,1179,95822,41.3,0.5203090507726269,0.18458726774291806,0.2786885245901639,0.04689984101748808,0.892104175279041
55109120202,Census Tract 1202.02; St. Croix County; Wisconsin,55109,5335,1489,145728,40.5,0.5541478129713424,0.22573984858912594,0.14507772020725387,0.02492970946579194,0.8905066977285964
55109120300,Census Tract 1203; St. Croix County; Wisconsin,55109,5587,1541,126250,49,0.5450012465719272,0.2037791774731382,0.29431438127090304,0.03221764811168785,0.9128352490421456
55109120401,Census Tract 1204.01; St. Croix County; Wisconsin,55109,7496,1191,115781,38.7,0.3489420062695925,0.10260703181057164,0.5660377358490566,0.07211796246648794,0.7992277992277992
55109120402,Census Tract 1204.02; St. Croix County; Wisconsin,55109,4409,1852,113337,51.3,0.4427114577084583,0.2753303964757709,0.5943396226415094,0.02540258562032207,0.9290578887627696
55109120501,Census Tract 1205.01; St. Croix County; Wisconsin,55109,6420,1206,77642,38,0.36416184971098264,0.10735524256651018,0.2085661080074488,0.17482177576150357,0.6387720773759462
55109120502,Census Tract 1205.02; St. Croix County; Wisconsin,55109,6728,1184,100943,38.5,0.3485973597359736,0.16970387243735763,0.06170212765957447,0.06934306569343066,0.6998065764023211
55109120601,Census Tract 1206.01; St. Croix County; Wisconsin,55109,3146,1697,127500,35,0.25564681724845995,0.2391304347826087,0.035422343324250684,0.022915340547422024,0.855779427359491
55109120602,Census Tract 1206.02; St. Croix County; Wisconsin,55109,5451,1099,89786,46.4,0.20108135942327499,0.18507992895204262,0.09667673716012085,0.07107438016528926,0.9164237123420796
55109120700,Census Tract 1207; St. Croix County; Wisconsin,55109,4865,1213,88594,41.8,0.2111244019138756,0.13010204081632654,0.10410094637223975,0.08084838303233935,0.8253079507278835
55109120801,Census Tract 1208.01; St. Croix County; Wisconsin,55109,3810,1059,76795,34.3,0.3648033126293996,0.13501882732651962,0.09497206703910614,0.08853333333333334,0.7355311355311356
55109120802,Census Tract 1208.02; St. Croix County; Wisconsin,55109,5214,1095,90000,39.2,0.23198594024604569,0.09389339922343805,0.15945945945945947,0.08080808080808081,0.7934100418410042
55109120901,Census Tract 1209.01; St. Croix County; Wisconsin,55109,5206,1252,92854,41.7,0.5018421052631579,0.1397322886059419,0.22602739726027396,0.04925344192359899,0.6458724202626641
55109120904,Census Tract 1209.04; St. Croix County; Wisconsin,55109,4668,2297,126500,41.4,0.46093257718966607,0.22284794851166534,0.39215686274509803,0.042229367631296894,0.9017480409885473
55109120905,Census Tract 1209.05; St. Croix County; Wisconsin,55109,6758,1391,101625,35.8,0.40214843749999996,0.21634093376764388,0.3622222222222222,0.05112535400208675,0.4867195584684374
55109121000,Census Tract 1210; St. Croix County; Wisconsin,55109,8179,1190,110536,36.5,0.32966183574879226,0.12396121883656509,0.38055555555555554,0.07538121003443188,0.8282718727404194
55111000101,Census Tract 1.01; Sauk County; Wisconsin,55111,1538,1136,84704,48.8,0.22111913357400725,0.0486322188449848,0.07425742574257425,0.08907672301690507,0.923728813559322
55111000102,Census Tract 1.02; Sauk County; Wisconsin,55111,2159,1029,49529,36.6,0.2470433639947438,0.09274193548387097,0.5289256198347108,0.14034275127373785,0.6329113924050633
55111000103,Census Tract 1.03; Sauk County; Wisconsin,55111,2646,1018,85333,42,0.3001077586206896,0.10993657505285412,0.30201342281879195,0.08323471400394478,0.9255813953488372
55111000104,Census Tract 1.04; Sauk County; Wisconsin,55111,1199,589,49702,46.8,0.17440543601359004,0.014064697609001406,0.4218181818181818,0.11259382819015847,0.6450511945392492
55111000200,Census Tract 2; Sauk County; Wisconsin,55111,5198,1179,88382,47.1,0.22603978300180827,0.09016086793864572,0.19143576826196473,0.0866111218756055,0.8785860655737705
55111000301,Census Tract 3.01; Sauk County; Wisconsin,55111,3621,1179,61162,44.4,0.2898330804248862,0.058095238095238096,0.19548872180451127,0.04308202154101077,0.6355140186915887
55111000302,Census Tract 3.02; Sauk County; Wisconsin,55111,1271,870,84615,38.1,0.2596810933940774,0.019580419580419582,0.21014492753623187,0.028503562945368172,0.6236162361623616
55111000303,Census Tract 3.03; Sauk County; Wisconsin,55111,2252,1087,71550,35.8,0.3003978779840849,0.03871499176276771,0.2766798418972332,0.1081335213916314,0.5829741379310345
55111000401,Census Tract 4.01; Sauk County; Wisconsin,55111,5343,923,77663,43.1,0.2548676984523215,0.1669858291842206,0.16267942583732056,0.07402473834443388,0.6976744186046512
55111000402,Census Tract 4.02; Sauk County; Wisconsin,55111,3707,818,77857,37.8,0.26845891707686487,0.05822267620020429,0.12637362637362637,0.1280801516382345,0.6194573130377233
55111000500,Census Tract 5; Sauk County; Wisconsin,55111,3585,990,85179,43.2,0.30747126436781613,0.10714285714285714,0.2620481927710843,0.07511337868480726,0.8513618677042801
55111000601,Census Tract 6.01; Sauk County; Wisconsin,55111,1677,900,108750,43.9,0.26251097453906935,0.12437810945273632,0.20901639344262296,0.03041144901610018,0.9087656529516994
55111000602,Census Tract 6.02; Sauk County; Wisconsin,55111,1784,1072,93942,37.3,0.41507996953541504,0.10638297872340426,0.34408602150537637,0.04988789237668161,0.7790368271954674
55111000603,Census Tract 6.03; Sauk County; Wisconsin,55111,3329,1390,101090,40.6,0.4278438030560272,0.18554354012521343,0.33157894736842103,0.10930802204531537,0.6370539104024298
55111000700,Census Tract 7; Sauk County; Wisconsin,55111,2993,1181,99688,38.5,0.2666034155597723,0.10102843315184513,0.3,0.06281323087203475,0.7877480586712683
55111000800,Census Tract 8; Sauk County; Wisconsin,55111,3726,1021,83287,50.8,0.2710714285714285,0.164,0.11524163568773234,0.0541279387643521,0.8267263427109974
55111000901,Census Tract 9.01; Sauk County; Wisconsin,55111,2203,1046,74144,35.4,0.13429752066115708,0.09503424657534247,0.06666666666666667,0.08693673190714611,0.7547892720306514
55111000902,Census Tract 9.02; Sauk County; Wisconsin,55111,1392,648,84643,47.7,0.310546875,0.07754010695187166,0.1391304347826087,0.03599712023038157,0.8637992831541219
55111000903,Census Tract 9.03; Sauk County; Wisconsin,55111,1466,1097,85000,37.2,0.28861330326944756,0.16159695817490494,0.04938271604938271,0.07539410555174778,0.9440860215053763
55111001002,Census Tract 10.02; Sauk County; Wisconsin,55111,3067,972,59036,37.4,0.1843936381709742,0.023504273504273504,0.40046838407494145,0.12245578912245579,0.49324932493249324
55111001003,Census Tract 10.03; Sauk County; Wisconsin,55111,2043,850,92898,35.6,0.3118617439120188,0.06680584551148225,0.0953757225433526,0.07643312101910828,0.7685325264750378
55111001004,Census Tract 10.04; Sauk County; Wisconsin,55111,3443,1111,77560,51.2,0.34508627156789196,0.06815365551425032,0.6035353535353535,0.07172251616696061,0.739202657807309
55111001005,Census Tract 10.05; Sauk County; Wisconsin,55111,2043,608,96654,41.4,0.242299794661191,0.1114012184508268,0.19005847953216373,0.05032067094227923,0.7544696066746126
55111001100,Census Tract 11; Sauk County; Wisconsin,55111,4324,974,83403,37.9,0.22623928438315322,0.08625877632898696,0.08656716417910448,0.08721066167874679,0.8345916266300618
55113100300,Census Tract 1003; Sawyer County; Wisconsin,55113,4982,831,59149,42.9,0.24664519592055822,0.07453666398066076,0.3694915254237288,0.1818561872909699,0.6763194768799626
55113100400,Census Tract 1004; Sawyer County; Wisconsin,55113,2512,1064,81341,54.3,0.3254593175853019,0.20385674931129477,0.09251101321585903,0.11504777070063694,0.9310344827586207
55113100501,Census Tract 1005.01; Sawyer County; Wisconsin,55113,1696,635,62813,62.5,0.3533519553072626,0.17519379844961241,0.09202453987730061,0.06973995271867613,0.8804347826086957
55113100502,Census Tract 1005.02; Sawyer County; Wisconsin,55113,2468,1049,66625,57.7,0.38383838383838387,0.16633663366336635,0.05263157894736842,0.1128099173553719,0.8966455122393472
55113100700,Census Tract 1007; Sawyer County; Wisconsin,55113,1617,708,54333,50.9,0.18070318887980374,0.09957325746799431,0.10273972602739725,0.2043887147335423,0.8517940717628705
55113100800,Census Tract 1008; Sawyer County; Wisconsin,55113,1729,857,61576,60.7,0.22193211488250653,0.11978221415607986,0.15037593984962405,0.14230019493177387,0.8682170542635659
55113940001,Census Tract 9400.01; Sawyer County; Wisconsin,55113,2316,466,41620,39.4,0.18975903614457834,0.11327649208282582,0.058823529411764705,0.2081151832460733,0.8356164383561644
55113940002,Census Tract 9400.02; Sawyer County; Wisconsin,55113,1156,550,55313,44.3,0.28623188405797106,0.15384615384615385,0.02112676056338028,0.20539599651871193,0.9121338912133892
55115100100,Census Tract 1001; Shawano County; Wisconsin,55115,2704,969,68871,47.2,0.18693467336683423,0.11724137931034483,0.2897196261682243,0.07780659503519823,0.8389261744966443
55115100200,Census Tract 1002; Shawano County; Wisconsin,55115,1792,1117,60313,60.8,0.21999999999999997,0.16489361702127658,0.20707070707070707,0.1236528644356211,0.779510022271715
55115100300,Census Tract 1003; Shawano County; Wisconsin,55115,3495,1043,81316,52.5,0.24166048925129724,0.05872291904218928,0.050335570469798654,0.07559643575740155,0.9112021857923497
55115100400,Census Tract 1004; Shawano County; Wisconsin,55115,4865,822,60869,40.3,0.23577235772357719,0.07729468599033816,0.1492063492063492,0.14808474213567302,0.6639175257731958
55115100500,Census Tract 1005; Shawano County; Wisconsin,55115,5012,818,49344,40.7,0.17765120694331438,0.0491869918699187,0.25316455696202533,0.1644709757101688,0.5152505446623094
55115100600,Census Tract 1006; Shawano County; Wisconsin,55115,4241,541,62841,47.3,0.16748768472906406,0.06387921022067364,0.04406779661016949,0.12074303405572756,0.776844070961718
55115100700,Census Tract 1007; Shawano County; Wisconsin,55115,3216,960,61250,44.4,0.15341959334565625,0.08106169296987087,0.21393034825870647,0.15041165294490183,0.8881524440762221
55115100800,Census Tract 1008; Shawano County; Wisconsin,55115,4460,666,63239,47.3,0.13073538654934003,0.1187683284457478,0.10232558139534884,0.1031617816755135,0.7951951951951952
55115100900,Census Tract 1009; Shawano County; Wisconsin,55115,3838,1174,73207,49.8,0.20491803278688525,0.09196102314250913,0.05821917808219178,0.10365853658536585,0.9099740932642487
55115101000,Census Tract 1010; Shawano County; Wisconsin,55115,3640,747,79375,41.8,0.21577441765427052,0.14451476793248946,0.4334763948497854,0.06995318094188929,0.8404337722695585
55115101100,Census Tract 1011; Shawano County; Wisconsin,55115,3776,896,93846,45.4,0.1796699174793699,0.11078998073217726,0.23783783783783785,0.060032449972958354,0.9105113636363636
55117000100,Census Tract 1; Sheboygan County; Wisconsin,55117,3339,900,88438,39.2,0.4408888888888889,0.10977607864554888,0.28169014084507044,0.05870020964360587,0.8884297520661157
55117000201,Census Tract 2.01; Sheboygan County; Wisconsin,55117,2612,763,60179,32.4,0.15598411798071465,0.0159500693481276,0.28162291169451076,0.14976780185758515,0.6324503311258278
55117000202,Census Tract 2.02; Sheboygan County; Wisconsin,55117,4373,1005,57021,35.2,0.27415329768270946,0.0927213722763097,0.3619047619047619,0.13583948339483395,0.5560318432333129
55117000300,Census Tract 3; Sheboygan County; Wisconsin,55117,6930,1104,64392,40.6,0.20622822299651566,0.041929780247537254,0.48135593220338985,0.1414141414141414,0.7662047384890478
55117000400,Census Tract 4; Sheboygan County; Wisconsin,55117,4650,829,59451,37.7,0.16009928637914983,0.055577610162763004,0.3012295081967213,0.09751265683469074,0.627283105022831
55117000500,Census Tract 5; Sheboygan County; Wisconsin,55117,3295,918,46071,35.6,0.18722659667541552,0.07012987012987013,0.4013605442176871,0.2330804248861912,0.34598411297440423
55117000800,Census Tract 8; Sheboygan County; Wisconsin,55117,5603,928,57781,32.3,0.1272459499263623,0.10237446477228494,0.3990665110851809,0.14341846758349705,0.3795309168443497
55117000900,Census Tract 9; Sheboygan County; Wisconsin,55117,5106,943,64254,38.6,0.24922440537745605,0.1361292540391887,0.38144329896907214,0.1170671595810228,0.6147657359204922
55117001000,Census Tract 10; Sheboygan County; Wisconsin,55117,7846,925,71450,35.9,0.2521793275217933,0.09832974137931035,0.3781344032096289,0.1046875,0.7310373103731037
55117001100,Census Tract 11; Sheboygan County; Wisconsin,55117,3655,681,74054,42,0.2251203852327448,0.07864554888039323,0.2361111111111111,0.03847210772190162,0.9515789473684211
55117010100,Census Tract 101; Sheboygan County; Wisconsin,55117,1416,1145,79896,43,0.2114989733059548,0.09558823529411764,0.052884615384615384,0.08280254777070063,0.9121863799283154
55117010200,Census Tract 102; Sheboygan County; Wisconsin,55117,4566,699,84435,42.5,0.2861091914305459,0.06024607551972847,0.8352941176470589,0.04583538689009364,0.7939936775553214
55117010300,Census Tract 103; Sheboygan County; Wisconsin,55117,3062,1009,95313,59.6,0.35717171717171714,0.1506276150627615,0.05084745762711865,0.04539516655780536,0.8765081618168914
55117010400,Census Tract 104; Sheboygan County; Wisconsin,55117,3297,890,86900,41.1,0.1994503337259521,0.14191176470588235,0.12195121951219512,0.024916943521594685,0.8848167539267016
55117010502,Census Tract 105.02; Sheboygan County; Wisconsin,55117,3519,880,61818,54,0.2825,0.10296096904441454,0.10031347962382445,0.14725925925925926,0.7200247218788628
55117010503,Census Tract 105.03; Sheboygan County; Wisconsin,55117,3363,891,61628,50.5,0.21765601217656017,0.12521739130434784,0.047961630695443645,0.07585791691751957,0.5527295285359801
55117010504,Census Tract 105.04; Sheboygan County; Wisconsin,55117,4876,998,84922,43.9,0.31959942775393424,0.10449735449735449,0.10138248847926268,0.0456422965716646,0.8548468106479156
55117010601,Census Tract 106.01; Sheboygan County; Wisconsin,55117,5701,729,81589,45.7,0.2620804570340395,0.10522999369880277,0.9948586118251928,0.050505050505050504,0.7426284751474305
55117010602,Census Tract 106.02; Sheboygan County; Wisconsin,55117,4578,1027,65368,40.7,0.26352242744063326,0.1809280544912729,0.13613861386138615,0.13771657041314972,0.6362683438155137
55117010700,Census Tract 107; Sheboygan County; Wisconsin,55117,9513,1259,102151,44.1,0.5041136873597607,0.17172157975125463,0.36594202898550726,0.03374721426297358,0.8071736011477761
55117010800,Census Tract 108; Sheboygan County; Wisconsin,55117,3869,1128,111471,51.6,0.30861244019138756,0.22616731517509728,0.5362318840579711,0.06614583333333333,0.8969658659924147
55117011000,Census Tract 110; Sheboygan County; Wisconsin,55117,2677,1022,89081,44.7,0.2049345417925479,0.09889349930843706,0.2677165354330709,0.04110105580693816,0.8714703018500487
55117011100,Census Tract 111; Sheboygan County; Wisconsin,55117,3396,961,92356,46.6,0.21313364055299544,0.14812538414259374,0.07228915662650602,0.04322268326417704,0.8806866952789699
55117011200,Census Tract 112; Sheboygan County; Wisconsin,55117,3464,861,95260,45.5,0.2663823187281892,0.11841359773371105,0.17883211678832117,0.03207165559086969,0.827354260089686
55117011301,Census Tract 113.01; Sheboygan County; Wisconsin,55117,4389,943,85298,46.4,0.2904423136405815,0.10404896421845575,0.24509803921568626,0.06493506493506493,0.8178694158075601
55117011302,Census Tract 113.02; Sheboygan County; Wisconsin,55117,3081,997,88125,45.6,0.32624434389140267,0.07215874924834637,0.09404388714733543,0.041544952937358,0.9137466307277629
55117011400,Census Tract 114; Sheboygan County; Wisconsin,55117,2749,955,51354,36.8,0.2991071428571429,0.09287709497206705,0.5167597765363129,0.10237109522017313,0.41132075471698115
55119960100,Census Tract 9601; Taylor County; Wisconsin,55119,4169,748,65739,43.1,0.15680880330123792,0.09989858012170386,0.21182266009852216,0.10876937984496124,0.8610755441741357
55119960200,Census Tract 9602; Taylor County; Wisconsin,55119,2092,1161,68068,49.4,0.15852047556142668,0.1266816143497758,0.16312056737588654,0.1361457334611697,0.9291237113402062
55119960300,Census Tract 9603; Taylor County; Wisconsin,55119,2939,812,72500,41,0.1344195519348269,0.10725075528700906,0.06285714285714286,0.08074534161490683,0.85969868173258
55119960400,Census Tract 9604; Taylor County; Wisconsin,55119,4614,872,71518,49.2,0.17117664943751898,0.0767581475128645,0.1115702479338843,0.07774623280192182,0.7524856096284668
55119960500,Census Tract 9605; Taylor County; Wisconsin,55119,2979,788,67255,46.6,0.26651785714285714,0.0712401055408971,0.21397379912663755,0.053767123287671234,0.6037037037037037
55119960600,Census Tract 9606; Taylor County; Wisconsin,55119,3231,815,74563,39.1,0.12601046124583926,0.08990944372574386,0.1934156378600823,0.1297045101088647,0.8999098286744815
55121100100,Census Tract 1001; Trempealeau County; Wisconsin,55121,3301,860,69000,41.8,0.24467140319715808,0.13146139119336311,0.09767441860465116,0.10521472392638037,0.814327485380117
55121100200,Census Tract 1002; Trempealeau County; Wisconsin,55121,3325,836,75563,40.3,0.21771058315334768,0.127134724857685,0.124,0.11383590675143809,0.8030651340996169
55121100300,Census Tract 1003; Trempealeau County; Wisconsin,55121,2518,894,71076,37.8,0.15832805573147557,0.031604538087520256,0.39901477832512317,0.08,0.6897297297297297
55121100400,Census Tract 1004; Trempealeau County; Wisconsin,55121,4027,843,71250,40.4,0.16332590942835934,0.1043753294675804,0.16615384615384615,0.0985082304526749,0.7451790633608816
55121100500,Census Tract 1005; Trempealeau County; Wisconsin,55121,2912,831,69152,39.9,0.17312661498708015,0.07109634551495017,0.05855855855855856,0.1105225988700565,0.7648040033361134
55121100600,Census Tract 1006; Trempealeau County; Wisconsin,55121,4970,1102,75893,31.6,0.15552377547372187,0.034911525585844094,0.8860294117647058,0.13870246085011187,0.7641434262948207
55121100700,Census Tract 1007; Trempealeau County; Wisconsin,55121,5599,1138,80208,43.4,0.2682926829268293,0.09289801413665433,0.12569832402234637,0.06998389117594415,0.7995876288659793
55121100800,Census Tract 1008; Trempealeau County; Wisconsin,55121,4187,945,87625,40.9,0.23641398407753544,0.15664845173041894,0.07894736842105263,0.07938820101966497,0.7252747252747253
55123960100,Census Tract 9601; Vernon County; Wisconsin,55123,4608,796,61217,35.6,0.17503639010189231,0.12067955477445812,0.09915014164305949,0.21550218340611355,0.7920469361147328
55123960200,Census Tract 9602; Vernon County; Wisconsin,55123,3972,728,64464,37.3,0.17292006525285486,0.1469559132260322,0.13220338983050847,0.19080111195350014,0.8023909985935302
55123960300,Census Tract 9603; Vernon County; Wisconsin,55123,4470,1005,71250,44.6,0.2771511440541412,0.08626673277144274,0.09863945578231292,0.10257568910980569,0.8553948832035595
55123960400,Census Tract 9604; Vernon County; Wisconsin,55123,5033,818,68549,45.2,0.32643312101910826,0.14125978382407753,0.0707070707070707,0.07719517270079068,0.717361429225836
55123960500,Census Tract 9605; Vernon County; Wisconsin,55123,3457,803,72278,40.4,0.21567759078830828,0.11150070126227209,0.1306122448979592,0.1566579634464752,0.8258011503697618
55123960600,Census Tract 9606; Vernon County; Wisconsin,55123,5260,1054,92685,40.4,0.301780415430267,0.1434887459807074,0.03636363636363636,0.0959480122324159,0.8665960825833775
55123960700,Census Tract 9607; Vernon County; Wisconsin,55123,4249,841,74193,49.5,0.22197452229299364,0.13011335633316906,0.0223463687150838,0.09637134778510839,0.8550228310502284
55125940000,Census Tract 9400; Vilas County; Wisconsin,55125,3665,562,57321,46.5,0.3061146980630459,0.25920679886685555,0.8846153846153846,0.2370534477983938,0.8902589395807645
55125950201,Census Tract 9502.01; Vilas County; Wisconsin,55125,3120,719,65938,56.2,0.2381322957198444,0.10149253731343283,0.07063197026022305,0.08933161953727506,0.8454404945904173
55125950202,Census Tract 9502.02; Vilas County; Wisconsin,55125,1571,622,83309,60.6,0.3293413173652695,0.0865533230293663,0.125,0.05968169761273209,0.9422535211267605
55125950501,Census Tract 9505.01; Vilas County; Wisconsin,55125,3107,981,68512,52.3,0.30136420008267883,0.12419146183699871,0.14335664335664336,0.10558605101711334,0.760958904109589
55125950502,Census Tract 9505.02; Vilas County; Wisconsin,55125,3089,878,72625,53.6,0.2941913915587129,0.05982274741506647,0.3201754385964912,0.06615944426066821,0.8752767527675277
55125950601,Census Tract 9506.01; Vilas County; Wisconsin,55125,3133,1033,74803,60.8,0.41630563213863725,0.09084507042253522,0.032432432432432434,0.10435630689206762,0.8729619565217391
55125950602,Census Tract 9506.02; Vilas County; Wisconsin,55125,1718,1019,75750,63.1,0.3797953964194374,0.15718562874251496,0.13095238095238096,0.05321637426900585,0.8610478359908884
55125950700,Census Tract 9507; Vilas County; Wisconsin,55125,4244,681,62340,54.8,0.26019000919399327,0.05558388577256502,0.2222222222222222,0.0999057492931197,0.8932786044125193
55127000102,Census Tract 1.02; Walworth County; Wisconsin,55127,2530,1530,94743,38.4,0.33934611048478014,0.1632775119617225,0.022727272727272728,0.017391304347826087,0.49272727272727274
55127000103,Census Tract 1.03; Walworth County; Wisconsin,55127,2964,879,68068,36.3,0.26970954356846477,0.1320754716981132,0.03877221324717286,0.10594668489405332,0.7438220757825371
55127000104,Census Tract 1.04; Walworth County; Wisconsin,55127,3698,1446,117643,48.4,0.40817816721431177,0.2059436913451512,0.09293680297397769,0.07223600771987869,0.949255751014885
55127000201,Census Tract 2.01; Walworth County; Wisconsin,55127,3871,1221,107679,47.5,0.402491103202847,0.16397454723445912,0.10738255033557047,0.044795442775763854,0.9051355206847361
55127000202,Census Tract 2.02; Walworth County; Wisconsin,55127,2529,1139,103816,48.5,0.34135667396061264,0.08562450903377848,0.12087912087912088,0.05096308186195827,0.9531590413943355
55127000301,Census Tract 3.01; Walworth County; Wisconsin,55127,2719,795,93000,51.8,0.37912876974629006,0.22266666666666668,0.24596774193548387,0.04642593957258659,0.8873362445414847
55127000303,Census Tract 3.03; Walworth County; Wisconsin,55127,3650,1167,98977,57.2,0.35376044568245124,0.1276595744680851,0.07608695652173914,0.029152915291529153,0.9538177339901478
55127000304,Census Tract 3.04; Walworth County; Wisconsin,55127,2870,899,88026,49.3,0.3120960295475531,0.05144694533762058,0.27741935483870966,0.05855216465578424,0.8885714285714286
55127000400,Census Tract 4; Walworth County; Wisconsin,55127,3791,1345,74853,29.9,0.375,0.0748853795211411,0.5172413793103449,0.22666666666666666,0.4699093157460841
55127000501,Census Tract 5.01; Walworth County; Wisconsin,55127,4049,834,27644,21.1,0.3758241758241758,0.06303375355835705,0.677570093457944,0.5239169675090253,0.06659836065573771
55127000502,Census Tract 5.02; Walworth County; Wisconsin,55127,3799,1089,75538,28.9,0.30520117762512267,0.10956521739130434,0.5917721518987342,0.185283218634198,0.43991097922848665
55127000600,Census Tract 6; Walworth County; Wisconsin,55127,5306,1044,75671,39.8,0.19090398652442453,0.0543356903609974,0.452991452991453,0.08045540796963947,0.7767495662232504
55127000701,Census Tract 7.01; Walworth County; Wisconsin,55127,4276,1235,78571,39.2,0.17633175994605532,0.10711297071129706,0.30522088353413657,0.08489242282507016,0.7471418964357768
55127000702,Census Tract 7.02; Walworth County; Wisconsin,55127,4851,1045,58977,38.5,0.2781515062883885,0.060450414855788226,0.3398268398268398,0.11212378126324714,0.5286624203821656
55127000801,Census Tract 8.01; Walworth County; Wisconsin,55127,2098,1092,68207,50.6,0.21935056328694502,0.048863636363636366,0.3548387096774194,0.06959008579599618,0.8092399403874814
55127000802,Census Tract 8.02; Walworth County; Wisconsin,55127,2485,881,97625,48.8,0.3801652892561983,0.15620094191522763,0.3852140077821012,0.07411907654921021,0.8719832109129066
55127000901,Census Tract 9.01; Walworth County; Wisconsin,55127,5908,1237,78298,36.1,0.3268600252206809,0.12410797393732548,0.6785714285714286,0.059965928449744466,0.5161953727506426
55127000902,Census Tract 9.02; Walworth County; Wisconsin,55127,3663,1023,74167,36.7,0.27372708757637476,0.07831598008148484,0.3633879781420765,0.09418509418509419,0.5971731448763251
55127001000,Census Tract 10; Walworth County; Wisconsin,55127,4758,1160,82068,49.3,0.3042989603821298,0.041810132808657155,0.6805555555555556,0.09695352457193684,0.8453217955651704
55127001501,Census Tract 15.01; Walworth County; Wisconsin,55127,3503,1552,95160,51.1,0.3927756653992396,0.14246575342465753,0.4774011299435028,0.029974307736226093,0.8076923076923077
55127001503,Census Tract 15.03; Walworth County; Wisconsin,55127,2408,958,60789,36.4,0.2957393483709273,0.05073020753266718,0.4715447154471545,0.07931893687707642,0.6130063965884861
55127001504,Census Tract 15.04; Walworth County; Wisconsin,55127,2579,1366,82342,50.5,0.4590251740760578,0.1371610845295056,0.27607361963190186,0.06286379511059371,0.7435185185185185
55127001603,Census Tract 16.03; Walworth County; Wisconsin,55127,2986,932,74706,44.4,0.4632282712511939,0.1988993710691824,0.2602040816326531,0.0908159781495391,0.8218806509945751
55127001605,Census Tract 16.05; Walworth County; Wisconsin,55127,4964,1555,82935,49.8,0.4393094289508632,0.15671641791044777,0.5013927576601671,0.10734577922077922,0.5201850294365012
55127001606,Census Tract 16.06; Walworth County; Wisconsin,55127,2359,1741,103750,57.2,0.48913043478260865,0.1669902912621359,0.5194174757281553,0.05446808510638298,0.8469284994964753
55127001607,Census Tract 16.07; Walworth County; Wisconsin,55127,2155,1275,130357,57.1,0.6225728155339806,0.27521008403361347,0.18716577540106952,0.08754681647940075,0.8810872027180068
55127001608,Census Tract 16.08; Walworth County; Wisconsin,55127,2746,976,66339,37.8,0.2690655209452202,0.04930046635576282,0.7709923664122137,0.16630116959064328,0.5787709497206703
55127001701,Census Tract 17.01; Walworth County; Wisconsin,55127,6663,1190,79173,35.9,0.1314382896015549,0.06580459770114942,0.37777777777777777,0.0784931712441843,0.8535178777393311
55127001702,Census Tract 17.02; Walworth County; Wisconsin,55127,5479,990,85385,39.1,0.2243487506645402,0.11480978260869565,0.55078125,0.05373961218836565,0.8498845265588915
55129950100,Census Tract 9501; Washburn County; Wisconsin,55129,2396,804,60000,52.5,0.23841059602649006,0.1111111111111111,0.10843373493975904,0.13230383973288815,0.8129562043795621
55129950200,Census Tract 9502; Washburn County; Wisconsin,55129,1713,786,66607,60.1,0.23700202565833894,0.13864306784660768,0.03125,0.07647402218330414,0.9060568603213844
55129950300,Census Tract 9503; Washburn County; Wisconsin,55129,3180,950,62188,51.2,0.21663113006396584,0.09514031485284052,0.061855670103092786,0.13558786346396967,0.8697788697788698
55129950501,Census Tract 9505.01; Washburn County; Wisconsin,55129,2652,746,56649,50.2,0.2609153077327723,0.1120607787274454,0.26,0.1735408560311284,0.7092511013215859
55129950502,Census Tract 9505.02; Washburn County; Wisconsin,55129,2203,844,67188,59.4,0.3071079761258817,0.21221864951768488,0.07894736842105263,0.08507734303912648,0.8356940509915014
55129950600,Census Tract 9506; Washburn County; Wisconsin,55129,4710,768,67813,46.6,0.2668613138686131,0.11952779144121987,0.18468468468468469,0.08981262115011845,0.8544303797468354
55131400102,Census Tract 4001.02; Washington County; Wisconsin,55131,3940,1155,98472,45.1,0.23763368983957223,0.08175248419150859,0.136986301369863,0.04250386398763524,0.9190509420795534
55131400103,Census Tract 4001.03; Washington County; Wisconsin,55131,3579,1418,102174,43.6,0.2992125984251969,0.10457831325301205,1.3157894736842106,0.013411567476948869,0.9299212598425197
55131400104,Census Tract 4001.04; Washington County; Wisconsin,55131,5884,1265,97500,42.7,0.38843788437884375,0.13043478260869565,0.1443089430894309,0.02672795369424583,0.8302133217239878
55131410100,Census Tract 4101; Washington County; Wisconsin,55131,5458,1031,93929,39.7,0.2135697764070933,0.07127031019202364,0.4512820512820513,0.09504512801620925,0.8219052001840773
55131420104,Census Tract 4201.04; Washington County; Wisconsin,55131,4780,1501,83030,52.1,0.371333702268954,0.08551401869158878,0.07311320754716981,0.09123322147651007,0.7377285851780558
55131420105,Census Tract 4201.05; Washington County; Wisconsin,55131,4774,1159,76563,39.3,0.2694204685573366,0.05960015088645794,0.3448275862068966,0.08304572907679034,0.6303431667670079
55131420106,Census Tract 4201.06; Washington County; Wisconsin,55131,3262,1226,81648,39.2,0.3162090345438441,0.13676633444075303,0.0948905109489051,0.07142857142857142,0.8023346303501946
55131420107,Census Tract 4201.07; Washington County; Wisconsin,55131,2996,1164,91786,53.8,0.3159851301115242,0.1499454743729553,0.10759493670886076,0.05106809078771696,0.6792842395044735
55131420108,Census Tract 4201.08; Washington County; Wisconsin,55131,2809,1672,120000,55.9,0.38886332259549006,0.17657992565055763,0.8095238095238095,0.02618181818181818,0.8289806234203876
55131420200,Census Tract 4202; Washington County; Wisconsin,55131,5813,999,68281,45.5,0.3366336633663366,0.09196162752232881,0.17190388170055454,0.06571477722346465,0.6898539584934665
55131420300,Census Tract 4203; Washington County; Wisconsin,55131,6003,931,72250,35.7,0.19587109768378652,0.05649546827794562,0.10210696920583469,0.08532016348773842,0.6751072961373391
55131420401,Census Tract 4204.01; Washington County; Wisconsin,55131,2482,1161,66146,38.6,0.336159903089037,0.03890728476821192,0.14578587699316628,0.11771844660194175,0.46859421734795614
55131420402,Census Tract 4204.02; Washington County; Wisconsin,55131,2262,823,70875,43.2,0.21478873239436624,0.16116116116116116,0.1378504672897196,0.13793103448275862,0.6914986853637161
55131430100,Census Tract 4301; Washington County; Wisconsin,55131,5634,965,120024,47,0.21008814887365324,0.06966966966966967,0.6330275229357798,0.04055496264674493,0.9297893681043129
55131440103,Census Tract 4401.03; Washington County; Wisconsin,55131,5065,1175,93615,38.7,0.27909542195256476,0.18591823491239454,0.03146067415730337,0.06364551863041289,0.6521508231545406
55131440104,Census Tract 4401.04; Washington County; Wisconsin,55131,6824,1171,84844,39.9,0.2969085444396736,0.1386682956627978,0.1495176848874598,0.12895662368112543,0.7039848197343453
55131440106,Census Tract 4401.06; Washington County; Wisconsin,55131,3818,1702,111375,55.3,0.3202134756504337,0.19027027027027027,2.0952380952380953,0.03279979008134348,0.9790964261631827
55131440200,Census Tract 4402; Washington County; Wisconsin,55131,3882,960,60260,35.6,0.1557315233785822,0.042409638554216866,0.25313807531380755,0.06053580628541989,0.6007215874924835
55131450103,Census Tract 4501.03; Washington County; Wisconsin,55131,5661,1133,90500,45.9,0.3399200188191014,0.1579266444377084,0.4068825910931174,0.049716914366595893,0.7817460317460317
55131450105,Census Tract 4501.05; Washington County; Wisconsin,55131,3070,1447,100918,50,0.4568113450795015,0.12933333333333333,0.05405405405405406,0.02653128070750082,0.8436018957345972
55131450106,Census Tract 4501.06; Washington County; Wisconsin,55131,6629,1073,104511,42.9,0.3459641255605381,0.13426615064007144,0.2549019607843137,0.026399155227032733,0.7988394584139265
55131450107,Census Tract 4501.07; Washington County; Wisconsin,55131,3592,1151,114861,40.2,0.39134054954204833,0.1494149414941494,0.13785557986870897,0.04049148282602625,0.653230966090851
55131460101,Census Tract 4601.01; Washington County; Wisconsin,55131,6230,1169,153407,51.4,0.5441982890984864,0.24222762908894296,0.1522198731501057,0.011235955056179775,0.9734432234432234
55131460102,Census Tract 4601.02; Washington County; Wisconsin,55131,5525,1429,138248,46.2,0.5,0.24706314243759178,0.125,0.08886877828054299,0.9715465810004589
55131470100,Census Tract 4701; Washington County; Wisconsin,55131,5874,1065,106842,42.9,0.41515977210800104,0.14971657219073026,0.20914127423822715,0.054598691009300725,0.935098650051921
55131470202,Census Tract 4702.02; Washington County; Wisconsin,55131,5869,1811,107530,46.2,0.4606766748823661,0.18330071754729288,0.258252427184466,0.03977957637334252,0.8117229129662522
55131470203,Census Tract 4702.03; Washington County; Wisconsin,55131,5576,1301,66404,38.4,0.4276960784313726,0.20351239669421486,0.6257197696737045,0.0824964131994261,0.572573463935886
55131470204,Census Tract 4702.04; Washington County; Wisconsin,55131,3889,2081,145625,47.9,0.6411201179071482,0.2285215874400349,0.3028720626631854,0.0025713551041398816,0.9553571428571429
55133200101,Census Tract 2001.01; Waukesha County; Wisconsin,55133,5041,1195,114137,40.5,0.4310060472787246,0.13415468856947296,0.1439509954058193,0.05864751645721125,0.7724654377880185
55133200102,Census Tract 2001.02; Waukesha County; Wisconsin,55133,6149,1123,89093,39.8,0.4072536596023596,0.16109625668449198,0.22129186602870812,0.07171897869572288,0.6060606060606061
55133200103,Census Tract 2001.03; Waukesha County; Wisconsin,55133,2903,1088,80614,35.7,0.3562412342215989,0.18510158013544017,0.5608974358974359,0.16465725111953153,0.7689463955637708
55133200201,Census Tract 2002.01; Waukesha County; Wisconsin,55133,3602,1684,67217,60.1,0.3393854748603352,0.24684431977559607,0.21578947368421053,0.044835414301929624,0.5808580858085809
55133200202,Census Tract 2002.02; Waukesha County; Wisconsin,55133,4362,1151,83997,42.9,0.4362684729064039,0.19350533807829182,0.23029045643153526,0.0307198532783127,0.7609238451935081
55133200300,Census Tract 2003; Waukesha County; Wisconsin,55133,6214,1387,107069,42.2,0.5164730978904954,0.1742765273311897,0.4838709677419355,0.023997423095506523,0.8922929631402585
55133200400,Census Tract 2004; Waukesha County; Wisconsin,55133,6575,1742,123457,39.4,0.6265404929577465,0.1626752336448598,0.2639593908629442,0.04706061529089248,0.8713692946058091
55133200500,Census Tract 2005; Waukesha County; Wisconsin,55133,6099,2339,129609,46.1,0.5979094076655052,0.17845117845117844,0.17057291666666666,0.01590424659780292,0.8660027161611589
55133200600,Census Tract 2006; Waukesha County; Wisconsin,55133,1859,890,60000,45.4,0.2270389419544453,0.07184466019417475,0.42048517520215634,0.11834319526627218,0.6057233704292527
55133200700,Census Tract 2007; Waukesha County; Wisconsin,55133,4441,2038,129607,43.2,0.5383631713554987,0.17473591549295775,0.3990066225165563,0.019860076732114647,0.9730320699708455
55133200803,Census Tract 2008.03; Waukesha County; Wisconsin,55133,4494,1550,147917,43.7,0.6249203314212874,0.19514310494362533,0.3696969696969697,0.014046822742474917,0.934402332361516
55133200804,Census Tract 2008.04; Waukesha County; Wisconsin,55133,4009,1777,98886,45.5,0.5915492957746479,0.21908671113391484,0.42080378250591016,0.031928161636318286,0.593939393939394
55133200901,Census Tract 2009.01; Waukesha County; Wisconsin,55133,4694,1726,125808,47.5,0.5976836330387076,0.1902390438247012,0.14770797962648557,0.022139412538360367,0.8713927227101631
55133201001,Census Tract 2010.01; Waukesha County; Wisconsin,55133,2415,1903,125313,53.1,0.7422003284072249,0.22902270483711748,0.152,0.1010351966873706,0.8161925601750547
55133201002,Census Tract 2010.02; Waukesha County; Wisconsin,55133,4130,1805,159293,41.2,0.746145167356149,0.28946113495469716,0.14511873350923482,0.009200968523002421,0.9257232212666145
55133201101,Census Tract 2011.01; Waukesha County; Wisconsin,55133,5211,1903,122146,42.9,0.7133495145631068,0.19304556354916066,0.7300215982721382,0.04797687861271676,0.7071346375143843
55133201102,Census Tract 2011.02; Waukesha County; Wisconsin,55133,3232,1907,111359,40.7,0.6728806036395917,0.3220244716351502,0.47337278106508873,0.024420788979336257,0.921793534932221
55133201201,Census Tract 2012.01; Waukesha County; Wisconsin,55133,2260,1736,98871,46.4,0.5390532544378699,0.2084507042253521,0.6633986928104575,0.07906976744186046,0.7705314009661836
55133201203,Census Tract 2012.03; Waukesha County; Wisconsin,55133,3342,2497,112965,49.2,0.545941491553358,0.13953488372093023,0.4051724137931034,0.03608087091757387,0.8950930626057529
55133201204,Census Tract 2012.04; Waukesha County; Wisconsin,55133,2927,2045,121776,47.3,0.7122015915119364,0.11396574440052701,0.3574660633484163,0.06053351573187415,0.6179861644888547
55133201205,Census Tract 2012.05; Waukesha County; Wisconsin,55133,4140,2142,162633,46.3,0.6997659645603478,0.2839622641509434,0.5707070707070707,0.06750122729504172,0.7242798353909465
55133201300,Census Tract 2013; Waukesha County; Wisconsin,55133,4583,1054,86314,47.3,0.4328830123598735,0.22098710538016897,0.25162689804772237,0.10514738231412231,0.8381989114299851
55133201402,Census Tract 2014.02; Waukesha County; Wisconsin,55133,5023,1411,99594,44.3,0.4084068500259471,0.1578733766233766,0.5701943844492441,0.03305447867782085,0.6606753812636166
55133201403,Census Tract 2014.03; Waukesha County; Wisconsin,55133,4742,1381,78877,35.8,0.4328120012767316,0.12535042050460551,0.32996632996632996,0.0453395191902151,0.7077003666841278
55133201404,Census Tract 2014.04; Waukesha County; Wisconsin,55133,3737,1499,114145,40.1,0.4749907373101149,0.09550561797752809,0.15065913370998116,0.03826598876103827,0.7871545929798357
55133201504,Census Tract 2015.04; Waukesha County; Wisconsin,55133,6404,1673,118117,48,0.507027027027027,0.14556462226901817,0.36397984886649876,0.010725552050473186,0.816931671680275
55133201505,Census Tract 2015.05; Waukesha County; Wisconsin,55133,2870,1365,118466,44,0.48777046095954846,0.15378955114054452,0.1059001512859304,0.046689895470383276,0.9737080689029919
55133201506,Census Tract 2015.06; Waukesha County; Wisconsin,55133,5409,1371,99931,47.2,0.4447466007416564,0.22217868338557994,0.3310225303292894,0.04566463301904234,0.7529107373868047
55133201507,Census Tract 2015.07; Waukesha County; Wisconsin,55133,3426,2094,127895,47.1,0.6227687425624753,0.12155963302752294,0.12186379928315412,0.010507880910683012,0.8090692124105012
55133201508,Census Tract 2015.08; Waukesha County; Wisconsin,55133,2687,1416,89775,46.8,0.5287009063444108,0.1484490398818316,0.5090361445783133,0.04025583145221971,0.5817641228939544
55133201701,Census Tract 2017.01; Waukesha County; Wisconsin,55133,4819,1458,108148,48.7,0.4416369129360066,0.19392608854738383,0.41745283018867924,0.04272784676910124,0.9113025848960973
55133201703,Census Tract 2017.03; Waukesha County; Wisconsin,55133,5533,1189,95180,42.9,0.42472428827904596,0.10606541759288662,0.2,0.021688053497198625,0.7413937867338372
55133201704,Census Tract 2017.04; Waukesha County; Wisconsin,55133,5429,1392,104761,47.3,0.468459152016546,0.2742616033755274,0.2197986577181208,0.019340578375391416,0.833729216152019
55133201800,Census Tract 2018; Waukesha County; Wisconsin,55133,1546,1139,108750,54.1,0.3727272727272727,0.10966057441253264,0.07692307692307693,0.046662346079066754,0.8598949211908932
55133201900,Census Tract 2019; Waukesha County; Wisconsin,55133,6160,2118,129238,45.6,0.5302185030218503,0.15630196208846026,0.1673881673881674,0.038557008108555356,0.9185022026431718
55133202002,Census Tract 2020.02; Waukesha County; Wisconsin,55133,3970,1125,134231,49.4,0.43413477819166946,0.1408379606259465,0.14,0.02523578893703798,0.9894146948941469
55133202101,Census Tract 2021.01; Waukesha County; Wisconsin,55133,4056,1786,141013,44.2,0.5407512402551382,0.1714546283629731,0.28604118993135014,0.040680473372781065,0.9246058944482523
55133202102,Census Tract 2021.02; Waukesha County; Wisconsin,55133,5155,1129,118692,42.5,0.5124141574220813,0.20804084237396298,0.2257360959651036,0.03937924345295829,0.8231884057971014
55133202103,Census Tract 2021.03; Waukesha County; Wisconsin,55133,3045,1119,106518,48.6,0.4772624943719046,0.12272089761570827,0.29780564263322884,0.05123152709359606,0.8746543778801843
55133202201,Census Tract 2022.01; Waukesha County; Wisconsin,55133,3989,1558,129900,42.9,0.5174318260269244,0.1691762621789194,0.30446194225721784,0.022898842476094614,0.9415833973866257
55133202203,Census Tract 2022.03; Waukesha County; Wisconsin,55133,2117,1166,74107,36,0.3419220055710307,0.07268370607028754,0.32865168539325845,0.09329446064139942,0.33231396534148827
55133202204,Census Tract 2022.04; Waukesha County; Wisconsin,55133,3035,1348,54591,30.8,0.3885117493472585,0.09877913429522753,0.23191489361702128,0.11927512355848435,0.3872832369942196
55133202301,Census Tract 2023.01; Waukesha County; Wisconsin,55133,4585,1552,111563,38.1,0.4681549573210768,0.188400155702608,0.24263038548752835,0.03576881134133043,0.8223350253807107
55133202303,Census Tract 2023.03; Waukesha County; Wisconsin,55133,2951,1055,57438,29.4,0.2452330508474576,0.06102987921169739,0.521613832853026,0.25891632373113854,0.4262295081967213
55133202304,Census Tract 2023.04; Waukesha County; Wisconsin,55133,3099,920,74615,33,0.3458498023715415,0.0398936170212766,0.32732732732732733,0.06922326941826454,0.6304744525547445
55133202400,Census Tract 2024; Waukesha County; Wisconsin,55133,4973,1194,100854,34.4,0.405683947532792,0.14633298574904413,0.0535279805352798,0.057767200346170486,0.7527314548591144
55133202500,Census Tract 2025; Waukesha County; Wisconsin,55133,4113,1342,84471,38.6,0.46864686468646866,0.13119415109666938,0.5261707988980716,0.08606856309263311,0.6664663461538461
55133202600,Census Tract 2026; Waukesha County; Wisconsin,55133,3075,947,55282,29,0.27764842840512227,0.041156840934371525,0.025059665871121718,0.12156536219816819,0.5023041474654378
55133202700,Census Tract 2027; Waukesha County; Wisconsin,55133,1931,1412,55815,28.5,0.4025661587810746,0.06646971935007386,0.2157676348547718,0.19005696530295182,0.11906744379683597
55133202800,Census Tract 2028; Waukesha County; Wisconsin,55133,4783,1146,70870,36.9,0.2882041705571118,0.0802828618968386,0.5856423173803527,0.10591026747195859,0.5685240963855421
55133202901,Census Tract 2029.01; Waukesha County; Wisconsin,55133,4097,1260,69909,32.9,0.45181347150259066,0.12650853100291304,0.20980392156862746,0.10959238467171101,0.5295893719806763
55133202902,Census Tract 2029.02; Waukesha County; Wisconsin,55133,3608,1218,65667,59.6,0.44190732034922764,0.14457831325301204,0.33557046979865773,0.08481152993348115,0.44258224705152077
55133203000,Census Tract 2030; Waukesha County; Wisconsin,55133,2131,858,83553,42.6,0.3131562693020383,0.07934990439770555,0.5217391304347826,0.073875802997858675,0.6647331786542924
55133203103,Census Tract 2031.03; Waukesha County; Wisconsin,55133,5157,1130,91992,33.1,0.2799305957200694,0.12308839985080194,0.2289855072463768,0.15787416959749903,0.659562535053281
55133203104,Census Tract 2031.04; Waukesha County; Wisconsin,55133,2723,1253,52000,43.7,0.43291839557399725,0.17886658795749705,0.25,0.1214574898785425,0.32473444613050073
55133203105,Census Tract 2031.05; Waukesha County; Wisconsin,55133,3341,2156,104423,43.2,0.48920229175848395,0.17105263157894737,0.2510729613733906,0.12122119126010177,0.872431506849315
55133203106,Census Tract 2031.06; Waukesha County; Wisconsin,55133,4109,1352,96601,42.1,0.3765167737330478,0.1485148514851485,0.47345132743362833,0.08906680010007506,0.6716754320060105
55133203107,Census Tract 2031.07; Waukesha County; Wisconsin,55133,3463,1593,109057,44.1,0.522093023255814,0.14655172413793102,0.16192560175054704,0.07536817788045047,0.8528381219341276
55133203200,Census Tract 2032; Waukesha County; Wisconsin,55133,4402,1669,158304,46,0.7065442700621853,0.2737022737022737,0.12323232323232323,0.03211845102505695,0.9393010423053342
55133203303,Census Tract 2033.03; Waukesha County; Wisconsin,55133,4464,1423,87394,48.3,0.42915811088295686,0.20326223337515684,0.16541353383458646,0.06137992831541219,0.8139183055975794
55133203304,Census Tract 2033.04; Waukesha County; Wisconsin,55133,5210,1428,117167,41.4,0.5989928438908031,0.2580275229357798,0.455026455026455,0.026886883042058767,0.838
55133203305,Census Tract 2033.05; Waukesha County; Wisconsin,55133,3924,969,97438,45.5,0.5103645461043602,0.19194704908990623,0.14732142857142858,0.06373176350140773,0.8730343622597554
55133203307,Census Tract 2033.07; Waukesha County; Wisconsin,55133,3230,1410,77672,50.3,0.48662272198526557,0.22523584905660377,0.2857142857142857,0.023240800516462233,0.5894283958205285
55133203308,Census Tract 2033.08; Waukesha County; Wisconsin,55133,3664,1428,72455,37.8,0.44240336777650213,0.13596491228070176,0.314214463840399,0.06741266375545851,0.44389027431421446
55133203402,Census Tract 2034.02; Waukesha County; Wisconsin,55133,3992,1225,92485,41.2,0.4699275362318841,0.1480307831598008,0.2864721485411141,0.03381763527054108,0.7408595253367544
55133203404,Census Tract 2034.04; Waukesha County; Wisconsin,55133,3537,1472,79277,40.1,0.3593628593628594,0.11324286382779597,0.2219020172910663,0.07237772123268306,0.41127482383087766
55133203405,Census Tract 2034.05; Waukesha County; Wisconsin,55133,4179,2136,173560,39.9,0.6218181818181818,0.21939447125932426,0.4421768707482993,0.05886575735821967,0.9721539721539721
55133203406,Census Tract 2034.06; Waukesha County; Wisconsin,55133,7646,1398,137188,42,0.44063170208617664,0.1343676045227452,0.2309027777777778,0.036228093120585926,0.9164179104477612
55133203501,Census Tract 2035.01; Waukesha County; Wisconsin,55133,3996,1505,97188,48.2,0.4128214159915463,0.2048131080389145,0.10120481927710843,0.03237139272271016,0.9341926729986432
55133203502,Census Tract 2035.02; Waukesha County; Wisconsin,55133,3058,2075,137717,48.4,0.6654411764705883,0.16124567474048443,0.12154696132596685,0.013438216978039987,0.9102439024390244
55133203601,Census Tract 2036.01; Waukesha County; Wisconsin,55133,4468,1171,66857,44.3,0.4399740428293316,0.14910453977509372,0.3348115299334812,0.04916553901668922,0.4547413793103448
55133203602,Census Tract 2036.02; Waukesha County; Wisconsin,55133,5797,1358,96377,43.3,0.4695287441401431,0.1805512542582843,0.20689655172413793,0.05917159763313609,0.769859282796187
55133203702,Census Tract 2037.02; Waukesha County; Wisconsin,55133,5481,1409,136023,48.4,0.5050658561296859,0.1682727946627131,0.15846994535519127,0.02758237689744539,0.8810526315789474
55133203703,Census Tract 2037.03; Waukesha County; Wisconsin,55133,3351,1625,149189,45.3,0.6604861969509683,0.23554153522607782,0.12251655629139073,0.024280575539568347,0.9125315391084945
55133203704,Census Tract 2037.04; Waukesha County; Wisconsin,55133,4378,1650,125368,51,0.6427668982943777,0.21725932350390287,0.2617283950617284,0.043398812243033345,0.7286729857819905
55133203803,Census Tract 2038.03; Waukesha County; Wisconsin,55133,4242,1396,131681,42.2,0.446370176586004,0.15735414954806903,0.032758620689655175,0.033870203694931315,0.8797139141742523
55133203805,Census Tract 2038.05; Waukesha County; Wisconsin,55133,4796,1433,134083,46,0.5583212735166425,0.17935222672064777,0.3333333333333333,0.030942922851766672,0.8862467866323908
55133203806,Census Tract 2038.06; Waukesha County; Wisconsin,55133,2727,1652,121176,53.9,0.5029612756264237,0.228515625,0.22371967654986524,0.05356483191725157,0.9268953068592057
55133203901,Census Tract 2039.01; Waukesha County; Wisconsin,55133,5621,1074,108633,41.4,0.32459933859068935,0.16551497203027313,0.385395537525355,0.026863547411492616,0.8591084204733076
55133203902,Census Tract 2039.02; Waukesha County; Wisconsin,55133,3600,1135,94357,42.5,0.36479879654005265,0.11083249749247744,0.16842105263157894,0.0338123415046492,0.6316151202749141
55133204002,Census Tract 2040.02; Waukesha County; Wisconsin,55133,5683,927,119741,49.8,0.37742010730114295,0.11741935483870967,0.03023758099352052,0.0487418616927679,0.9579050416054822
55133204003,Census Tract 2040.03; Waukesha County; Wisconsin,55133,4212,1400,120333,43,0.34715366897005595,0.125,0.1644295302013423,0.034892173491640414,0.7677543186180422
55133204100,Census Tract 2041; Waukesha County; Wisconsin,55133,6365,1207,148889,48,0.5731259451285375,0.1806282722513089,0.2617924528301887,0.04993493819128172,0.936738519212746
55133204201,Census Tract 2042.01; Waukesha County; Wisconsin,55133,2941,1067,53641,45.3,0.3119599818099136,0.09517241379310344,0.19767441860465115,0.13804828289697382,0.5340659340659341
55133204202,Census Tract 2042.02; Waukesha County; Wisconsin,55133,4359,1386,128065,41.4,0.5047074646940148,0.17675021607605879,0.09907834101382489,0.08569421681105127,0.8408932309839497
55133204301,Census Tract 2043.01; Waukesha County; Wisconsin,55133,7250,1444,122992,39.3,0.5885262116716123,0.2124551512045105,0.1354642313546423,0.06375051745549883,0.6987432675044883
55133204302,Census Tract 2043.02; Waukesha County; Wisconsin,55133,4084,1265,87473,45.7,0.37955706984667803,0.13973799126637554,0.06496815286624204,0.10103754940711462,0.6304718590108016
55133204400,Census Tract 2044; Waukesha County; Wisconsin,55133,2003,1516,103839,59.7,0.5363748458692972,0.19322033898305085,0.3576158940397351,0.003494757863205192,0.867570385818561
55133204501,Census Tract 2045.01; Waukesha County; Wisconsin,55133,2751,1519,119423,49.4,0.3867223769730733,0.18258426966292135,0.07650273224043716,0.009464870768110666,0.8216168717047452
55133204503,Census Tract 2045.03; Waukesha County; Wisconsin,55133,3116,1375,125703,55.5,0.4994040524433849,0.13725490196078433,0.0532994923857868,0.02342747111681643,0.8621495327102804
55133204504,Census Tract 2045.04; Waukesha County; Wisconsin,55133,2841,1415,102596,46.7,0.5361659079413252,0.2379746835443038,0.0875,0.07066761363636363,0.7162995594713656
55135100100,Census Tract 1001; Waupaca County; Wisconsin,55135,3476,755,72368,47,0.14703557312252968,0.06229143492769744,0.07929515418502203,0.1260005929439668,0.7984496124031008
55135100200,Census Tract 1002; Waupaca County; Wisconsin,55135,2573,1241,81776,49.4,0.16567083107007063,0.10265878877400296,0.06666666666666667,0.051052221356196414,0.9006622516556292
55135100300,Census Tract 1003; Waupaca County; Wisconsin,55135,3960,777,68640,46.4,0.18236120871398454,0.07829977628635347,0.15162454873646208,0.09337731540218219,0.8135384615384615
55135100400,Census Tract 1004; Waupaca County; Wisconsin,55135,4281,828,85430,47.6,0.148896487410631,0.06037735849056604,0.12612612612612611,0.0787979176526266,0.8162700608743774
55135100500,Census Tract 1005; Waupaca County; Wisconsin,55135,3097,936,66688,56.7,0.2913541255428346,0.05496828752642706,0.058823529411764705,0.058977230309817094,0.7029850746268657
55135100600,Census Tract 1006; Waupaca County; Wisconsin,55135,4805,867,82733,48.6,0.2726768377253814,0.06388415672913117,0.21262458471760798,0.06160938809723386,0.9120278330019881
55135100700,Census Tract 1007; Waupaca County; Wisconsin,55135,3699,945,70750,38.6,0.22904596369254537,0.1347093970668115,0.206266318537859,0.11086226203807391,0.673974540311174
55135100800,Census Tract 1008; Waupaca County; Wisconsin,55135,4674,926,93750,48,0.2509539184032874,0.09486166007905138,0.0514018691588785,0.06574989256553503,0.9
55135100900,Census Tract 1009; Waupaca County; Wisconsin,55135,6425,889,63393,38.6,0.17172612452913805,0.08599348534201955,0.21739130434782608,0.19780047132757267,0.5701308139534884
55135101000,Census Tract 1010; Waupaca County; Wisconsin,55135,5706,712,60509,46.1,0.22894424673784108,0.056986070071760236,0.12345679012345678,0.09200603318250378,0.7113985448666128
55135101100,Census Tract 1011; Waupaca County; Wisconsin,55135,5130,930,58775,38.1,0.19251187482537024,0.11331086773378264,0.21610169491525424,0.16379984362783426,0.68001800180018
55135101200,Census Tract 1012; Waupaca County; Wisconsin,55135,3743,997,87391,48.3,0.16281549946676144,0.03654970760233918,0.04887218045112782,0.06218034993270525,0.9028452463566967
55137960100,Census Tract 9601; Waushara County; Wisconsin,55137,2801,673,71083,50.2,0.18312471024571164,0.06485355648535565,0.05670103092783505,0.04329159212880143,0.906744379683597
55137960201,Census Tract 9602.01; Waushara County; Wisconsin,55137,1473,583,73036,54.1,0.19783873649210304,0.13777089783281735,0.038461538461538464,0.1133879781420765,0.869172932330827
55137960202,Census Tract 9602.02; Waushara County; Wisconsin,55137,2763,1051,71343,55.6,0.1995391705069124,0.07772020725388601,0.12871287128712872,0.10930148389431778,0.9529983792544571
55137960300,Census Tract 9603; Waushara County; Wisconsin,55137,3608,855,61425,44.3,0.15929203539823011,0.09386281588447654,0.30952380952380953,0.109392575928009,0.7579666160849773
55137960400,Census Tract 9604; Waushara County; Wisconsin,55137,3980,744,69853,48.5,0.17327617006073592,0.12002449479485609,0.10222222222222223,0.14935881317576064,0.8867791842475387
55137960600,Census Tract 9606; Waushara County; Wisconsin,55137,2006,1000,83021,61.4,0.2551766138855055,0.09761904761904762,0.06598984771573604,0.06343656343656344,0.9342984409799554
55137960700,Census Tract 9607; Waushara County; Wisconsin,55137,4133,770,64906,47.6,0.1137815637359294,0.046511627906976744,0.125,0.07852941176470589,0.8284145504461222
55137960800,Census Tract 9608; Waushara County; Wisconsin,55137,4104,793,54335,48.3,0.19069313374552554,0.057328285559762035,0.27755102040816326,0.16267942583732056,0.7634088200238379
55139000100,Census Tract 1; Winnebago County; Wisconsin,55139,2892,932,68675,33.5,0.2173697270471464,0.08783783783783784,0.09246575342465753,0.0952550838387442,0.679403541472507
55139000200,Census Tract 2; Winnebago County; Wisconsin,55139,2339,892,42188,49.2,0.1888766519823789,0.14610069101678183,0.3125,0.27618640444634457,0.41025641025641024
55139000300,Census Tract 3; Winnebago County; Wisconsin,55139,3815,903,78060,36.4,0.417004048582996,0.1997703788748565,0.45979899497487436,0.16889721627408993,0.7664281067013663
55139000400,Census Tract 4; Winnebago County; Wisconsin,55139,2723,1047,56127,40.5,0.17798353909465026,0.07767722473604827,0.2909090909090909,0.1329416085200147,0.4796747967479675
55139000501,Census Tract 5.01; Winnebago County; Wisconsin,55139,3405,999,50632,21.9,0.3665116279069768,0.05456907752273712,0.12076271186440678,0.36695089679506027,0.037337662337662336
55139000502,Census Tract 5.02; Winnebago County; Wisconsin,55139,3685,845,53462,27.9,0.19091796875,0.05491183879093199,0.10175438596491228,0.23202170963364993,0.561633281972265
55139000700,Census Tract 7; Winnebago County; Wisconsin,55139,4690,1027,36944,20.5,0.13080168776371304,0.05635400907715583,0.3,0.5817661488143908,0.10387596899224806
55139000800,Census Tract 8; Winnebago County; Wisconsin,55139,3127,1276,63382,32.7,0.3189700472937467,0.07466529351184346,0.24193548387096775,0.15126319155740325,0.6592987804878049
55139000900,Census Tract 9; Winnebago County; Wisconsin,55139,3360,959,67034,41.3,0.23109243697478987,0.09208731241473397,0.3145009416195857,0.13980114492316964,0.578494623655914
55139001000,Census Tract 10; Winnebago County; Wisconsin,55139,2413,795,55810,34.8,0.3479010925819437,0.13680555555555557,0.10967741935483871,0.17134092900964065,0.48987463837994216
55139001100,Census Tract 11; Winnebago County; Wisconsin,55139,3945,837,57091,39.6,0.2529630883846935,0.149706457925636,0.43167701863354035,0.20544747081712061,0.5461493239271017
55139001200,Census Tract 12; Winnebago County; Wisconsin,55139,2065,986,48622,36.7,0.20938897168405368,0.0839231547017189,0.06019417475728155,0.09936678032148076,0.634207240948814
55139001300,Census Tract 13; Winnebago County; Wisconsin,55139,3269,894,77265,37.4,0.12350780532598715,0.13054968287526428,0.09770114942528736,0.17509966268015947,0.6296296296296297
55139001400,Census Tract 14; Winnebago County; Wisconsin,55139,3383,882,56514,46.1,0.28790786948176583,0.061038220193953226,0.5506329113924051,0.14986698196866685,0.7385740402193784
55139001500,Census Tract 15; Winnebago County; Wisconsin,55139,3503,909,77792,34.8,0.31672443674176776,0.09207708779443255,0.12403100775193798,0.17242363688267198,0.7945900253592562
55139001600,Census Tract 16; Winnebago County; Wisconsin,55139,4444,909,90938,40.6,0.17129494299912307,0.03278688524590164,0.11274509803921569,0.11883482290632241,0.6236641221374046
55139001700,Census Tract 17; Winnebago County; Wisconsin,55139,4716,1078,92500,40.4,0.2181867097121334,0.07905405405405405,0.09238249594813615,0.07503457814661134,0.8597616865261228
55139001801,Census Tract 18.01; Winnebago County; Wisconsin,55139,5669,822,92664,42.5,0.4878481012658228,0.17293233082706766,0.1774193548387097,0.032104427588639975,0.9224734656206738
55139001803,Census Tract 18.03; Winnebago County; Wisconsin,55139,6354,945,63000,47.5,0.4179528838342811,0.23854612095296274,0.40619621342512907,0.08660416335610996,0.6081578067535941
55139001900,Census Tract 19; Winnebago County; Wisconsin,55139,5229,1122,86010,45.3,0.35465116279069764,0.0725946509204585,0.30066815144766146,0.06291834002677377,0.747460757156048
55139002001,Census Tract 20.01; Winnebago County; Wisconsin,55139,2755,902,88281,47.3,0.343671835917959,0.1040943789035392,0.13170731707317074,0.037536443148688044,0.7386848847139197
55139002002,Census Tract 20.02; Winnebago County; Wisconsin,55139,4553,789,94082,41.3,0.24670658682634727,0.10647181628392484,0.05405405405405406,0.06697715679751608,0.9135737009544008
55139002100,Census Tract 21; Winnebago County; Wisconsin,55139,3582,1081,84844,52,0.18135283363802557,0.10698198198198199,0.07871720116618076,0.0386459802538787,0.9457364341085271
55139002201,Census Tract 22.01; Winnebago County; Wisconsin,55139,5136,905,95958,48.4,0.33297615858558804,0.11506352087114338,1.9230769230769231,0.04714591856614066,0.8184451955577016
55139002202,Census Tract 22.02; Winnebago County; Wisconsin,55139,3025,1063,88703,51.3,0.2592278319898176,0.14350945857795172,0.03715170278637771,0.04033057851239669,0.9342208300704777
55139002300,Census Tract 23; Winnebago County; Wisconsin,55139,6217,1013,126547,47.1,0.4199173932996787,0.09531726239955667,0.1763157894736842,0.03183066731297463,0.9050709939148073
55139002401,Census Tract 24.01; Winnebago County; Wisconsin,55139,4929,1088,81929,37.7,0.3383315158124318,0.108450222374273,0.1024793388429752,0.058992216304793114,0.505671077504726
55139002402,Census Tract 24.02; Winnebago County; Wisconsin,55139,5466,1083,102128,37.9,0.48201251303441084,0.12827544180377817,0.3238095238095238,0.03823637028905964,0.6432006996064713
55139002500,Census Tract 25; Winnebago County; Wisconsin,55139,4698,948,51852,34.6,0.2983947119924457,0.13916591115140525,0.17200674536256325,0.22422010398613518,0.3585100879461976
55139002601,Census Tract 26.01; Winnebago County; Wisconsin,55139,3830,928,68216,39.7,0.18880114860014352,0.15660847880299253,0.431924882629108,0.05169246916819732,0.7039784221173297
55139002602,Census Tract 26.02; Winnebago County; Wisconsin,55139,4736,908,58298,32,0.24983210208193418,0.09190556492411467,0.5230769230769231,0.19096774193548388,0.6109134045077106
55139002700,Census Tract 27; Winnebago County; Wisconsin,55139,2691,1079,75132,39.7,0.24068927181767652,0.017956656346749224,0.2559652928416486,0.10777318813368382,0.6687224669603524
55139002800,Census Tract 28; Winnebago County; Wisconsin,55139,4602,876,64332,34.4,0.11059602649006628,0.1944915254237288,0.2889344262295082,0.11931443638760712,0.7828311540648095
55139002900,Census Tract 29; Winnebago County; Wisconsin,55139,2030,748,43287,42.1,0.21872909698996656,0.05023696682464455,0.7364864864864865,0.14285714285714285,0.35855263157894735
55139003000,Census Tract 30; Winnebago County; Wisconsin,55139,1827,1313,78611,39.8,0.3098068350668648,0.16352201257861634,0.1593625498007968,0.0353395913859746,0.8039950062421972
55139003100,Census Tract 31; Winnebago County; Wisconsin,55139,1902,889,75069,43.5,0.5333850931677019,0.10918367346938776,0.0625,0.08315334773218143,0.7386503067484662
55139003200,Census Tract 32; Winnebago County; Wisconsin,55139,2170,1045,100323,39.4,0.4562858966177409,0.18138801261829654,0.046218487394957986,0.07004608294930875,0.8702570379436965
55139003300,Census Tract 33; Winnebago County; Wisconsin,55139,3024,873,61793,32.5,0.19736842105263153,0.037649743297204795,0.12366412213740458,0.11240976280508766,0.5792730085073473
55139003400,Census Tract 34; Winnebago County; Wisconsin,55139,4477,988,61913,34.9,0.18978583196046128,0.08072100313479624,0.1480804387568556,0.13322884012539185,0.6995627732667083
55139003500,Census Tract 35; Winnebago County; Wisconsin,55139,2612,964,47454,41.2,0.15167719980554206,0.07142857142857142,0.214123006833713,0.16189000774593337,0.33101851851851855
55139003600,Census Tract 36; Winnebago County; Wisconsin,55139,4243,929,131691,41,0.5969993021632938,0.13763919821826281,0.25304136253041365,0.0219184539241103,0.9050942079553385
55139003701,Census Tract 37.01; Winnebago County; Wisconsin,55139,4086,978,61205,36.1,0.2831554878048781,0.0590486604702023,0.15913555992141454,0.10701927829955511,0.706015037593985
55139003703,Census Tract 37.03; Winnebago County; Wisconsin,55139,6028,1149,104223,43.4,0.4120293630120767,0.1915782706525233,0.3592436974789916,0.03599867285998673,0.8174640037157455
55139003704,Census Tract 37.04; Winnebago County; Wisconsin,55139,3708,1649,101830,46,0.44958438742320206,0.1854043392504931,0.43567251461988304,0.04552934722984092,0.7441540577716643
55141010100,Census Tract 101; Wood County; Wisconsin,55141,4887,697,83610,43.6,0.15161483253588515,0.1,0.375,0.0871569243662267,0.9073226544622426
55141010200,Census Tract 102; Wood County; Wisconsin,55141,4841,896,72774,42.7,0.26411609498680744,0.10553158101216163,0.291970802919708,0.09758114533801944,0.6994006454587367
55141010300,Census Tract 103; Wood County; Wisconsin,55141,3226,690,48689,40,0.15575221238938053,0.09716859716859717,0.08528784648187633,0.14201367308887508,0.5414473684210527
55141010400,Census Tract 104; Wood County; Wisconsin,55141,3352,845,71997,47.8,0.23897353648757014,0.08295964125560538,0.41254125412541254,0.05522388059701493,0.926917510853835
55141010500,Census Tract 105; Wood County; Wisconsin,55141,3383,809,57896,43.7,0.2827586206896552,0.13721918639951428,0.10983981693363844,0.13818181818181818,0.5504720406681191
55141010600,Census Tract 106; Wood County; Wisconsin,55141,4009,735,51887,41.9,0.27637200131449224,0.1337448559670782,0.232662192393736,0.11156186612576065,0.6218579234972678
55141010700,Census Tract 107; Wood County; Wisconsin,55141,4902,1106,92031,43.2,0.2848396501457726,0.12440570522979398,0.21631205673758866,0.06890168654874537,0.8351893095768375
55141010800,Census Tract 108; Wood County; Wisconsin,55141,2635,694,70667,47.5,0.17157622739018086,0.12008895478131949,0.047058823529411764,0.09066666666666667,0.8445092322643343
55141010900,Census Tract 109; Wood County; Wisconsin,55141,3965,890,78167,45.6,0.20417551309271054,0.10952623535404993,0.2084507042253521,0.08210096889342172,0.8817427385892116
55141011000,Census Tract 110; Wood County; Wisconsin,55141,5918,975,55446,37.7,0.15889029003783106,0.04987876688604087,0.12754158964879853,0.13766098155238427,0.5952380952380952
55141011100,Census Tract 111; Wood County; Wisconsin,55141,3561,587,59646,39.3,0.11677115987460818,0.08993710691823899,0.1608832807570978,0.12412046158176189,0.7695852534562212
55141011200,Census Tract 112; Wood County; Wisconsin,55141,4043,871,42386,34,0.14634146341463417,0.06996587030716724,0.30971128608923887,0.26688102893890675,0.4307228915662651
55141011300,Census Tract 113; Wood County; Wisconsin,55141,4405,770,71007,45.7,0.2652611705475142,0.11680229775011967,0.08557046979865772,0.061829211385907606,0.784790481117434
55141011400,Census Tract 114; Wood County; Wisconsin,55141,5040,1044,58637,44.7,0.22541201488569906,0.15366317792578496,0.02040816326530612,0.09229853116315999,0.5898305084745763
55141011500,Census Tract 115; Wood County; Wisconsin,55141,6292,712,104955,51,0.3251807741386644,0.060665362035225046,0.29375,0.07835346471710108,0.9379562043795621
55141011600,Census Tract 116; Wood County; Wisconsin,55141,5071,1013,74499,51,0.14711122423008394,0.09242916860195077,2.1052631578947367,0.059435661396838105,0.9738292011019284
55141011700,Census Tract 117; Wood County; Wisconsin,55141,4474,786,55000,42.5,0.1401464713715047,0.1113573407202216,0.346031746031746,0.166054203031695,0.7042417199302731
